State,District,Year,Crop,Season,Area,Production,Yield,Area_unit,Production_unit,Yield_unit,Soil_Type,Soil_Type_Share_pct,Soil_Type_Secondary,Soil_Order,Soil_Taxonomy,Soil_Texture,Soil_Depth,Soil_Drainage,Soil_pH_Class,Soil_Parent_Material,Soil_Points_Sampled
Maharashtra,Ahilyanagar,2016-2017,Arhar/Tur,Kharif,21968.0,22038.0,1.0,Hectare,Tonnes,Tonne/Hectare,Black (Regur),44.4,Saline / Alkaline,Entisols,Lithic Ustorthents,Clayey,Shallow,Well drained,Neutral,Basalt,9
Maharashtra,Ahilyanagar,2016-2017,Bajra,Kharif,146400.0,149800.0,1.02,Hectare,Tonnes,Tonne/Hectare,Black (Regur),44.4,Saline / Alkaline,Entisols,Lithic Ustorthents,Clayey,Shallow,Well drained,Neutral,Basalt,9
Maharashtra,Ahilyanagar,2016-2017,Castor seed,Kharif,30.0,10.0,0.33,Hectare,Tonnes,Tonne/Hectare,Black (Regur),44.4,Saline / Alkaline,Entisols,Lithic Ustorthents,Clayey,Shallow,Well drained,Neutral,Basalt,9
Maharashtra,Ahilyanagar,2016-2017,Cotton(lint),Kharif,132400.0,139400.0,1.05,Hectare,Bales,Bales/Hectare,Black (Regur),44.4,Saline / Alkaline,Entisols,Lithic Ustorthents,Clayey,Shallow,Well drained,Neutral,Basalt,9
Maharashtra,Ahilyanagar,2016-2017,Gram,Rabi,160100.0,130600.0,0.82,Hectare,Tonnes,Tonne/Hectare,Black (Regur),44.4,Saline / Alkaline,Entisols,Lithic Ustorthents,Clayey,Shallow,Well drained,Neutral,Basalt,9
Maharashtra,Ahilyanagar,2016-2017,Groundnut,Kharif,7000.0,5600.0,0.8,Hectare,Tonnes,Tonne/Hectare,Black (Regur),44.4,Saline / Alkaline,Entisols,Lithic Ustorthents,Clayey,Shallow,Well drained,Neutral,Basalt,9
Maharashtra,Ahilyanagar,2016-2017,Groundnut,Summer,9200.0,16300.0,1.77,Hectare,Tonnes,Tonne/Hectare,Black (Regur),44.4,Saline / Alkaline,Entisols,Lithic Ustorthents,Clayey,Shallow,Well drained,Neutral,Basalt,9
Maharashtra,Ahilyanagar,2016-2017,Jowar,Kharif,1400.0,300.0,0.21,Hectare,Tonnes,Tonne/Hectare,Black (Regur),44.4,Saline / Alkaline,Entisols,Lithic Ustorthents,Clayey,Shallow,Well drained,Neutral,Basalt,9
Maharashtra,Ahilyanagar,2016-2017,Jowar,Rabi,492800.0,245700.0,0.5,Hectare,Tonnes,Tonne/Hectare,Black (Regur),44.4,Saline / Alkaline,Entisols,Lithic Ustorthents,Clayey,Shallow,Well drained,Neutral,Basalt,9
Maharashtra,Ahilyanagar,2016-2017,Maize,Kharif,22000.0,68700.0,3.12,Hectare,Tonnes,Tonne/Hectare,Black (Regur),44.4,Saline / Alkaline,Entisols,Lithic Ustorthents,Clayey,Shallow,Well drained,Neutral,Basalt,9
Maharashtra,Ahilyanagar,2016-2017,Maize,Rabi,44400.0,172400.0,3.88,Hectare,Tonnes,Tonne/Hectare,Black (Regur),44.4,Saline / Alkaline,Entisols,Lithic Ustorthents,Clayey,Shallow,Well drained,Neutral,Basalt,9
Maharashtra,Ahilyanagar,2016-2017,Maize,Summer,1600.0,4300.0,2.69,Hectare,Tonnes,Tonne/Hectare,Black (Regur),44.4,Saline / Alkaline,Entisols,Lithic Ustorthents,Clayey,Shallow,Well drained,Neutral,Basalt,9
Maharashtra,Ahilyanagar,2016-2017,Moong(Green Gram),Kharif,45231.0,21417.0,0.47,Hectare,Tonnes,Tonne/Hectare,Black (Regur),44.4,Saline / Alkaline,Entisols,Lithic Ustorthents,Clayey,Shallow,Well drained,Neutral,Basalt,9
Maharashtra,Ahilyanagar,2016-2017,Niger seed,Kharif,386.0,65.0,0.17,Hectare,Tonnes,Tonne/Hectare,Black (Regur),44.4,Saline / Alkaline,Entisols,Lithic Ustorthents,Clayey,Shallow,Well drained,Neutral,Basalt,9
Maharashtra,Ahilyanagar,2016-2017,Other Cereals,Kharif,1500.0,300.0,0.2,Hectare,Tonnes,Tonne/Hectare,Black (Regur),44.4,Saline / Alkaline,Entisols,Lithic Ustorthents,Clayey,Shallow,Well drained,Neutral,Basalt,9
Maharashtra,Ahilyanagar,2016-2017,Other Cereals,Rabi,200.0,100.0,0.5,Hectare,Tonnes,Tonne/Hectare,Black (Regur),44.4,Saline / Alkaline,Entisols,Lithic Ustorthents,Clayey,Shallow,Well drained,Neutral,Basalt,9
Maharashtra,Ahilyanagar,2016-2017,Other Cereals,Summer,60.0,100.0,1.67,Hectare,Tonnes,Tonne/Hectare,Black (Regur),44.4,Saline / Alkaline,Entisols,Lithic Ustorthents,Clayey,Shallow,Well drained,Neutral,Basalt,9
Maharashtra,Ahilyanagar,2016-2017,Other Kharif pulses,Kharif,4700.0,2800.0,0.6,Hectare,Tonnes,Tonne/Hectare,Black (Regur),44.4,Saline / Alkaline,Entisols,Lithic Ustorthents,Clayey,Shallow,Well drained,Neutral,Basalt,9
Maharashtra,Ahilyanagar,2016-2017,Other Rabi pulses,Rabi,1100.0,200.0,0.18,Hectare,Tonnes,Tonne/Hectare,Black (Regur),44.4,Saline / Alkaline,Entisols,Lithic Ustorthents,Clayey,Shallow,Well drained,Neutral,Basalt,9
Maharashtra,Ahilyanagar,2016-2017,Other Summer Pulses,Summer,100.0,100.0,1.0,Hectare,Tonnes,Tonne/Hectare,Black (Regur),44.4,Saline / Alkaline,Entisols,Lithic Ustorthents,Clayey,Shallow,Well drained,Neutral,Basalt,9
Maharashtra,Ahilyanagar,2016-2017,Ragi,Kharif,100.0,100.0,1.0,Hectare,Tonnes,Tonne/Hectare,Black (Regur),44.4,Saline / Alkaline,Entisols,Lithic Ustorthents,Clayey,Shallow,Well drained,Neutral,Basalt,9
Maharashtra,Ahilyanagar,2016-2017,Rapeseed &Mustard,Rabi,13.0,2.0,0.15,Hectare,Tonnes,Tonne/Hectare,Black (Regur),44.4,Saline / Alkaline,Entisols,Lithic Ustorthents,Clayey,Shallow,Well drained,Neutral,Basalt,9
Maharashtra,Ahilyanagar,2016-2017,Rice,Kharif,15000.0,26200.0,1.75,Hectare,Tonnes,Tonne/Hectare,Black (Regur),44.4,Saline / Alkaline,Entisols,Lithic Ustorthents,Clayey,Shallow,Well drained,Neutral,Basalt,9
Maharashtra,Ahilyanagar,2016-2017,Safflower,Rabi,400.0,30.0,0.08,Hectare,Tonnes,Tonne/Hectare,Black (Regur),44.4,Saline / Alkaline,Entisols,Lithic Ustorthents,Clayey,Shallow,Well drained,Neutral,Basalt,9
Maharashtra,Ahilyanagar,2016-2017,Sesamum,Kharif,103.0,27.0,0.26,Hectare,Tonnes,Tonne/Hectare,Black (Regur),44.4,Saline / Alkaline,Entisols,Lithic Ustorthents,Clayey,Shallow,Well drained,Neutral,Basalt,9
Maharashtra,Ahilyanagar,2016-2017,Sesamum,Summer,121.0,20.0,0.17,Hectare,Tonnes,Tonne/Hectare,Black (Regur),44.4,Saline / Alkaline,Entisols,Lithic Ustorthents,Clayey,Shallow,Well drained,Neutral,Basalt,9
Maharashtra,Ahilyanagar,2016-2017,Soyabean,Kharif,52000.0,41700.0,0.8,Hectare,Tonnes,Tonne/Hectare,Black (Regur),44.4,Saline / Alkaline,Entisols,Lithic Ustorthents,Clayey,Shallow,Well drained,Neutral,Basalt,9
Maharashtra,Ahilyanagar,2016-2017,Sugarcane,Whole Year,60972.0,4181400.0,68.58,Hectare,Tonnes,Tonne/Hectare,Black (Regur),44.4,Saline / Alkaline,Entisols,Lithic Ustorthents,Clayey,Shallow,Well drained,Neutral,Basalt,9
Maharashtra,Ahilyanagar,2016-2017,Sunflower,Kharif,423.0,351.0,0.83,Hectare,Tonnes,Tonne/Hectare,Black (Regur),44.4,Saline / Alkaline,Entisols,Lithic Ustorthents,Clayey,Shallow,Well drained,Neutral,Basalt,9
Maharashtra,Ahilyanagar,2016-2017,Sunflower,Rabi,50.0,40.0,0.8,Hectare,Tonnes,Tonne/Hectare,Black (Regur),44.4,Saline / Alkaline,Entisols,Lithic Ustorthents,Clayey,Shallow,Well drained,Neutral,Basalt,9
Maharashtra,Ahilyanagar,2016-2017,Urad,Kharif,18263.0,8142.0,0.45,Hectare,Tonnes,Tonne/Hectare,Black (Regur),44.4,Saline / Alkaline,Entisols,Lithic Ustorthents,Clayey,Shallow,Well drained,Neutral,Basalt,9
Maharashtra,Ahilyanagar,2016-2017,Wheat,Rabi,60000.0,127200.0,2.12,Hectare,Tonnes,Tonne/Hectare,Black (Regur),44.4,Saline / Alkaline,Entisols,Lithic Ustorthents,Clayey,Shallow,Well drained,Neutral,Basalt,9
Maharashtra,Akola,2016-2017,Arhar/Tur,Kharif,59920.0,142043.0,2.37,Hectare,Tonnes,Tonne/Hectare,Black (Regur),100.0,,Vertisols,Chromic Haplusterts,Clayey,Very deep,Moderately well drained,Slightly alkaline,Alluvium,9
Maharashtra,Akola,2016-2017,Bajra,Kharif,100.0,36.0,0.36,Hectare,Tonnes,Tonne/Hectare,Black (Regur),100.0,,Vertisols,Chromic Haplusterts,Clayey,Very deep,Moderately well drained,Slightly alkaline,Alluvium,9
Maharashtra,Akola,2016-2017,Cotton(lint),Kharif,155100.0,442700.0,2.85,Hectare,Bales,Bales/Hectare,Black (Regur),100.0,,Vertisols,Chromic Haplusterts,Clayey,Very deep,Moderately well drained,Slightly alkaline,Alluvium,9
Maharashtra,Akola,2016-2017,Gram,Rabi,105600.0,109200.0,1.03,Hectare,Tonnes,Tonne/Hectare,Black (Regur),100.0,,Vertisols,Chromic Haplusterts,Clayey,Very deep,Moderately well drained,Slightly alkaline,Alluvium,9
Maharashtra,Akola,2016-2017,Groundnut,Summer,3900.0,5500.0,1.41,Hectare,Tonnes,Tonne/Hectare,Black (Regur),100.0,,Vertisols,Chromic Haplusterts,Clayey,Very deep,Moderately well drained,Slightly alkaline,Alluvium,9
Maharashtra,Akola,2016-2017,Jowar,Kharif,11300.0,16700.0,1.48,Hectare,Tonnes,Tonne/Hectare,Black (Regur),100.0,,Vertisols,Chromic Haplusterts,Clayey,Very deep,Moderately well drained,Slightly alkaline,Alluvium,9
Maharashtra,Akola,2016-2017,Jowar,Rabi,100.0,100.0,1.0,Hectare,Tonnes,Tonne/Hectare,Black (Regur),100.0,,Vertisols,Chromic Haplusterts,Clayey,Very deep,Moderately well drained,Slightly alkaline,Alluvium,9
Maharashtra,Akola,2016-2017,Maize,Kharif,100.0,200.0,2.0,Hectare,Tonnes,Tonne/Hectare,Black (Regur),100.0,,Vertisols,Chromic Haplusterts,Clayey,Very deep,Moderately well drained,Slightly alkaline,Alluvium,9
Maharashtra,Akola,2016-2017,Maize,Rabi,100.0,100.0,1.0,Hectare,Tonnes,Tonne/Hectare,Black (Regur),100.0,,Vertisols,Chromic Haplusterts,Clayey,Very deep,Moderately well drained,Slightly alkaline,Alluvium,9
Maharashtra,Akola,2016-2017,Maize,Summer,100.0,100.0,1.0,Hectare,Tonnes,Tonne/Hectare,Black (Regur),100.0,,Vertisols,Chromic Haplusterts,Clayey,Very deep,Moderately well drained,Slightly alkaline,Alluvium,9
Maharashtra,Akola,2016-2017,Moong(Green Gram),Kharif,22862.0,19986.0,0.87,Hectare,Tonnes,Tonne/Hectare,Black (Regur),100.0,,Vertisols,Chromic Haplusterts,Clayey,Very deep,Moderately well drained,Slightly alkaline,Alluvium,9
Maharashtra,Akola,2016-2017,Other Cereals,Kharif,200.0,100.0,0.5,Hectare,Tonnes,Tonne/Hectare,Black (Regur),100.0,,Vertisols,Chromic Haplusterts,Clayey,Very deep,Moderately well drained,Slightly alkaline,Alluvium,9
Maharashtra,Akola,2016-2017,Rapeseed &Mustard,Rabi,100.0,40.0,0.4,Hectare,Tonnes,Tonne/Hectare,Black (Regur),100.0,,Vertisols,Chromic Haplusterts,Clayey,Very deep,Moderately well drained,Slightly alkaline,Alluvium,9
Maharashtra,Akola,2016-2017,Safflower,Rabi,400.0,200.0,0.5,Hectare,Tonnes,Tonne/Hectare,Black (Regur),100.0,,Vertisols,Chromic Haplusterts,Clayey,Very deep,Moderately well drained,Slightly alkaline,Alluvium,9
Maharashtra,Akola,2016-2017,Sesamum,Kharif,1099.0,263.0,0.24,Hectare,Tonnes,Tonne/Hectare,Black (Regur),100.0,,Vertisols,Chromic Haplusterts,Clayey,Very deep,Moderately well drained,Slightly alkaline,Alluvium,9
Maharashtra,Akola,2016-2017,Soyabean,Kharif,216600.0,305700.0,1.41,Hectare,Tonnes,Tonne/Hectare,Black (Regur),100.0,,Vertisols,Chromic Haplusterts,Clayey,Very deep,Moderately well drained,Slightly alkaline,Alluvium,9
Maharashtra,Akola,2016-2017,Sugarcane,Whole Year,65.0,3700.0,56.92,Hectare,Tonnes,Tonne/Hectare,Black (Regur),100.0,,Vertisols,Chromic Haplusterts,Clayey,Very deep,Moderately well drained,Slightly alkaline,Alluvium,9
Maharashtra,Akola,2016-2017,Sunflower,Rabi,40.0,34.0,0.85,Hectare,Tonnes,Tonne/Hectare,Black (Regur),100.0,,Vertisols,Chromic Haplusterts,Clayey,Very deep,Moderately well drained,Slightly alkaline,Alluvium,9
Maharashtra,Akola,2016-2017,Urad,Kharif,13594.0,12012.0,0.88,Hectare,Tonnes,Tonne/Hectare,Black (Regur),100.0,,Vertisols,Chromic Haplusterts,Clayey,Very deep,Moderately well drained,Slightly alkaline,Alluvium,9
Maharashtra,Akola,2016-2017,Wheat,Rabi,16700.0,27500.0,1.65,Hectare,Tonnes,Tonne/Hectare,Black (Regur),100.0,,Vertisols,Chromic Haplusterts,Clayey,Very deep,Moderately well drained,Slightly alkaline,Alluvium,9
Maharashtra,Amravati,2016-2017,Arhar/Tur,Kharif,122612.0,146932.0,1.2,Hectare,Tonnes,Tonne/Hectare,Black (Regur),88.9,Saline / Alkaline,Vertisols,Chromic Haplusterts,Clayey,Very deep,Moderately well drained,Slightly alkaline,Alluvium,9
Maharashtra,Amravati,2016-2017,Castor seed,Kharif,100.0,50.0,0.5,Hectare,Tonnes,Tonne/Hectare,Black (Regur),88.9,Saline / Alkaline,Vertisols,Chromic Haplusterts,Clayey,Very deep,Moderately well drained,Slightly alkaline,Alluvium,9
Maharashtra,Amravati,2016-2017,Cotton(lint),Kharif,200300.0,804000.0,4.01,Hectare,Bales,Bales/Hectare,Black (Regur),88.9,Saline / Alkaline,Vertisols,Chromic Haplusterts,Clayey,Very deep,Moderately well drained,Slightly alkaline,Alluvium,9
Maharashtra,Amravati,2016-2017,Gram,Rabi,133700.0,164200.0,1.23,Hectare,Tonnes,Tonne/Hectare,Black (Regur),88.9,Saline / Alkaline,Vertisols,Chromic Haplusterts,Clayey,Very deep,Moderately well drained,Slightly alkaline,Alluvium,9
Maharashtra,Amravati,2016-2017,Groundnut,Kharif,1200.0,1200.0,1.0,Hectare,Tonnes,Tonne/Hectare,Black (Regur),88.9,Saline / Alkaline,Vertisols,Chromic Haplusterts,Clayey,Very deep,Moderately well drained,Slightly alkaline,Alluvium,9
Maharashtra,Amravati,2016-2017,Groundnut,Summer,3400.0,4900.0,1.44,Hectare,Tonnes,Tonne/Hectare,Black (Regur),88.9,Saline / Alkaline,Vertisols,Chromic Haplusterts,Clayey,Very deep,Moderately well drained,Slightly alkaline,Alluvium,9
Maharashtra,Amravati,2016-2017,Jowar,Kharif,23900.0,29400.0,1.23,Hectare,Tonnes,Tonne/Hectare,Black (Regur),88.9,Saline / Alkaline,Vertisols,Chromic Haplusterts,Clayey,Very deep,Moderately well drained,Slightly alkaline,Alluvium,9
Maharashtra,Amravati,2016-2017,Maize,Kharif,1000.0,2700.0,2.7,Hectare,Tonnes,Tonne/Hectare,Black (Regur),88.9,Saline / Alkaline,Vertisols,Chromic Haplusterts,Clayey,Very deep,Moderately well drained,Slightly alkaline,Alluvium,9
Maharashtra,Amravati,2016-2017,Maize,Rabi,1200.0,2000.0,1.67,Hectare,Tonnes,Tonne/Hectare,Black (Regur),88.9,Saline / Alkaline,Vertisols,Chromic Haplusterts,Clayey,Very deep,Moderately well drained,Slightly alkaline,Alluvium,9
Maharashtra,Amravati,2016-2017,Moong(Green Gram),Kharif,29733.0,22336.0,0.75,Hectare,Tonnes,Tonne/Hectare,Black (Regur),88.9,Saline / Alkaline,Vertisols,Chromic Haplusterts,Clayey,Very deep,Moderately well drained,Slightly alkaline,Alluvium,9
Maharashtra,Amravati,2016-2017,Other Cereals,Kharif,500.0,200.0,0.4,Hectare,Tonnes,Tonne/Hectare,Black (Regur),88.9,Saline / Alkaline,Vertisols,Chromic Haplusterts,Clayey,Very deep,Moderately well drained,Slightly alkaline,Alluvium,9
Maharashtra,Amravati,2016-2017,Other Kharif pulses,Kharif,400.0,200.0,0.5,Hectare,Tonnes,Tonne/Hectare,Black (Regur),88.9,Saline / Alkaline,Vertisols,Chromic Haplusterts,Clayey,Very deep,Moderately well drained,Slightly alkaline,Alluvium,9
Maharashtra,Amravati,2016-2017,Other Summer Pulses,Summer,400.0,200.0,0.5,Hectare,Tonnes,Tonne/Hectare,Black (Regur),88.9,Saline / Alkaline,Vertisols,Chromic Haplusterts,Clayey,Very deep,Moderately well drained,Slightly alkaline,Alluvium,9
Maharashtra,Amravati,2016-2017,Rice,Kharif,6900.0,4600.0,0.67,Hectare,Tonnes,Tonne/Hectare,Black (Regur),88.9,Saline / Alkaline,Vertisols,Chromic Haplusterts,Clayey,Very deep,Moderately well drained,Slightly alkaline,Alluvium,9
Maharashtra,Amravati,2016-2017,Sesamum,Kharif,36.0,10.0,0.28,Hectare,Tonnes,Tonne/Hectare,Black (Regur),88.9,Saline / Alkaline,Vertisols,Chromic Haplusterts,Clayey,Very deep,Moderately well drained,Slightly alkaline,Alluvium,9
Maharashtra,Amravati,2016-2017,Sesamum,Summer,40.0,10.0,0.25,Hectare,Tonnes,Tonne/Hectare,Black (Regur),88.9,Saline / Alkaline,Vertisols,Chromic Haplusterts,Clayey,Very deep,Moderately well drained,Slightly alkaline,Alluvium,9
Maharashtra,Amravati,2016-2017,Soyabean,Kharif,362900.0,483400.0,1.33,Hectare,Tonnes,Tonne/Hectare,Black (Regur),88.9,Saline / Alkaline,Vertisols,Chromic Haplusterts,Clayey,Very deep,Moderately well drained,Slightly alkaline,Alluvium,9
Maharashtra,Amravati,2016-2017,Sugarcane,Whole Year,430.0,11800.0,27.44,Hectare,Tonnes,Tonne/Hectare,Black (Regur),88.9,Saline / Alkaline,Vertisols,Chromic Haplusterts,Clayey,Very deep,Moderately well drained,Slightly alkaline,Alluvium,9
Maharashtra,Amravati,2016-2017,Sunflower,Kharif,55.0,13.0,0.24,Hectare,Tonnes,Tonne/Hectare,Black (Regur),88.9,Saline / Alkaline,Vertisols,Chromic Haplusterts,Clayey,Very deep,Moderately well drained,Slightly alkaline,Alluvium,9
Maharashtra,Amravati,2016-2017,Urad,Kharif,12643.0,6778.0,0.54,Hectare,Tonnes,Tonne/Hectare,Black (Regur),88.9,Saline / Alkaline,Vertisols,Chromic Haplusterts,Clayey,Very deep,Moderately well drained,Slightly alkaline,Alluvium,9
Maharashtra,Amravati,2016-2017,Wheat,Rabi,73600.0,111900.0,1.52,Hectare,Tonnes,Tonne/Hectare,Black (Regur),88.9,Saline / Alkaline,Vertisols,Chromic Haplusterts,Clayey,Very deep,Moderately well drained,Slightly alkaline,Alluvium,9
Maharashtra,Beed,2016-2017,Arhar/Tur,Kharif,89190.0,81624.0,0.92,Hectare,Tonnes,Tonne/Hectare,Black (Regur),88.9,Saline / Alkaline,Entisols,Lithic Ustorthents,Clayey,Shallow,Well drained,Neutral,Basalt,9
Maharashtra,Beed,2016-2017,Bajra,Kharif,144700.0,93090.0,0.64,Hectare,Tonnes,Tonne/Hectare,Black (Regur),88.9,Saline / Alkaline,Entisols,Lithic Ustorthents,Clayey,Shallow,Well drained,Neutral,Basalt,9
Maharashtra,Beed,2016-2017,Castor seed,Kharif,100.0,40.0,0.4,Hectare,Tonnes,Tonne/Hectare,Black (Regur),88.9,Saline / Alkaline,Entisols,Lithic Ustorthents,Clayey,Shallow,Well drained,Neutral,Basalt,9
Maharashtra,Beed,2016-2017,Cotton(lint),Kharif,341400.0,476940.0,1.4,Hectare,Bales,Bales/Hectare,Black (Regur),88.9,Saline / Alkaline,Entisols,Lithic Ustorthents,Clayey,Shallow,Well drained,Neutral,Basalt,9
Maharashtra,Beed,2016-2017,Gram,Rabi,118200.0,100900.0,0.85,Hectare,Tonnes,Tonne/Hectare,Black (Regur),88.9,Saline / Alkaline,Entisols,Lithic Ustorthents,Clayey,Shallow,Well drained,Neutral,Basalt,9
Maharashtra,Beed,2016-2017,Groundnut,Kharif,26400.0,8840.0,0.33,Hectare,Tonnes,Tonne/Hectare,Black (Regur),88.9,Saline / Alkaline,Entisols,Lithic Ustorthents,Clayey,Shallow,Well drained,Neutral,Basalt,9
Maharashtra,Beed,2016-2017,Groundnut,Summer,2100.0,2300.0,1.1,Hectare,Tonnes,Tonne/Hectare,Black (Regur),88.9,Saline / Alkaline,Entisols,Lithic Ustorthents,Clayey,Shallow,Well drained,Neutral,Basalt,9
Maharashtra,Beed,2016-2017,Jowar,Kharif,19000.0,5640.0,0.3,Hectare,Tonnes,Tonne/Hectare,Black (Regur),88.9,Saline / Alkaline,Entisols,Lithic Ustorthents,Clayey,Shallow,Well drained,Neutral,Basalt,9
Maharashtra,Beed,2016-2017,Jowar,Rabi,449800.0,237470.0,0.53,Hectare,Tonnes,Tonne/Hectare,Black (Regur),88.9,Saline / Alkaline,Entisols,Lithic Ustorthents,Clayey,Shallow,Well drained,Neutral,Basalt,9
Maharashtra,Beed,2016-2017,Linseed,Rabi,760.0,390.0,0.51,Hectare,Tonnes,Tonne/Hectare,Black (Regur),88.9,Saline / Alkaline,Entisols,Lithic Ustorthents,Clayey,Shallow,Well drained,Neutral,Basalt,9
Maharashtra,Beed,2016-2017,Maize,Kharif,9600.0,7830.0,0.82,Hectare,Tonnes,Tonne/Hectare,Black (Regur),88.9,Saline / Alkaline,Entisols,Lithic Ustorthents,Clayey,Shallow,Well drained,Neutral,Basalt,9
Maharashtra,Beed,2016-2017,Maize,Rabi,31300.0,72440.0,2.31,Hectare,Tonnes,Tonne/Hectare,Black (Regur),88.9,Saline / Alkaline,Entisols,Lithic Ustorthents,Clayey,Shallow,Well drained,Neutral,Basalt,9
Maharashtra,Beed,2016-2017,Maize,Summer,1300.0,2160.0,1.66,Hectare,Tonnes,Tonne/Hectare,Black (Regur),88.9,Saline / Alkaline,Entisols,Lithic Ustorthents,Clayey,Shallow,Well drained,Neutral,Basalt,9
Maharashtra,Beed,2016-2017,Moong(Green Gram),Kharif,7973.0,4269.0,0.54,Hectare,Tonnes,Tonne/Hectare,Black (Regur),88.9,Saline / Alkaline,Entisols,Lithic Ustorthents,Clayey,Shallow,Well drained,Neutral,Basalt,9
Maharashtra,Beed,2016-2017,Niger seed,Kharif,658.0,108.0,0.16,Hectare,Tonnes,Tonne/Hectare,Black (Regur),88.9,Saline / Alkaline,Entisols,Lithic Ustorthents,Clayey,Shallow,Well drained,Neutral,Basalt,9
Maharashtra,Beed,2016-2017,Other Cereals,Kharif,500.0,300.0,0.6,Hectare,Tonnes,Tonne/Hectare,Black (Regur),88.9,Saline / Alkaline,Entisols,Lithic Ustorthents,Clayey,Shallow,Well drained,Neutral,Basalt,9
Maharashtra,Beed,2016-2017,Other Cereals,Summer,3800.0,6000.0,1.58,Hectare,Tonnes,Tonne/Hectare,Black (Regur),88.9,Saline / Alkaline,Entisols,Lithic Ustorthents,Clayey,Shallow,Well drained,Neutral,Basalt,9
Maharashtra,Beed,2016-2017,Other Kharif pulses,Kharif,1400.0,610.0,0.44,Hectare,Tonnes,Tonne/Hectare,Black (Regur),88.9,Saline / Alkaline,Entisols,Lithic Ustorthents,Clayey,Shallow,Well drained,Neutral,Basalt,9
Maharashtra,Beed,2016-2017,Other Rabi pulses,Rabi,40.0,20.0,0.5,Hectare,Tonnes,Tonne/Hectare,Black (Regur),88.9,Saline / Alkaline,Entisols,Lithic Ustorthents,Clayey,Shallow,Well drained,Neutral,Basalt,9
Maharashtra,Beed,2016-2017,Rapeseed &Mustard,Rabi,100.0,40.0,0.4,Hectare,Tonnes,Tonne/Hectare,Black (Regur),88.9,Saline / Alkaline,Entisols,Lithic Ustorthents,Clayey,Shallow,Well drained,Neutral,Basalt,9
Maharashtra,Beed,2016-2017,Rice,Kharif,100.0,70.0,0.7,Hectare,Tonnes,Tonne/Hectare,Black (Regur),88.9,Saline / Alkaline,Entisols,Lithic Ustorthents,Clayey,Shallow,Well drained,Neutral,Basalt,9
Maharashtra,Beed,2016-2017,Safflower,Rabi,3800.0,2580.0,0.68,Hectare,Tonnes,Tonne/Hectare,Black (Regur),88.9,Saline / Alkaline,Entisols,Lithic Ustorthents,Clayey,Shallow,Well drained,Neutral,Basalt,9
Maharashtra,Beed,2016-2017,Sesamum,Kharif,5580.0,1021.0,0.18,Hectare,Tonnes,Tonne/Hectare,Black (Regur),88.9,Saline / Alkaline,Entisols,Lithic Ustorthents,Clayey,Shallow,Well drained,Neutral,Basalt,9
Maharashtra,Beed,2016-2017,Sesamum,Rabi,90.0,20.0,0.22,Hectare,Tonnes,Tonne/Hectare,Black (Regur),88.9,Saline / Alkaline,Entisols,Lithic Ustorthents,Clayey,Shallow,Well drained,Neutral,Basalt,9
Maharashtra,Beed,2016-2017,Soyabean,Kharif,169200.0,132350.0,0.78,Hectare,Tonnes,Tonne/Hectare,Black (Regur),88.9,Saline / Alkaline,Entisols,Lithic Ustorthents,Clayey,Shallow,Well drained,Neutral,Basalt,9
Maharashtra,Beed,2016-2017,Sugarcane,Whole Year,12292.0,495900.0,40.34,Hectare,Tonnes,Tonne/Hectare,Black (Regur),88.9,Saline / Alkaline,Entisols,Lithic Ustorthents,Clayey,Shallow,Well drained,Neutral,Basalt,9
Maharashtra,Beed,2016-2017,Sunflower,Kharif,782.0,48.0,0.06,Hectare,Tonnes,Tonne/Hectare,Black (Regur),88.9,Saline / Alkaline,Entisols,Lithic Ustorthents,Clayey,Shallow,Well drained,Neutral,Basalt,9
Maharashtra,Beed,2016-2017,Sunflower,Rabi,100.0,100.0,1.0,Hectare,Tonnes,Tonne/Hectare,Black (Regur),88.9,Saline / Alkaline,Entisols,Lithic Ustorthents,Clayey,Shallow,Well drained,Neutral,Basalt,9
Maharashtra,Beed,2016-2017,Urad,Kharif,23554.0,11786.0,0.5,Hectare,Tonnes,Tonne/Hectare,Black (Regur),88.9,Saline / Alkaline,Entisols,Lithic Ustorthents,Clayey,Shallow,Well drained,Neutral,Basalt,9
Maharashtra,Beed,2016-2017,Wheat,Rabi,47200.0,79430.0,1.68,Hectare,Tonnes,Tonne/Hectare,Black (Regur),88.9,Saline / Alkaline,Entisols,Lithic Ustorthents,Clayey,Shallow,Well drained,Neutral,Basalt,9
Maharashtra,Bhandara,2016-2017,Arhar/Tur,Kharif,11824.0,22988.0,1.94,Hectare,Tonnes,Tonne/Hectare,Alluvial,55.6,Black (Regur),Inceptisols,Typic Haplustepts,Loamy,Very deep,Well drained,Slightly acidic,Alluvium,9
Maharashtra,Bhandara,2016-2017,Gram,Rabi,11000.0,7400.0,0.67,Hectare,Tonnes,Tonne/Hectare,Alluvial,55.6,Black (Regur),Inceptisols,Typic Haplustepts,Loamy,Very deep,Well drained,Slightly acidic,Alluvium,9
Maharashtra,Bhandara,2016-2017,Groundnut,Summer,10.0,5.0,0.5,Hectare,Tonnes,Tonne/Hectare,Alluvial,55.6,Black (Regur),Inceptisols,Typic Haplustepts,Loamy,Very deep,Well drained,Slightly acidic,Alluvium,9
Maharashtra,Bhandara,2016-2017,Linseed,Rabi,4400.0,700.0,0.16,Hectare,Tonnes,Tonne/Hectare,Alluvial,55.6,Black (Regur),Inceptisols,Typic Haplustepts,Loamy,Very deep,Well drained,Slightly acidic,Alluvium,9
Maharashtra,Bhandara,2016-2017,Maize,Kharif,10.0,17.0,1.7,Hectare,Tonnes,Tonne/Hectare,Alluvial,55.6,Black (Regur),Inceptisols,Typic Haplustepts,Loamy,Very deep,Well drained,Slightly acidic,Alluvium,9
Maharashtra,Bhandara,2016-2017,Maize,Summer,300.0,500.0,1.67,Hectare,Tonnes,Tonne/Hectare,Alluvial,55.6,Black (Regur),Inceptisols,Typic Haplustepts,Loamy,Very deep,Well drained,Slightly acidic,Alluvium,9
Maharashtra,Bhandara,2016-2017,Moong(Green Gram),Kharif,107.0,32.0,0.3,Hectare,Tonnes,Tonne/Hectare,Alluvial,55.6,Black (Regur),Inceptisols,Typic Haplustepts,Loamy,Very deep,Well drained,Slightly acidic,Alluvium,9
Maharashtra,Bhandara,2016-2017,Other Kharif pulses,Kharif,40.0,20.0,0.5,Hectare,Tonnes,Tonne/Hectare,Alluvial,55.6,Black (Regur),Inceptisols,Typic Haplustepts,Loamy,Very deep,Well drained,Slightly acidic,Alluvium,9
Maharashtra,Bhandara,2016-2017,Other Rabi pulses,Rabi,19300.0,11600.0,0.6,Hectare,Tonnes,Tonne/Hectare,Alluvial,55.6,Black (Regur),Inceptisols,Typic Haplustepts,Loamy,Very deep,Well drained,Slightly acidic,Alluvium,9
Maharashtra,Bhandara,2016-2017,Other Summer Pulses,Summer,100.0,50.0,0.5,Hectare,Tonnes,Tonne/Hectare,Alluvial,55.6,Black (Regur),Inceptisols,Typic Haplustepts,Loamy,Very deep,Well drained,Slightly acidic,Alluvium,9
Maharashtra,Bhandara,2016-2017,Rapeseed &Mustard,Rabi,200.0,100.0,0.5,Hectare,Tonnes,Tonne/Hectare,Alluvial,55.6,Black (Regur),Inceptisols,Typic Haplustepts,Loamy,Very deep,Well drained,Slightly acidic,Alluvium,9
Maharashtra,Bhandara,2016-2017,Rice,Kharif,168400.0,346800.0,2.06,Hectare,Tonnes,Tonne/Hectare,Alluvial,55.6,Black (Regur),Inceptisols,Typic Haplustepts,Loamy,Very deep,Well drained,Slightly acidic,Alluvium,9
Maharashtra,Bhandara,2016-2017,Rice,Summer,14000.0,31600.0,2.26,Hectare,Tonnes,Tonne/Hectare,Alluvial,55.6,Black (Regur),Inceptisols,Typic Haplustepts,Loamy,Very deep,Well drained,Slightly acidic,Alluvium,9
Maharashtra,Bhandara,2016-2017,Sesamum,Kharif,526.0,144.0,0.27,Hectare,Tonnes,Tonne/Hectare,Alluvial,55.6,Black (Regur),Inceptisols,Typic Haplustepts,Loamy,Very deep,Well drained,Slightly acidic,Alluvium,9
Maharashtra,Bhandara,2016-2017,Sesamum,Rabi,30.0,10.0,0.33,Hectare,Tonnes,Tonne/Hectare,Alluvial,55.6,Black (Regur),Inceptisols,Typic Haplustepts,Loamy,Very deep,Well drained,Slightly acidic,Alluvium,9
Maharashtra,Bhandara,2016-2017,Sesamum,Summer,30.0,5.0,0.17,Hectare,Tonnes,Tonne/Hectare,Alluvial,55.6,Black (Regur),Inceptisols,Typic Haplustepts,Loamy,Very deep,Well drained,Slightly acidic,Alluvium,9
Maharashtra,Bhandara,2016-2017,Soyabean,Kharif,11800.0,13300.0,1.13,Hectare,Tonnes,Tonne/Hectare,Alluvial,55.6,Black (Regur),Inceptisols,Typic Haplustepts,Loamy,Very deep,Well drained,Slightly acidic,Alluvium,9
Maharashtra,Bhandara,2016-2017,Sugarcane,Whole Year,4210.0,285300.0,67.77,Hectare,Tonnes,Tonne/Hectare,Alluvial,55.6,Black (Regur),Inceptisols,Typic Haplustepts,Loamy,Very deep,Well drained,Slightly acidic,Alluvium,9
Maharashtra,Bhandara,2016-2017,Sunflower,Rabi,400.0,100.0,0.25,Hectare,Tonnes,Tonne/Hectare,Alluvial,55.6,Black (Regur),Inceptisols,Typic Haplustepts,Loamy,Very deep,Well drained,Slightly acidic,Alluvium,9
Maharashtra,Bhandara,2016-2017,Urad,Kharif,49.0,21.0,0.43,Hectare,Tonnes,Tonne/Hectare,Alluvial,55.6,Black (Regur),Inceptisols,Typic Haplustepts,Loamy,Very deep,Well drained,Slightly acidic,Alluvium,9
Maharashtra,Bhandara,2016-2017,Wheat,Rabi,10900.0,13800.0,1.27,Hectare,Tonnes,Tonne/Hectare,Alluvial,55.6,Black (Regur),Inceptisols,Typic Haplustepts,Loamy,Very deep,Well drained,Slightly acidic,Alluvium,9
Maharashtra,Buldhana,2016-2017,Arhar/Tur,Kharif,77864.0,64484.0,0.83,Hectare,Tonnes,Tonne/Hectare,Black (Regur),100.0,,Entisols,Lithic Ustorthents,Loamy,Shallow,Well drained,Neutral,Basalt,9
Maharashtra,Buldhana,2016-2017,Bajra,Kharif,2090.0,700.0,0.33,Hectare,Tonnes,Tonne/Hectare,Black (Regur),100.0,,Entisols,Lithic Ustorthents,Loamy,Shallow,Well drained,Neutral,Basalt,9
Maharashtra,Buldhana,2016-2017,Castor seed,Kharif,100.0,100.0,1.0,Hectare,Tonnes,Tonne/Hectare,Black (Regur),100.0,,Entisols,Lithic Ustorthents,Loamy,Shallow,Well drained,Neutral,Basalt,9
Maharashtra,Buldhana,2016-2017,Cotton(lint),Kharif,169550.0,516600.0,3.05,Hectare,Bales,Bales/Hectare,Black (Regur),100.0,,Entisols,Lithic Ustorthents,Loamy,Shallow,Well drained,Neutral,Basalt,9
Maharashtra,Buldhana,2016-2017,Gram,Rabi,70100.0,78400.0,1.12,Hectare,Tonnes,Tonne/Hectare,Black (Regur),100.0,,Entisols,Lithic Ustorthents,Loamy,Shallow,Well drained,Neutral,Basalt,9
Maharashtra,Buldhana,2016-2017,Groundnut,Kharif,970.0,900.0,0.93,Hectare,Tonnes,Tonne/Hectare,Black (Regur),100.0,,Entisols,Lithic Ustorthents,Loamy,Shallow,Well drained,Neutral,Basalt,9
Maharashtra,Buldhana,2016-2017,Groundnut,Summer,4100.0,4800.0,1.17,Hectare,Tonnes,Tonne/Hectare,Black (Regur),100.0,,Entisols,Lithic Ustorthents,Loamy,Shallow,Well drained,Neutral,Basalt,9
Maharashtra,Buldhana,2016-2017,Jowar,Kharif,22460.0,32100.0,1.43,Hectare,Tonnes,Tonne/Hectare,Black (Regur),100.0,,Entisols,Lithic Ustorthents,Loamy,Shallow,Well drained,Neutral,Basalt,9
Maharashtra,Buldhana,2016-2017,Jowar,Rabi,13350.0,15500.0,1.16,Hectare,Tonnes,Tonne/Hectare,Black (Regur),100.0,,Entisols,Lithic Ustorthents,Loamy,Shallow,Well drained,Neutral,Basalt,9
Maharashtra,Buldhana,2016-2017,Maize,Kharif,27380.0,75700.0,2.76,Hectare,Tonnes,Tonne/Hectare,Black (Regur),100.0,,Entisols,Lithic Ustorthents,Loamy,Shallow,Well drained,Neutral,Basalt,9
Maharashtra,Buldhana,2016-2017,Maize,Rabi,31380.0,55000.0,1.75,Hectare,Tonnes,Tonne/Hectare,Black (Regur),100.0,,Entisols,Lithic Ustorthents,Loamy,Shallow,Well drained,Neutral,Basalt,9
Maharashtra,Buldhana,2016-2017,Maize,Summer,1600.0,2600.0,1.63,Hectare,Tonnes,Tonne/Hectare,Black (Regur),100.0,,Entisols,Lithic Ustorthents,Loamy,Shallow,Well drained,Neutral,Basalt,9
Maharashtra,Buldhana,2016-2017,Moong(Green Gram),Kharif,14774.0,11716.0,0.79,Hectare,Tonnes,Tonne/Hectare,Black (Regur),100.0,,Entisols,Lithic Ustorthents,Loamy,Shallow,Well drained,Neutral,Basalt,9
Maharashtra,Buldhana,2016-2017,Niger seed,Kharif,1612.0,201.0,0.12,Hectare,Tonnes,Tonne/Hectare,Black (Regur),100.0,,Entisols,Lithic Ustorthents,Loamy,Shallow,Well drained,Neutral,Basalt,9
Maharashtra,Buldhana,2016-2017,Other Cereals,Kharif,200.0,100.0,0.5,Hectare,Tonnes,Tonne/Hectare,Black (Regur),100.0,,Entisols,Lithic Ustorthents,Loamy,Shallow,Well drained,Neutral,Basalt,9
Maharashtra,Buldhana,2016-2017,Other Cereals,Rabi,100.0,40.0,0.4,Hectare,Tonnes,Tonne/Hectare,Black (Regur),100.0,,Entisols,Lithic Ustorthents,Loamy,Shallow,Well drained,Neutral,Basalt,9
Maharashtra,Buldhana,2016-2017,Other Kharif pulses,Kharif,500.0,200.0,0.4,Hectare,Tonnes,Tonne/Hectare,Black (Regur),100.0,,Entisols,Lithic Ustorthents,Loamy,Shallow,Well drained,Neutral,Basalt,9
Maharashtra,Buldhana,2016-2017,Other Rabi pulses,Rabi,200.0,100.0,0.5,Hectare,Tonnes,Tonne/Hectare,Black (Regur),100.0,,Entisols,Lithic Ustorthents,Loamy,Shallow,Well drained,Neutral,Basalt,9
Maharashtra,Buldhana,2016-2017,Other Summer Pulses,Summer,30.0,20.0,0.67,Hectare,Tonnes,Tonne/Hectare,Black (Regur),100.0,,Entisols,Lithic Ustorthents,Loamy,Shallow,Well drained,Neutral,Basalt,9
Maharashtra,Buldhana,2016-2017,Ragi,Kharif,5.0,3.0,0.6,Hectare,Tonnes,Tonne/Hectare,Black (Regur),100.0,,Entisols,Lithic Ustorthents,Loamy,Shallow,Well drained,Neutral,Basalt,9
Maharashtra,Buldhana,2016-2017,Rapeseed &Mustard,Rabi,100.0,40.0,0.4,Hectare,Tonnes,Tonne/Hectare,Black (Regur),100.0,,Entisols,Lithic Ustorthents,Loamy,Shallow,Well drained,Neutral,Basalt,9
Maharashtra,Buldhana,2016-2017,Rice,Kharif,10.0,4.0,0.4,Hectare,Tonnes,Tonne/Hectare,Black (Regur),100.0,,Entisols,Lithic Ustorthents,Loamy,Shallow,Well drained,Neutral,Basalt,9
Maharashtra,Buldhana,2016-2017,Safflower,Rabi,200.0,100.0,0.5,Hectare,Tonnes,Tonne/Hectare,Black (Regur),100.0,,Entisols,Lithic Ustorthents,Loamy,Shallow,Well drained,Neutral,Basalt,9
Maharashtra,Buldhana,2016-2017,Sesamum,Kharif,1705.0,515.0,0.3,Hectare,Tonnes,Tonne/Hectare,Black (Regur),100.0,,Entisols,Lithic Ustorthents,Loamy,Shallow,Well drained,Neutral,Basalt,9
Maharashtra,Buldhana,2016-2017,Sesamum,Rabi,230.0,60.0,0.26,Hectare,Tonnes,Tonne/Hectare,Black (Regur),100.0,,Entisols,Lithic Ustorthents,Loamy,Shallow,Well drained,Neutral,Basalt,9
Maharashtra,Buldhana,2016-2017,Sesamum,Summer,2.0,0.3,0.15,Hectare,Tonnes,Tonne/Hectare,Black (Regur),100.0,,Entisols,Lithic Ustorthents,Loamy,Shallow,Well drained,Neutral,Basalt,9
Maharashtra,Buldhana,2016-2017,Soyabean,Kharif,365010.0,703600.0,1.93,Hectare,Tonnes,Tonne/Hectare,Black (Regur),100.0,,Entisols,Lithic Ustorthents,Loamy,Shallow,Well drained,Neutral,Basalt,9
Maharashtra,Buldhana,2016-2017,Sugarcane,Whole Year,535.0,35700.0,66.73,Hectare,Tonnes,Tonne/Hectare,Black (Regur),100.0,,Entisols,Lithic Ustorthents,Loamy,Shallow,Well drained,Neutral,Basalt,9
Maharashtra,Buldhana,2016-2017,Sunflower,Kharif,30.0,7.0,0.23,Hectare,Tonnes,Tonne/Hectare,Black (Regur),100.0,,Entisols,Lithic Ustorthents,Loamy,Shallow,Well drained,Neutral,Basalt,9
Maharashtra,Buldhana,2016-2017,Sunflower,Rabi,10.0,10.0,1.0,Hectare,Tonnes,Tonne/Hectare,Black (Regur),100.0,,Entisols,Lithic Ustorthents,Loamy,Shallow,Well drained,Neutral,Basalt,9
Maharashtra,Buldhana,2016-2017,Sunflower,Summer,10.0,4.0,0.4,Hectare,Tonnes,Tonne/Hectare,Black (Regur),100.0,,Entisols,Lithic Ustorthents,Loamy,Shallow,Well drained,Neutral,Basalt,9
Maharashtra,Buldhana,2016-2017,Urad,Kharif,13483.0,10976.0,0.81,Hectare,Tonnes,Tonne/Hectare,Black (Regur),100.0,,Entisols,Lithic Ustorthents,Loamy,Shallow,Well drained,Neutral,Basalt,9
Maharashtra,Buldhana,2016-2017,Wheat,Rabi,103880.0,162400.0,1.56,Hectare,Tonnes,Tonne/Hectare,Black (Regur),100.0,,Entisols,Lithic Ustorthents,Loamy,Shallow,Well drained,Neutral,Basalt,9
Maharashtra,Buldhana,2016-2017,other oilseeds,Summer,80.0,10.0,0.13,Hectare,Tonnes,Tonne/Hectare,Black (Regur),100.0,,Entisols,Lithic Ustorthents,Loamy,Shallow,Well drained,Neutral,Basalt,9
Maharashtra,Chandrapur,2016-2017,Arhar/Tur,Kharif,40143.0,72902.0,1.82,Hectare,Tonnes,Tonne/Hectare,Saline / Alkaline,44.4,Alluvial,Inceptisols,Vertic Haplustepts,Clayey,Moderately deep,Well drained,Others,,9
Maharashtra,Chandrapur,2016-2017,Bajra,Kharif,33.0,11.0,0.33,Hectare,Tonnes,Tonne/Hectare,Saline / Alkaline,44.4,Alluvial,Inceptisols,Vertic Haplustepts,Clayey,Moderately deep,Well drained,Others,,9
Maharashtra,Chandrapur,2016-2017,Cotton(lint),Kharif,162800.0,549300.0,3.37,Hectare,Bales,Bales/Hectare,Saline / Alkaline,44.4,Alluvial,Inceptisols,Vertic Haplustepts,Clayey,Moderately deep,Well drained,Others,,9
Maharashtra,Chandrapur,2016-2017,Gram,Rabi,27900.0,15500.0,0.56,Hectare,Tonnes,Tonne/Hectare,Saline / Alkaline,44.4,Alluvial,Inceptisols,Vertic Haplustepts,Clayey,Moderately deep,Well drained,Others,,9
Maharashtra,Chandrapur,2016-2017,Groundnut,Summer,100.0,60.0,0.6,Hectare,Tonnes,Tonne/Hectare,Saline / Alkaline,44.4,Alluvial,Inceptisols,Vertic Haplustepts,Clayey,Moderately deep,Well drained,Others,,9
Maharashtra,Chandrapur,2016-2017,Jowar,Kharif,2700.0,1000.0,0.37,Hectare,Tonnes,Tonne/Hectare,Saline / Alkaline,44.4,Alluvial,Inceptisols,Vertic Haplustepts,Clayey,Moderately deep,Well drained,Others,,9
Maharashtra,Chandrapur,2016-2017,Jowar,Rabi,4300.0,2700.0,0.63,Hectare,Tonnes,Tonne/Hectare,Saline / Alkaline,44.4,Alluvial,Inceptisols,Vertic Haplustepts,Clayey,Moderately deep,Well drained,Others,,9
Maharashtra,Chandrapur,2016-2017,Linseed,Rabi,900.0,200.0,0.22,Hectare,Tonnes,Tonne/Hectare,Saline / Alkaline,44.4,Alluvial,Inceptisols,Vertic Haplustepts,Clayey,Moderately deep,Well drained,Others,,9
Maharashtra,Chandrapur,2016-2017,Maize,Kharif,30.0,83.0,2.77,Hectare,Tonnes,Tonne/Hectare,Saline / Alkaline,44.4,Alluvial,Inceptisols,Vertic Haplustepts,Clayey,Moderately deep,Well drained,Others,,9
Maharashtra,Chandrapur,2016-2017,Maize,Summer,200.0,300.0,1.5,Hectare,Tonnes,Tonne/Hectare,Saline / Alkaline,44.4,Alluvial,Inceptisols,Vertic Haplustepts,Clayey,Moderately deep,Well drained,Others,,9
Maharashtra,Chandrapur,2016-2017,Moong(Green Gram),Kharif,602.0,73.0,0.12,Hectare,Tonnes,Tonne/Hectare,Saline / Alkaline,44.4,Alluvial,Inceptisols,Vertic Haplustepts,Clayey,Moderately deep,Well drained,Others,,9
Maharashtra,Chandrapur,2016-2017,Other Kharif pulses,Kharif,1400.0,700.0,0.5,Hectare,Tonnes,Tonne/Hectare,Saline / Alkaline,44.4,Alluvial,Inceptisols,Vertic Haplustepts,Clayey,Moderately deep,Well drained,Others,,9
Maharashtra,Chandrapur,2016-2017,Other Rabi pulses,Rabi,29200.0,16000.0,0.55,Hectare,Tonnes,Tonne/Hectare,Saline / Alkaline,44.4,Alluvial,Inceptisols,Vertic Haplustepts,Clayey,Moderately deep,Well drained,Others,,9
Maharashtra,Chandrapur,2016-2017,Other Summer Pulses,Summer,50.0,20.0,0.4,Hectare,Tonnes,Tonne/Hectare,Saline / Alkaline,44.4,Alluvial,Inceptisols,Vertic Haplustepts,Clayey,Moderately deep,Well drained,Others,,9
Maharashtra,Chandrapur,2016-2017,Rapeseed &Mustard,Rabi,400.0,200.0,0.5,Hectare,Tonnes,Tonne/Hectare,Saline / Alkaline,44.4,Alluvial,Inceptisols,Vertic Haplustepts,Clayey,Moderately deep,Well drained,Others,,9
Maharashtra,Chandrapur,2016-2017,Rice,Kharif,136400.0,234000.0,1.72,Hectare,Tonnes,Tonne/Hectare,Saline / Alkaline,44.4,Alluvial,Inceptisols,Vertic Haplustepts,Clayey,Moderately deep,Well drained,Others,,9
Maharashtra,Chandrapur,2016-2017,Rice,Summer,6700.0,11500.0,1.72,Hectare,Tonnes,Tonne/Hectare,Saline / Alkaline,44.4,Alluvial,Inceptisols,Vertic Haplustepts,Clayey,Moderately deep,Well drained,Others,,9
Maharashtra,Chandrapur,2016-2017,Sesamum,Kharif,453.0,124.0,0.27,Hectare,Tonnes,Tonne/Hectare,Saline / Alkaline,44.4,Alluvial,Inceptisols,Vertic Haplustepts,Clayey,Moderately deep,Well drained,Others,,9
Maharashtra,Chandrapur,2016-2017,Soyabean,Kharif,108500.0,108300.0,1.0,Hectare,Tonnes,Tonne/Hectare,Saline / Alkaline,44.4,Alluvial,Inceptisols,Vertic Haplustepts,Clayey,Moderately deep,Well drained,Others,,9
Maharashtra,Chandrapur,2016-2017,Sugarcane,Whole Year,50.0,2000.0,40.0,Hectare,Tonnes,Tonne/Hectare,Saline / Alkaline,44.4,Alluvial,Inceptisols,Vertic Haplustepts,Clayey,Moderately deep,Well drained,Others,,9
Maharashtra,Chandrapur,2016-2017,Sunflower,Summer,100.0,100.0,1.0,Hectare,Tonnes,Tonne/Hectare,Saline / Alkaline,44.4,Alluvial,Inceptisols,Vertic Haplustepts,Clayey,Moderately deep,Well drained,Others,,9
Maharashtra,Chandrapur,2016-2017,Urad,Kharif,261.0,112.0,0.43,Hectare,Tonnes,Tonne/Hectare,Saline / Alkaline,44.4,Alluvial,Inceptisols,Vertic Haplustepts,Clayey,Moderately deep,Well drained,Others,,9
Maharashtra,Chandrapur,2016-2017,Wheat,Rabi,19900.0,25000.0,1.26,Hectare,Tonnes,Tonne/Hectare,Saline / Alkaline,44.4,Alluvial,Inceptisols,Vertic Haplustepts,Clayey,Moderately deep,Well drained,Others,,9
Maharashtra,Chhatrapati Sambhajinagar,2016-2017,Arhar/Tur,Kharif,60725.0,71469.0,1.18,Hectare,Tonnes,Tonne/Hectare,Black (Regur),88.9,Saline / Alkaline,Entisols,Lithic Ustorthents,Loamy,Shallow,Well drained,Neutral,Basalt,9
Maharashtra,Chhatrapati Sambhajinagar,2016-2017,Bajra,Kharif,52000.0,57900.0,1.11,Hectare,Tonnes,Tonne/Hectare,Black (Regur),88.9,Saline / Alkaline,Entisols,Lithic Ustorthents,Loamy,Shallow,Well drained,Neutral,Basalt,9
Maharashtra,Chhatrapati Sambhajinagar,2016-2017,Castor seed,Kharif,700.0,100.0,0.14,Hectare,Tonnes,Tonne/Hectare,Black (Regur),88.9,Saline / Alkaline,Entisols,Lithic Ustorthents,Loamy,Shallow,Well drained,Neutral,Basalt,9
Maharashtra,Chhatrapati Sambhajinagar,2016-2017,Cotton(lint),Kharif,506500.0,992300.0,1.96,Hectare,Bales,Bales/Hectare,Black (Regur),88.9,Saline / Alkaline,Entisols,Lithic Ustorthents,Loamy,Shallow,Well drained,Neutral,Basalt,9
Maharashtra,Chhatrapati Sambhajinagar,2016-2017,Gram,Rabi,66400.0,73200.0,1.1,Hectare,Tonnes,Tonne/Hectare,Black (Regur),88.9,Saline / Alkaline,Entisols,Lithic Ustorthents,Loamy,Shallow,Well drained,Neutral,Basalt,9
Maharashtra,Chhatrapati Sambhajinagar,2016-2017,Groundnut,Kharif,6500.0,5800.0,0.89,Hectare,Tonnes,Tonne/Hectare,Black (Regur),88.9,Saline / Alkaline,Entisols,Lithic Ustorthents,Loamy,Shallow,Well drained,Neutral,Basalt,9
Maharashtra,Chhatrapati Sambhajinagar,2016-2017,Groundnut,Summer,300.0,300.0,1.0,Hectare,Tonnes,Tonne/Hectare,Black (Regur),88.9,Saline / Alkaline,Entisols,Lithic Ustorthents,Loamy,Shallow,Well drained,Neutral,Basalt,9
Maharashtra,Chhatrapati Sambhajinagar,2016-2017,Jowar,Kharif,3600.0,3900.0,1.08,Hectare,Tonnes,Tonne/Hectare,Black (Regur),88.9,Saline / Alkaline,Entisols,Lithic Ustorthents,Loamy,Shallow,Well drained,Neutral,Basalt,9
Maharashtra,Chhatrapati Sambhajinagar,2016-2017,Jowar,Rabi,146900.0,130100.0,0.89,Hectare,Tonnes,Tonne/Hectare,Black (Regur),88.9,Saline / Alkaline,Entisols,Lithic Ustorthents,Loamy,Shallow,Well drained,Neutral,Basalt,9
Maharashtra,Chhatrapati Sambhajinagar,2016-2017,Linseed,Rabi,2.0,0.2,0.1,Hectare,Tonnes,Tonne/Hectare,Black (Regur),88.9,Saline / Alkaline,Entisols,Lithic Ustorthents,Loamy,Shallow,Well drained,Neutral,Basalt,9
Maharashtra,Chhatrapati Sambhajinagar,2016-2017,Maize,Kharif,49300.0,172000.0,3.49,Hectare,Tonnes,Tonne/Hectare,Black (Regur),88.9,Saline / Alkaline,Entisols,Lithic Ustorthents,Loamy,Shallow,Well drained,Neutral,Basalt,9
Maharashtra,Chhatrapati Sambhajinagar,2016-2017,Maize,Rabi,16000.0,52800.0,3.3,Hectare,Tonnes,Tonne/Hectare,Black (Regur),88.9,Saline / Alkaline,Entisols,Lithic Ustorthents,Loamy,Shallow,Well drained,Neutral,Basalt,9
Maharashtra,Chhatrapati Sambhajinagar,2016-2017,Maize,Summer,1700.0,2700.0,1.59,Hectare,Tonnes,Tonne/Hectare,Black (Regur),88.9,Saline / Alkaline,Entisols,Lithic Ustorthents,Loamy,Shallow,Well drained,Neutral,Basalt,9
Maharashtra,Chhatrapati Sambhajinagar,2016-2017,Moong(Green Gram),Kharif,6969.0,5284.0,0.76,Hectare,Tonnes,Tonne/Hectare,Black (Regur),88.9,Saline / Alkaline,Entisols,Lithic Ustorthents,Loamy,Shallow,Well drained,Neutral,Basalt,9
Maharashtra,Chhatrapati Sambhajinagar,2016-2017,Niger seed,Kharif,74.0,12.0,0.16,Hectare,Tonnes,Tonne/Hectare,Black (Regur),88.9,Saline / Alkaline,Entisols,Lithic Ustorthents,Loamy,Shallow,Well drained,Neutral,Basalt,9
Maharashtra,Chhatrapati Sambhajinagar,2016-2017,Other Cereals,Kharif,1000.0,600.0,0.6,Hectare,Tonnes,Tonne/Hectare,Black (Regur),88.9,Saline / Alkaline,Entisols,Lithic Ustorthents,Loamy,Shallow,Well drained,Neutral,Basalt,9
Maharashtra,Chhatrapati Sambhajinagar,2016-2017,Other Cereals,Rabi,1400.0,300.0,0.21,Hectare,Tonnes,Tonne/Hectare,Black (Regur),88.9,Saline / Alkaline,Entisols,Lithic Ustorthents,Loamy,Shallow,Well drained,Neutral,Basalt,9
Maharashtra,Chhatrapati Sambhajinagar,2016-2017,Other Cereals,Summer,1930.0,3600.0,1.87,Hectare,Tonnes,Tonne/Hectare,Black (Regur),88.9,Saline / Alkaline,Entisols,Lithic Ustorthents,Loamy,Shallow,Well drained,Neutral,Basalt,9
Maharashtra,Chhatrapati Sambhajinagar,2016-2017,Other Kharif pulses,Kharif,2000.0,600.0,0.3,Hectare,Tonnes,Tonne/Hectare,Black (Regur),88.9,Saline / Alkaline,Entisols,Lithic Ustorthents,Loamy,Shallow,Well drained,Neutral,Basalt,9
Maharashtra,Chhatrapati Sambhajinagar,2016-2017,Other Rabi pulses,Rabi,100.0,20.0,0.2,Hectare,Tonnes,Tonne/Hectare,Black (Regur),88.9,Saline / Alkaline,Entisols,Lithic Ustorthents,Loamy,Shallow,Well drained,Neutral,Basalt,9
Maharashtra,Chhatrapati Sambhajinagar,2016-2017,Other Summer Pulses,Summer,10.0,10.0,1.0,Hectare,Tonnes,Tonne/Hectare,Black (Regur),88.9,Saline / Alkaline,Entisols,Lithic Ustorthents,Loamy,Shallow,Well drained,Neutral,Basalt,9
Maharashtra,Chhatrapati Sambhajinagar,2016-2017,Rapeseed &Mustard,Rabi,900.0,200.0,0.22,Hectare,Tonnes,Tonne/Hectare,Black (Regur),88.9,Saline / Alkaline,Entisols,Lithic Ustorthents,Loamy,Shallow,Well drained,Neutral,Basalt,9
Maharashtra,Chhatrapati Sambhajinagar,2016-2017,Rice,Kharif,6500.0,3100.0,0.48,Hectare,Tonnes,Tonne/Hectare,Black (Regur),88.9,Saline / Alkaline,Entisols,Lithic Ustorthents,Loamy,Shallow,Well drained,Neutral,Basalt,9
Maharashtra,Chhatrapati Sambhajinagar,2016-2017,Safflower,Rabi,700.0,300.0,0.43,Hectare,Tonnes,Tonne/Hectare,Black (Regur),88.9,Saline / Alkaline,Entisols,Lithic Ustorthents,Loamy,Shallow,Well drained,Neutral,Basalt,9
Maharashtra,Chhatrapati Sambhajinagar,2016-2017,Sesamum,Kharif,450.0,82.0,0.18,Hectare,Tonnes,Tonne/Hectare,Black (Regur),88.9,Saline / Alkaline,Entisols,Lithic Ustorthents,Loamy,Shallow,Well drained,Neutral,Basalt,9
Maharashtra,Chhatrapati Sambhajinagar,2016-2017,Sesamum,Rabi,10.0,2.0,0.2,Hectare,Tonnes,Tonne/Hectare,Black (Regur),88.9,Saline / Alkaline,Entisols,Lithic Ustorthents,Loamy,Shallow,Well drained,Neutral,Basalt,9
Maharashtra,Chhatrapati Sambhajinagar,2016-2017,Soyabean,Kharif,29300.0,31100.0,1.06,Hectare,Tonnes,Tonne/Hectare,Black (Regur),88.9,Saline / Alkaline,Entisols,Lithic Ustorthents,Loamy,Shallow,Well drained,Neutral,Basalt,9
Maharashtra,Chhatrapati Sambhajinagar,2016-2017,Sugarcane,Whole Year,14644.0,873100.0,59.62,Hectare,Tonnes,Tonne/Hectare,Black (Regur),88.9,Saline / Alkaline,Entisols,Lithic Ustorthents,Loamy,Shallow,Well drained,Neutral,Basalt,9
Maharashtra,Chhatrapati Sambhajinagar,2016-2017,Sunflower,Kharif,85.0,5.0,0.06,Hectare,Tonnes,Tonne/Hectare,Black (Regur),88.9,Saline / Alkaline,Entisols,Lithic Ustorthents,Loamy,Shallow,Well drained,Neutral,Basalt,9
Maharashtra,Chhatrapati Sambhajinagar,2016-2017,Sunflower,Rabi,21.0,20.0,0.95,Hectare,Tonnes,Tonne/Hectare,Black (Regur),88.9,Saline / Alkaline,Entisols,Lithic Ustorthents,Loamy,Shallow,Well drained,Neutral,Basalt,9
Maharashtra,Chhatrapati Sambhajinagar,2016-2017,Urad,Kharif,1527.0,1011.0,0.66,Hectare,Tonnes,Tonne/Hectare,Black (Regur),88.9,Saline / Alkaline,Entisols,Lithic Ustorthents,Loamy,Shallow,Well drained,Neutral,Basalt,9
Maharashtra,Chhatrapati Sambhajinagar,2016-2017,Wheat,Rabi,64500.0,135400.0,2.1,Hectare,Tonnes,Tonne/Hectare,Black (Regur),88.9,Saline / Alkaline,Entisols,Lithic Ustorthents,Loamy,Shallow,Well drained,Neutral,Basalt,9
Maharashtra,Dharashiv,2016-2017,Arhar/Tur,Kharif,66804.0,58649.0,0.88,Hectare,Tonnes,Tonne/Hectare,Black (Regur),55.6,Red & Yellow,Entisols,Lithic Ustorthents,Clayey,Shallow,Well drained,Slightly alkaline,Basalt,9
Maharashtra,Dharashiv,2016-2017,Bajra,Kharif,10400.0,3300.0,0.32,Hectare,Tonnes,Tonne/Hectare,Black (Regur),55.6,Red & Yellow,Entisols,Lithic Ustorthents,Clayey,Shallow,Well drained,Slightly alkaline,Basalt,9
Maharashtra,Dharashiv,2016-2017,Castor seed,Kharif,1800.0,500.0,0.28,Hectare,Tonnes,Tonne/Hectare,Black (Regur),55.6,Red & Yellow,Entisols,Lithic Ustorthents,Clayey,Shallow,Well drained,Slightly alkaline,Basalt,9
Maharashtra,Dharashiv,2016-2017,Cotton(lint),Kharif,13300.0,21100.0,1.59,Hectare,Bales,Bales/Hectare,Black (Regur),55.6,Red & Yellow,Entisols,Lithic Ustorthents,Clayey,Shallow,Well drained,Slightly alkaline,Basalt,9
Maharashtra,Dharashiv,2016-2017,Gram,Rabi,77700.0,61600.0,0.79,Hectare,Tonnes,Tonne/Hectare,Black (Regur),55.6,Red & Yellow,Entisols,Lithic Ustorthents,Clayey,Shallow,Well drained,Slightly alkaline,Basalt,9
Maharashtra,Dharashiv,2016-2017,Groundnut,Kharif,3700.0,1200.0,0.32,Hectare,Tonnes,Tonne/Hectare,Black (Regur),55.6,Red & Yellow,Entisols,Lithic Ustorthents,Clayey,Shallow,Well drained,Slightly alkaline,Basalt,9
Maharashtra,Dharashiv,2016-2017,Groundnut,Summer,1800.0,1700.0,0.94,Hectare,Tonnes,Tonne/Hectare,Black (Regur),55.6,Red & Yellow,Entisols,Lithic Ustorthents,Clayey,Shallow,Well drained,Slightly alkaline,Basalt,9
Maharashtra,Dharashiv,2016-2017,Jowar,Kharif,14100.0,6300.0,0.45,Hectare,Tonnes,Tonne/Hectare,Black (Regur),55.6,Red & Yellow,Entisols,Lithic Ustorthents,Clayey,Shallow,Well drained,Slightly alkaline,Basalt,9
Maharashtra,Dharashiv,2016-2017,Jowar,Rabi,146600.0,122000.0,0.83,Hectare,Tonnes,Tonne/Hectare,Black (Regur),55.6,Red & Yellow,Entisols,Lithic Ustorthents,Clayey,Shallow,Well drained,Slightly alkaline,Basalt,9
Maharashtra,Dharashiv,2016-2017,Linseed,Rabi,3400.0,1100.0,0.32,Hectare,Tonnes,Tonne/Hectare,Black (Regur),55.6,Red & Yellow,Entisols,Lithic Ustorthents,Clayey,Shallow,Well drained,Slightly alkaline,Basalt,9
Maharashtra,Dharashiv,2016-2017,Maize,Kharif,17300.0,5600.0,0.32,Hectare,Tonnes,Tonne/Hectare,Black (Regur),55.6,Red & Yellow,Entisols,Lithic Ustorthents,Clayey,Shallow,Well drained,Slightly alkaline,Basalt,9
Maharashtra,Dharashiv,2016-2017,Maize,Rabi,2100.0,4000.0,1.9,Hectare,Tonnes,Tonne/Hectare,Black (Regur),55.6,Red & Yellow,Entisols,Lithic Ustorthents,Clayey,Shallow,Well drained,Slightly alkaline,Basalt,9
Maharashtra,Dharashiv,2016-2017,Maize,Summer,1300.0,2100.0,1.62,Hectare,Tonnes,Tonne/Hectare,Black (Regur),55.6,Red & Yellow,Entisols,Lithic Ustorthents,Clayey,Shallow,Well drained,Slightly alkaline,Basalt,9
Maharashtra,Dharashiv,2016-2017,Moong(Green Gram),Kharif,9331.0,3620.0,0.39,Hectare,Tonnes,Tonne/Hectare,Black (Regur),55.6,Red & Yellow,Entisols,Lithic Ustorthents,Clayey,Shallow,Well drained,Slightly alkaline,Basalt,9
Maharashtra,Dharashiv,2016-2017,Niger seed,Kharif,3326.0,432.0,0.13,Hectare,Tonnes,Tonne/Hectare,Black (Regur),55.6,Red & Yellow,Entisols,Lithic Ustorthents,Clayey,Shallow,Well drained,Slightly alkaline,Basalt,9
Maharashtra,Dharashiv,2016-2017,Other Cereals,Kharif,2600.0,700.0,0.27,Hectare,Tonnes,Tonne/Hectare,Black (Regur),55.6,Red & Yellow,Entisols,Lithic Ustorthents,Clayey,Shallow,Well drained,Slightly alkaline,Basalt,9
Maharashtra,Dharashiv,2016-2017,Other Cereals,Rabi,1300.0,900.0,0.69,Hectare,Tonnes,Tonne/Hectare,Black (Regur),55.6,Red & Yellow,Entisols,Lithic Ustorthents,Clayey,Shallow,Well drained,Slightly alkaline,Basalt,9
Maharashtra,Dharashiv,2016-2017,Other Kharif pulses,Kharif,2300.0,1100.0,0.48,Hectare,Tonnes,Tonne/Hectare,Black (Regur),55.6,Red & Yellow,Entisols,Lithic Ustorthents,Clayey,Shallow,Well drained,Slightly alkaline,Basalt,9
Maharashtra,Dharashiv,2016-2017,Other Rabi pulses,Rabi,1500.0,800.0,0.53,Hectare,Tonnes,Tonne/Hectare,Black (Regur),55.6,Red & Yellow,Entisols,Lithic Ustorthents,Clayey,Shallow,Well drained,Slightly alkaline,Basalt,9
Maharashtra,Dharashiv,2016-2017,Rapeseed &Mustard,Rabi,900.0,400.0,0.44,Hectare,Tonnes,Tonne/Hectare,Black (Regur),55.6,Red & Yellow,Entisols,Lithic Ustorthents,Clayey,Shallow,Well drained,Slightly alkaline,Basalt,9
Maharashtra,Dharashiv,2016-2017,Rice,Kharif,6300.0,1200.0,0.19,Hectare,Tonnes,Tonne/Hectare,Black (Regur),55.6,Red & Yellow,Entisols,Lithic Ustorthents,Clayey,Shallow,Well drained,Slightly alkaline,Basalt,9
Maharashtra,Dharashiv,2016-2017,Safflower,Rabi,17100.0,10900.0,0.64,Hectare,Tonnes,Tonne/Hectare,Black (Regur),55.6,Red & Yellow,Entisols,Lithic Ustorthents,Clayey,Shallow,Well drained,Slightly alkaline,Basalt,9
Maharashtra,Dharashiv,2016-2017,Sesamum,Kharif,3475.0,584.0,0.17,Hectare,Tonnes,Tonne/Hectare,Black (Regur),55.6,Red & Yellow,Entisols,Lithic Ustorthents,Clayey,Shallow,Well drained,Slightly alkaline,Basalt,9
Maharashtra,Dharashiv,2016-2017,Soyabean,Kharif,102000.0,28200.0,0.28,Hectare,Tonnes,Tonne/Hectare,Black (Regur),55.6,Red & Yellow,Entisols,Lithic Ustorthents,Clayey,Shallow,Well drained,Slightly alkaline,Basalt,9
Maharashtra,Dharashiv,2016-2017,Sugarcane,Whole Year,12000.0,427900.0,35.66,Hectare,Tonnes,Tonne/Hectare,Black (Regur),55.6,Red & Yellow,Entisols,Lithic Ustorthents,Clayey,Shallow,Well drained,Slightly alkaline,Basalt,9
Maharashtra,Dharashiv,2016-2017,Sunflower,Kharif,9985.0,2370.0,0.24,Hectare,Tonnes,Tonne/Hectare,Black (Regur),55.6,Red & Yellow,Entisols,Lithic Ustorthents,Clayey,Shallow,Well drained,Slightly alkaline,Basalt,9
Maharashtra,Dharashiv,2016-2017,Sunflower,Rabi,6800.0,9100.0,1.34,Hectare,Tonnes,Tonne/Hectare,Black (Regur),55.6,Red & Yellow,Entisols,Lithic Ustorthents,Clayey,Shallow,Well drained,Slightly alkaline,Basalt,9
Maharashtra,Dharashiv,2016-2017,Sunflower,Summer,30.0,15.0,0.5,Hectare,Tonnes,Tonne/Hectare,Black (Regur),55.6,Red & Yellow,Entisols,Lithic Ustorthents,Clayey,Shallow,Well drained,Slightly alkaline,Basalt,9
Maharashtra,Dharashiv,2016-2017,Urad,Kharif,23884.0,10000.0,0.42,Hectare,Tonnes,Tonne/Hectare,Black (Regur),55.6,Red & Yellow,Entisols,Lithic Ustorthents,Clayey,Shallow,Well drained,Slightly alkaline,Basalt,9
Maharashtra,Dharashiv,2016-2017,Wheat,Rabi,14600.0,11100.0,0.76,Hectare,Tonnes,Tonne/Hectare,Black (Regur),55.6,Red & Yellow,Entisols,Lithic Ustorthents,Clayey,Shallow,Well drained,Slightly alkaline,Basalt,9
Maharashtra,Dhule,2016-2017,Arhar/Tur,Kharif,9082.0,7639.0,0.84,Hectare,Tonnes,Tonne/Hectare,Black (Regur),66.7,Saline / Alkaline,Entisols,Lithic Ustorthents,Loamy,Shallow,Well drained,Neutral,Basalt,9
Maharashtra,Dhule,2016-2017,Bajra,Kharif,77400.0,60400.0,0.78,Hectare,Tonnes,Tonne/Hectare,Black (Regur),66.7,Saline / Alkaline,Entisols,Lithic Ustorthents,Loamy,Shallow,Well drained,Neutral,Basalt,9
Maharashtra,Dhule,2016-2017,Castor seed,Kharif,9.0,3.0,0.33,Hectare,Tonnes,Tonne/Hectare,Black (Regur),66.7,Saline / Alkaline,Entisols,Lithic Ustorthents,Loamy,Shallow,Well drained,Neutral,Basalt,9
Maharashtra,Dhule,2016-2017,Cotton(lint),Kharif,196100.0,345600.0,1.76,Hectare,Bales,Bales/Hectare,Black (Regur),66.7,Saline / Alkaline,Entisols,Lithic Ustorthents,Loamy,Shallow,Well drained,Neutral,Basalt,9
Maharashtra,Dhule,2016-2017,Gram,Rabi,33100.0,94800.0,2.86,Hectare,Tonnes,Tonne/Hectare,Black (Regur),66.7,Saline / Alkaline,Entisols,Lithic Ustorthents,Loamy,Shallow,Well drained,Neutral,Basalt,9
Maharashtra,Dhule,2016-2017,Groundnut,Kharif,16500.0,11500.0,0.7,Hectare,Tonnes,Tonne/Hectare,Black (Regur),66.7,Saline / Alkaline,Entisols,Lithic Ustorthents,Loamy,Shallow,Well drained,Neutral,Basalt,9
Maharashtra,Dhule,2016-2017,Groundnut,Summer,2100.0,2730.0,1.3,Hectare,Tonnes,Tonne/Hectare,Black (Regur),66.7,Saline / Alkaline,Entisols,Lithic Ustorthents,Loamy,Shallow,Well drained,Neutral,Basalt,9
Maharashtra,Dhule,2016-2017,Jowar,Kharif,20000.0,24300.0,1.22,Hectare,Tonnes,Tonne/Hectare,Black (Regur),66.7,Saline / Alkaline,Entisols,Lithic Ustorthents,Loamy,Shallow,Well drained,Neutral,Basalt,9
Maharashtra,Dhule,2016-2017,Jowar,Rabi,12100.0,13800.0,1.14,Hectare,Tonnes,Tonne/Hectare,Black (Regur),66.7,Saline / Alkaline,Entisols,Lithic Ustorthents,Loamy,Shallow,Well drained,Neutral,Basalt,9
Maharashtra,Dhule,2016-2017,Maize,Kharif,63200.0,167500.0,2.65,Hectare,Tonnes,Tonne/Hectare,Black (Regur),66.7,Saline / Alkaline,Entisols,Lithic Ustorthents,Loamy,Shallow,Well drained,Neutral,Basalt,9
Maharashtra,Dhule,2016-2017,Maize,Rabi,4900.0,15600.0,3.18,Hectare,Tonnes,Tonne/Hectare,Black (Regur),66.7,Saline / Alkaline,Entisols,Lithic Ustorthents,Loamy,Shallow,Well drained,Neutral,Basalt,9
Maharashtra,Dhule,2016-2017,Maize,Summer,600.0,1600.0,2.67,Hectare,Tonnes,Tonne/Hectare,Black (Regur),66.7,Saline / Alkaline,Entisols,Lithic Ustorthents,Loamy,Shallow,Well drained,Neutral,Basalt,9
Maharashtra,Dhule,2016-2017,Moong(Green Gram),Kharif,21860.0,6530.0,0.3,Hectare,Tonnes,Tonne/Hectare,Black (Regur),66.7,Saline / Alkaline,Entisols,Lithic Ustorthents,Loamy,Shallow,Well drained,Neutral,Basalt,9
Maharashtra,Dhule,2016-2017,Other Cereals,Kharif,800.0,600.0,0.75,Hectare,Tonnes,Tonne/Hectare,Black (Regur),66.7,Saline / Alkaline,Entisols,Lithic Ustorthents,Loamy,Shallow,Well drained,Neutral,Basalt,9
Maharashtra,Dhule,2016-2017,Other Cereals,Summer,470.0,530.0,1.13,Hectare,Tonnes,Tonne/Hectare,Black (Regur),66.7,Saline / Alkaline,Entisols,Lithic Ustorthents,Loamy,Shallow,Well drained,Neutral,Basalt,9
Maharashtra,Dhule,2016-2017,Other Kharif pulses,Kharif,1100.0,800.0,0.73,Hectare,Tonnes,Tonne/Hectare,Black (Regur),66.7,Saline / Alkaline,Entisols,Lithic Ustorthents,Loamy,Shallow,Well drained,Neutral,Basalt,9
Maharashtra,Dhule,2016-2017,Other Rabi pulses,Rabi,700.0,400.0,0.57,Hectare,Tonnes,Tonne/Hectare,Black (Regur),66.7,Saline / Alkaline,Entisols,Lithic Ustorthents,Loamy,Shallow,Well drained,Neutral,Basalt,9
Maharashtra,Dhule,2016-2017,Ragi,Kharif,1800.0,2000.0,1.11,Hectare,Tonnes,Tonne/Hectare,Black (Regur),66.7,Saline / Alkaline,Entisols,Lithic Ustorthents,Loamy,Shallow,Well drained,Neutral,Basalt,9
Maharashtra,Dhule,2016-2017,Rice,Kharif,6400.0,10500.0,1.64,Hectare,Tonnes,Tonne/Hectare,Black (Regur),66.7,Saline / Alkaline,Entisols,Lithic Ustorthents,Loamy,Shallow,Well drained,Neutral,Basalt,9
Maharashtra,Dhule,2016-2017,Sesamum,Kharif,1470.0,315.0,0.21,Hectare,Tonnes,Tonne/Hectare,Black (Regur),66.7,Saline / Alkaline,Entisols,Lithic Ustorthents,Loamy,Shallow,Well drained,Neutral,Basalt,9
Maharashtra,Dhule,2016-2017,Soyabean,Kharif,18300.0,25300.0,1.38,Hectare,Tonnes,Tonne/Hectare,Black (Regur),66.7,Saline / Alkaline,Entisols,Lithic Ustorthents,Loamy,Shallow,Well drained,Neutral,Basalt,9
Maharashtra,Dhule,2016-2017,Sugarcane,Whole Year,4508.0,522400.0,115.88,Hectare,Tonnes,Tonne/Hectare,Black (Regur),66.7,Saline / Alkaline,Entisols,Lithic Ustorthents,Loamy,Shallow,Well drained,Neutral,Basalt,9
Maharashtra,Dhule,2016-2017,Sunflower,Kharif,70.0,24.0,0.34,Hectare,Tonnes,Tonne/Hectare,Black (Regur),66.7,Saline / Alkaline,Entisols,Lithic Ustorthents,Loamy,Shallow,Well drained,Neutral,Basalt,9
Maharashtra,Dhule,2016-2017,Urad,Kharif,7399.0,2628.0,0.36,Hectare,Tonnes,Tonne/Hectare,Black (Regur),66.7,Saline / Alkaline,Entisols,Lithic Ustorthents,Loamy,Shallow,Well drained,Neutral,Basalt,9
Maharashtra,Dhule,2016-2017,Wheat,Rabi,40400.0,87300.0,2.16,Hectare,Tonnes,Tonne/Hectare,Black (Regur),66.7,Saline / Alkaline,Entisols,Lithic Ustorthents,Loamy,Shallow,Well drained,Neutral,Basalt,9
Maharashtra,Gadchiroli,2016-2017,Arhar/Tur,Kharif,4648.0,9037.0,1.94,Hectare,Tonnes,Tonne/Hectare,Alluvial,66.7,Red & Yellow,Inceptisols,Typic Haplustepts,Loamy,Very deep,Well drained,Slightly acidic,Alluvium,9
Maharashtra,Gadchiroli,2016-2017,Bajra,Kharif,18.0,6.0,0.33,Hectare,Tonnes,Tonne/Hectare,Alluvial,66.7,Red & Yellow,Inceptisols,Typic Haplustepts,Loamy,Very deep,Well drained,Slightly acidic,Alluvium,9
Maharashtra,Gadchiroli,2016-2017,Cotton(lint),Kharif,4900.0,14500.0,2.96,Hectare,Bales,Bales/Hectare,Alluvial,66.7,Red & Yellow,Inceptisols,Typic Haplustepts,Loamy,Very deep,Well drained,Slightly acidic,Alluvium,9
Maharashtra,Gadchiroli,2016-2017,Gram,Rabi,16100.0,7200.0,0.45,Hectare,Tonnes,Tonne/Hectare,Alluvial,66.7,Red & Yellow,Inceptisols,Typic Haplustepts,Loamy,Very deep,Well drained,Slightly acidic,Alluvium,9
Maharashtra,Gadchiroli,2016-2017,Groundnut,Kharif,10.0,17.0,1.7,Hectare,Tonnes,Tonne/Hectare,Alluvial,66.7,Red & Yellow,Inceptisols,Typic Haplustepts,Loamy,Very deep,Well drained,Slightly acidic,Alluvium,9
Maharashtra,Gadchiroli,2016-2017,Jowar,Rabi,100.0,100.0,1.0,Hectare,Tonnes,Tonne/Hectare,Alluvial,66.7,Red & Yellow,Inceptisols,Typic Haplustepts,Loamy,Very deep,Well drained,Slightly acidic,Alluvium,9
Maharashtra,Gadchiroli,2016-2017,Linseed,Rabi,1400.0,300.0,0.21,Hectare,Tonnes,Tonne/Hectare,Alluvial,66.7,Red & Yellow,Inceptisols,Typic Haplustepts,Loamy,Very deep,Well drained,Slightly acidic,Alluvium,9
Maharashtra,Gadchiroli,2016-2017,Maize,Kharif,1600.0,4500.0,2.81,Hectare,Tonnes,Tonne/Hectare,Alluvial,66.7,Red & Yellow,Inceptisols,Typic Haplustepts,Loamy,Very deep,Well drained,Slightly acidic,Alluvium,9
Maharashtra,Gadchiroli,2016-2017,Maize,Rabi,300.0,500.0,1.67,Hectare,Tonnes,Tonne/Hectare,Alluvial,66.7,Red & Yellow,Inceptisols,Typic Haplustepts,Loamy,Very deep,Well drained,Slightly acidic,Alluvium,9
Maharashtra,Gadchiroli,2016-2017,Moong(Green Gram),Kharif,76.0,9.0,0.12,Hectare,Tonnes,Tonne/Hectare,Alluvial,66.7,Red & Yellow,Inceptisols,Typic Haplustepts,Loamy,Very deep,Well drained,Slightly acidic,Alluvium,9
Maharashtra,Gadchiroli,2016-2017,Other Kharif pulses,Kharif,200.0,100.0,0.5,Hectare,Tonnes,Tonne/Hectare,Alluvial,66.7,Red & Yellow,Inceptisols,Typic Haplustepts,Loamy,Very deep,Well drained,Slightly acidic,Alluvium,9
Maharashtra,Gadchiroli,2016-2017,Other Rabi pulses,Rabi,12700.0,6900.0,0.54,Hectare,Tonnes,Tonne/Hectare,Alluvial,66.7,Red & Yellow,Inceptisols,Typic Haplustepts,Loamy,Very deep,Well drained,Slightly acidic,Alluvium,9
Maharashtra,Gadchiroli,2016-2017,Other Summer Pulses,Summer,20.0,10.0,0.5,Hectare,Tonnes,Tonne/Hectare,Alluvial,66.7,Red & Yellow,Inceptisols,Typic Haplustepts,Loamy,Very deep,Well drained,Slightly acidic,Alluvium,9
Maharashtra,Gadchiroli,2016-2017,Rapeseed &Mustard,Rabi,800.0,400.0,0.5,Hectare,Tonnes,Tonne/Hectare,Alluvial,66.7,Red & Yellow,Inceptisols,Typic Haplustepts,Loamy,Very deep,Well drained,Slightly acidic,Alluvium,9
Maharashtra,Gadchiroli,2016-2017,Rice,Kharif,148300.0,274900.0,1.85,Hectare,Tonnes,Tonne/Hectare,Alluvial,66.7,Red & Yellow,Inceptisols,Typic Haplustepts,Loamy,Very deep,Well drained,Slightly acidic,Alluvium,9
Maharashtra,Gadchiroli,2016-2017,Rice,Summer,5100.0,10400.0,2.04,Hectare,Tonnes,Tonne/Hectare,Alluvial,66.7,Red & Yellow,Inceptisols,Typic Haplustepts,Loamy,Very deep,Well drained,Slightly acidic,Alluvium,9
Maharashtra,Gadchiroli,2016-2017,Sesamum,Kharif,407.0,111.0,0.27,Hectare,Tonnes,Tonne/Hectare,Alluvial,66.7,Red & Yellow,Inceptisols,Typic Haplustepts,Loamy,Very deep,Well drained,Slightly acidic,Alluvium,9
Maharashtra,Gadchiroli,2016-2017,Sesamum,Rabi,200.0,100.0,0.5,Hectare,Tonnes,Tonne/Hectare,Alluvial,66.7,Red & Yellow,Inceptisols,Typic Haplustepts,Loamy,Very deep,Well drained,Slightly acidic,Alluvium,9
Maharashtra,Gadchiroli,2016-2017,Soyabean,Kharif,2100.0,1800.0,0.86,Hectare,Tonnes,Tonne/Hectare,Alluvial,66.7,Red & Yellow,Inceptisols,Typic Haplustepts,Loamy,Very deep,Well drained,Slightly acidic,Alluvium,9
Maharashtra,Gadchiroli,2016-2017,Urad,Kharif,35.0,15.0,0.43,Hectare,Tonnes,Tonne/Hectare,Alluvial,66.7,Red & Yellow,Inceptisols,Typic Haplustepts,Loamy,Very deep,Well drained,Slightly acidic,Alluvium,9
Maharashtra,Gadchiroli,2016-2017,Wheat,Rabi,900.0,1300.0,1.44,Hectare,Tonnes,Tonne/Hectare,Alluvial,66.7,Red & Yellow,Inceptisols,Typic Haplustepts,Loamy,Very deep,Well drained,Slightly acidic,Alluvium,9
Maharashtra,Gadchiroli,2016-2017,other oilseeds,Summer,18.0,4.0,0.22,Hectare,Tonnes,Tonne/Hectare,Alluvial,66.7,Red & Yellow,Inceptisols,Typic Haplustepts,Loamy,Very deep,Well drained,Slightly acidic,Alluvium,9
Maharashtra,Gondia,2016-2017,Arhar/Tur,Kharif,6560.0,12754.0,1.94,Hectare,Tonnes,Tonne/Hectare,Black (Regur),71.4,Alluvial,Vertisols,Chromic Haplusterts,Clayey,Very deep,Moderately well drained,Slightly acidic,Alluvium,7
Maharashtra,Gondia,2016-2017,Gram,Rabi,5100.0,2600.0,0.51,Hectare,Tonnes,Tonne/Hectare,Black (Regur),71.4,Alluvial,Vertisols,Chromic Haplusterts,Clayey,Very deep,Moderately well drained,Slightly acidic,Alluvium,7
Maharashtra,Gondia,2016-2017,Linseed,Rabi,2600.0,500.0,0.19,Hectare,Tonnes,Tonne/Hectare,Black (Regur),71.4,Alluvial,Vertisols,Chromic Haplusterts,Clayey,Very deep,Moderately well drained,Slightly acidic,Alluvium,7
Maharashtra,Gondia,2016-2017,Maize,Kharif,10.0,40.0,4.0,Hectare,Tonnes,Tonne/Hectare,Black (Regur),71.4,Alluvial,Vertisols,Chromic Haplusterts,Clayey,Very deep,Moderately well drained,Slightly acidic,Alluvium,7
Maharashtra,Gondia,2016-2017,Maize,Rabi,6.0,11.0,1.83,Hectare,Tonnes,Tonne/Hectare,Black (Regur),71.4,Alluvial,Vertisols,Chromic Haplusterts,Clayey,Very deep,Moderately well drained,Slightly acidic,Alluvium,7
Maharashtra,Gondia,2016-2017,Maize,Summer,600.0,900.0,1.5,Hectare,Tonnes,Tonne/Hectare,Black (Regur),71.4,Alluvial,Vertisols,Chromic Haplusterts,Clayey,Very deep,Moderately well drained,Slightly acidic,Alluvium,7
Maharashtra,Gondia,2016-2017,Moong(Green Gram),Kharif,6.0,2.0,0.33,Hectare,Tonnes,Tonne/Hectare,Black (Regur),71.4,Alluvial,Vertisols,Chromic Haplusterts,Clayey,Very deep,Moderately well drained,Slightly acidic,Alluvium,7
Maharashtra,Gondia,2016-2017,Other Kharif pulses,Kharif,200.0,100.0,0.5,Hectare,Tonnes,Tonne/Hectare,Black (Regur),71.4,Alluvial,Vertisols,Chromic Haplusterts,Clayey,Very deep,Moderately well drained,Slightly acidic,Alluvium,7
Maharashtra,Gondia,2016-2017,Other Rabi pulses,Rabi,12600.0,6000.0,0.48,Hectare,Tonnes,Tonne/Hectare,Black (Regur),71.4,Alluvial,Vertisols,Chromic Haplusterts,Clayey,Very deep,Moderately well drained,Slightly acidic,Alluvium,7
Maharashtra,Gondia,2016-2017,Other Summer Pulses,Summer,10.0,3.0,0.3,Hectare,Tonnes,Tonne/Hectare,Black (Regur),71.4,Alluvial,Vertisols,Chromic Haplusterts,Clayey,Very deep,Moderately well drained,Slightly acidic,Alluvium,7
Maharashtra,Gondia,2016-2017,Rapeseed &Mustard,Rabi,100.0,20.0,0.2,Hectare,Tonnes,Tonne/Hectare,Black (Regur),71.4,Alluvial,Vertisols,Chromic Haplusterts,Clayey,Very deep,Moderately well drained,Slightly acidic,Alluvium,7
Maharashtra,Gondia,2016-2017,Rice,Kharif,173200.0,423300.0,2.44,Hectare,Tonnes,Tonne/Hectare,Black (Regur),71.4,Alluvial,Vertisols,Chromic Haplusterts,Clayey,Very deep,Moderately well drained,Slightly acidic,Alluvium,7
Maharashtra,Gondia,2016-2017,Rice,Summer,36100.0,87000.0,2.41,Hectare,Tonnes,Tonne/Hectare,Black (Regur),71.4,Alluvial,Vertisols,Chromic Haplusterts,Clayey,Very deep,Moderately well drained,Slightly acidic,Alluvium,7
Maharashtra,Gondia,2016-2017,Sesamum,Kharif,1278.0,350.0,0.27,Hectare,Tonnes,Tonne/Hectare,Black (Regur),71.4,Alluvial,Vertisols,Chromic Haplusterts,Clayey,Very deep,Moderately well drained,Slightly acidic,Alluvium,7
Maharashtra,Gondia,2016-2017,Sesamum,Summer,6.0,1.0,0.17,Hectare,Tonnes,Tonne/Hectare,Black (Regur),71.4,Alluvial,Vertisols,Chromic Haplusterts,Clayey,Very deep,Moderately well drained,Slightly acidic,Alluvium,7
Maharashtra,Gondia,2016-2017,Sugarcane,Whole Year,667.0,28300.0,42.43,Hectare,Tonnes,Tonne/Hectare,Black (Regur),71.4,Alluvial,Vertisols,Chromic Haplusterts,Clayey,Very deep,Moderately well drained,Slightly acidic,Alluvium,7
Maharashtra,Gondia,2016-2017,Urad,Kharif,163.0,70.0,0.43,Hectare,Tonnes,Tonne/Hectare,Black (Regur),71.4,Alluvial,Vertisols,Chromic Haplusterts,Clayey,Very deep,Moderately well drained,Slightly acidic,Alluvium,7
Maharashtra,Gondia,2016-2017,Wheat,Rabi,2000.0,2100.0,1.05,Hectare,Tonnes,Tonne/Hectare,Black (Regur),71.4,Alluvial,Vertisols,Chromic Haplusterts,Clayey,Very deep,Moderately well drained,Slightly acidic,Alluvium,7
Maharashtra,Hingoli,2016-2017,Arhar/Tur,Kharif,76379.0,82738.0,1.08,Hectare,Tonnes,Tonne/Hectare,Saline / Alkaline,77.8,Black (Regur),Vertisols,Chromic Haplusterts,Clayey,Deep,Imperfectly drained,Others,,9
Maharashtra,Hingoli,2016-2017,Bajra,Kharif,300.0,86.0,0.29,Hectare,Tonnes,Tonne/Hectare,Saline / Alkaline,77.8,Black (Regur),Vertisols,Chromic Haplusterts,Clayey,Deep,Imperfectly drained,Others,,9
Maharashtra,Hingoli,2016-2017,Castor seed,Kharif,600.0,100.0,0.17,Hectare,Tonnes,Tonne/Hectare,Saline / Alkaline,77.8,Black (Regur),Vertisols,Chromic Haplusterts,Clayey,Deep,Imperfectly drained,Others,,9
Maharashtra,Hingoli,2016-2017,Cotton(lint),Kharif,75000.0,157400.0,2.1,Hectare,Bales,Bales/Hectare,Saline / Alkaline,77.8,Black (Regur),Vertisols,Chromic Haplusterts,Clayey,Deep,Imperfectly drained,Others,,9
Maharashtra,Hingoli,2016-2017,Gram,Rabi,69900.0,78700.0,1.13,Hectare,Tonnes,Tonne/Hectare,Saline / Alkaline,77.8,Black (Regur),Vertisols,Chromic Haplusterts,Clayey,Deep,Imperfectly drained,Others,,9
Maharashtra,Hingoli,2016-2017,Groundnut,Kharif,200.0,100.0,0.5,Hectare,Tonnes,Tonne/Hectare,Saline / Alkaline,77.8,Black (Regur),Vertisols,Chromic Haplusterts,Clayey,Deep,Imperfectly drained,Others,,9
Maharashtra,Hingoli,2016-2017,Groundnut,Summer,1900.0,2100.0,1.11,Hectare,Tonnes,Tonne/Hectare,Saline / Alkaline,77.8,Black (Regur),Vertisols,Chromic Haplusterts,Clayey,Deep,Imperfectly drained,Others,,9
Maharashtra,Hingoli,2016-2017,Jowar,Kharif,54800.0,25500.0,0.47,Hectare,Tonnes,Tonne/Hectare,Saline / Alkaline,77.8,Black (Regur),Vertisols,Chromic Haplusterts,Clayey,Deep,Imperfectly drained,Others,,9
Maharashtra,Hingoli,2016-2017,Jowar,Rabi,8100.0,5500.0,0.68,Hectare,Tonnes,Tonne/Hectare,Saline / Alkaline,77.8,Black (Regur),Vertisols,Chromic Haplusterts,Clayey,Deep,Imperfectly drained,Others,,9
Maharashtra,Hingoli,2016-2017,Maize,Kharif,2200.0,800.0,0.36,Hectare,Tonnes,Tonne/Hectare,Saline / Alkaline,77.8,Black (Regur),Vertisols,Chromic Haplusterts,Clayey,Deep,Imperfectly drained,Others,,9
Maharashtra,Hingoli,2016-2017,Maize,Rabi,2000.0,3500.0,1.75,Hectare,Tonnes,Tonne/Hectare,Saline / Alkaline,77.8,Black (Regur),Vertisols,Chromic Haplusterts,Clayey,Deep,Imperfectly drained,Others,,9
Maharashtra,Hingoli,2016-2017,Maize,Summer,900.0,1400.0,1.56,Hectare,Tonnes,Tonne/Hectare,Saline / Alkaline,77.8,Black (Regur),Vertisols,Chromic Haplusterts,Clayey,Deep,Imperfectly drained,Others,,9
Maharashtra,Hingoli,2016-2017,Moong(Green Gram),Kharif,27362.0,13270.0,0.48,Hectare,Tonnes,Tonne/Hectare,Saline / Alkaline,77.8,Black (Regur),Vertisols,Chromic Haplusterts,Clayey,Deep,Imperfectly drained,Others,,9
Maharashtra,Hingoli,2016-2017,Other Cereals,Kharif,100.0,20.0,0.2,Hectare,Tonnes,Tonne/Hectare,Saline / Alkaline,77.8,Black (Regur),Vertisols,Chromic Haplusterts,Clayey,Deep,Imperfectly drained,Others,,9
Maharashtra,Hingoli,2016-2017,Other Cereals,Rabi,800.0,500.0,0.63,Hectare,Tonnes,Tonne/Hectare,Saline / Alkaline,77.8,Black (Regur),Vertisols,Chromic Haplusterts,Clayey,Deep,Imperfectly drained,Others,,9
Maharashtra,Hingoli,2016-2017,Other Cereals,Summer,40.0,100.0,2.5,Hectare,Tonnes,Tonne/Hectare,Saline / Alkaline,77.8,Black (Regur),Vertisols,Chromic Haplusterts,Clayey,Deep,Imperfectly drained,Others,,9
Maharashtra,Hingoli,2016-2017,Other Kharif pulses,Kharif,200.0,100.0,0.5,Hectare,Tonnes,Tonne/Hectare,Saline / Alkaline,77.8,Black (Regur),Vertisols,Chromic Haplusterts,Clayey,Deep,Imperfectly drained,Others,,9
Maharashtra,Hingoli,2016-2017,Other Rabi pulses,Rabi,200.0,100.0,0.5,Hectare,Tonnes,Tonne/Hectare,Saline / Alkaline,77.8,Black (Regur),Vertisols,Chromic Haplusterts,Clayey,Deep,Imperfectly drained,Others,,9
Maharashtra,Hingoli,2016-2017,Rapeseed &Mustard,Rabi,100.0,40.0,0.4,Hectare,Tonnes,Tonne/Hectare,Saline / Alkaline,77.8,Black (Regur),Vertisols,Chromic Haplusterts,Clayey,Deep,Imperfectly drained,Others,,9
Maharashtra,Hingoli,2016-2017,Safflower,Rabi,9700.0,7000.0,0.72,Hectare,Tonnes,Tonne/Hectare,Saline / Alkaline,77.8,Black (Regur),Vertisols,Chromic Haplusterts,Clayey,Deep,Imperfectly drained,Others,,9
Maharashtra,Hingoli,2016-2017,Sesamum,Kharif,2515.0,429.0,0.17,Hectare,Tonnes,Tonne/Hectare,Saline / Alkaline,77.8,Black (Regur),Vertisols,Chromic Haplusterts,Clayey,Deep,Imperfectly drained,Others,,9
Maharashtra,Hingoli,2016-2017,Sesamum,Rabi,10.0,2.0,0.2,Hectare,Tonnes,Tonne/Hectare,Saline / Alkaline,77.8,Black (Regur),Vertisols,Chromic Haplusterts,Clayey,Deep,Imperfectly drained,Others,,9
Maharashtra,Hingoli,2016-2017,Soyabean,Kharif,171600.0,184000.0,1.07,Hectare,Tonnes,Tonne/Hectare,Saline / Alkaline,77.8,Black (Regur),Vertisols,Chromic Haplusterts,Clayey,Deep,Imperfectly drained,Others,,9
Maharashtra,Hingoli,2016-2017,Sugarcane,Whole Year,5000.0,312700.0,62.54,Hectare,Tonnes,Tonne/Hectare,Saline / Alkaline,77.8,Black (Regur),Vertisols,Chromic Haplusterts,Clayey,Deep,Imperfectly drained,Others,,9
Maharashtra,Hingoli,2016-2017,Sunflower,Rabi,80.0,88.0,1.1,Hectare,Tonnes,Tonne/Hectare,Saline / Alkaline,77.8,Black (Regur),Vertisols,Chromic Haplusterts,Clayey,Deep,Imperfectly drained,Others,,9
Maharashtra,Hingoli,2016-2017,Sunflower,Summer,10.0,5.0,0.5,Hectare,Tonnes,Tonne/Hectare,Saline / Alkaline,77.8,Black (Regur),Vertisols,Chromic Haplusterts,Clayey,Deep,Imperfectly drained,Others,,9
Maharashtra,Hingoli,2016-2017,Urad,Kharif,17229.0,8320.0,0.48,Hectare,Tonnes,Tonne/Hectare,Saline / Alkaline,77.8,Black (Regur),Vertisols,Chromic Haplusterts,Clayey,Deep,Imperfectly drained,Others,,9
Maharashtra,Hingoli,2016-2017,Wheat,Rabi,31800.0,49900.0,1.57,Hectare,Tonnes,Tonne/Hectare,Saline / Alkaline,77.8,Black (Regur),Vertisols,Chromic Haplusterts,Clayey,Deep,Imperfectly drained,Others,,9
Maharashtra,Jalgaon,2016-2017,Arhar/Tur,Kharif,19764.0,21387.0,1.08,Hectare,Tonnes,Tonne/Hectare,Black (Regur),100.0,,Vertisols,Chromic Haplusterts,Clayey,Very deep,Well drained,Slightly alkaline,Alluvium,9
Maharashtra,Jalgaon,2016-2017,Bajra,Kharif,20500.0,28700.0,1.4,Hectare,Tonnes,Tonne/Hectare,Black (Regur),100.0,,Vertisols,Chromic Haplusterts,Clayey,Very deep,Well drained,Slightly alkaline,Alluvium,9
Maharashtra,Jalgaon,2016-2017,Cotton(lint),Kharif,504200.0,1462300.0,2.9,Hectare,Bales,Bales/Hectare,Black (Regur),100.0,,Vertisols,Chromic Haplusterts,Clayey,Very deep,Well drained,Slightly alkaline,Alluvium,9
Maharashtra,Jalgaon,2016-2017,Gram,Rabi,64300.0,89200.0,1.39,Hectare,Tonnes,Tonne/Hectare,Black (Regur),100.0,,Vertisols,Chromic Haplusterts,Clayey,Very deep,Well drained,Slightly alkaline,Alluvium,9
Maharashtra,Jalgaon,2016-2017,Groundnut,Kharif,2700.0,3600.0,1.33,Hectare,Tonnes,Tonne/Hectare,Black (Regur),100.0,,Vertisols,Chromic Haplusterts,Clayey,Very deep,Well drained,Slightly alkaline,Alluvium,9
Maharashtra,Jalgaon,2016-2017,Groundnut,Summer,2200.0,3200.0,1.45,Hectare,Tonnes,Tonne/Hectare,Black (Regur),100.0,,Vertisols,Chromic Haplusterts,Clayey,Very deep,Well drained,Slightly alkaline,Alluvium,9
Maharashtra,Jalgaon,2016-2017,Jowar,Kharif,54900.0,126400.0,2.3,Hectare,Tonnes,Tonne/Hectare,Black (Regur),100.0,,Vertisols,Chromic Haplusterts,Clayey,Very deep,Well drained,Slightly alkaline,Alluvium,9
Maharashtra,Jalgaon,2016-2017,Jowar,Rabi,34100.0,53800.0,1.58,Hectare,Tonnes,Tonne/Hectare,Black (Regur),100.0,,Vertisols,Chromic Haplusterts,Clayey,Very deep,Well drained,Slightly alkaline,Alluvium,9
Maharashtra,Jalgaon,2016-2017,Linseed,Rabi,40.0,20.4,0.51,Hectare,Tonnes,Tonne/Hectare,Black (Regur),100.0,,Vertisols,Chromic Haplusterts,Clayey,Very deep,Well drained,Slightly alkaline,Alluvium,9
Maharashtra,Jalgaon,2016-2017,Maize,Kharif,113300.0,420000.0,3.71,Hectare,Tonnes,Tonne/Hectare,Black (Regur),100.0,,Vertisols,Chromic Haplusterts,Clayey,Very deep,Well drained,Slightly alkaline,Alluvium,9
Maharashtra,Jalgaon,2016-2017,Maize,Rabi,64200.0,203100.0,3.16,Hectare,Tonnes,Tonne/Hectare,Black (Regur),100.0,,Vertisols,Chromic Haplusterts,Clayey,Very deep,Well drained,Slightly alkaline,Alluvium,9
Maharashtra,Jalgaon,2016-2017,Maize,Summer,20100.0,47200.0,2.35,Hectare,Tonnes,Tonne/Hectare,Black (Regur),100.0,,Vertisols,Chromic Haplusterts,Clayey,Very deep,Well drained,Slightly alkaline,Alluvium,9
Maharashtra,Jalgaon,2016-2017,Moong(Green Gram),Kharif,31321.0,21245.0,0.68,Hectare,Tonnes,Tonne/Hectare,Black (Regur),100.0,,Vertisols,Chromic Haplusterts,Clayey,Very deep,Well drained,Slightly alkaline,Alluvium,9
Maharashtra,Jalgaon,2016-2017,Other Cereals,Kharif,1900.0,1400.0,0.74,Hectare,Tonnes,Tonne/Hectare,Black (Regur),100.0,,Vertisols,Chromic Haplusterts,Clayey,Very deep,Well drained,Slightly alkaline,Alluvium,9
Maharashtra,Jalgaon,2016-2017,Other Cereals,Rabi,2400.0,600.0,0.25,Hectare,Tonnes,Tonne/Hectare,Black (Regur),100.0,,Vertisols,Chromic Haplusterts,Clayey,Very deep,Well drained,Slightly alkaline,Alluvium,9
Maharashtra,Jalgaon,2016-2017,Other Cereals,Summer,7100.0,6300.0,0.89,Hectare,Tonnes,Tonne/Hectare,Black (Regur),100.0,,Vertisols,Chromic Haplusterts,Clayey,Very deep,Well drained,Slightly alkaline,Alluvium,9
Maharashtra,Jalgaon,2016-2017,Other Kharif pulses,Kharif,800.0,500.0,0.63,Hectare,Tonnes,Tonne/Hectare,Black (Regur),100.0,,Vertisols,Chromic Haplusterts,Clayey,Very deep,Well drained,Slightly alkaline,Alluvium,9
Maharashtra,Jalgaon,2016-2017,Other Rabi pulses,Rabi,40.0,30.0,0.75,Hectare,Tonnes,Tonne/Hectare,Black (Regur),100.0,,Vertisols,Chromic Haplusterts,Clayey,Very deep,Well drained,Slightly alkaline,Alluvium,9
Maharashtra,Jalgaon,2016-2017,Rapeseed &Mustard,Rabi,20.0,10.0,0.5,Hectare,Tonnes,Tonne/Hectare,Black (Regur),100.0,,Vertisols,Chromic Haplusterts,Clayey,Very deep,Well drained,Slightly alkaline,Alluvium,9
Maharashtra,Jalgaon,2016-2017,Safflower,Rabi,110.0,50.0,0.45,Hectare,Tonnes,Tonne/Hectare,Black (Regur),100.0,,Vertisols,Chromic Haplusterts,Clayey,Very deep,Well drained,Slightly alkaline,Alluvium,9
Maharashtra,Jalgaon,2016-2017,Sesamum,Kharif,3334.0,1421.0,0.43,Hectare,Tonnes,Tonne/Hectare,Black (Regur),100.0,,Vertisols,Chromic Haplusterts,Clayey,Very deep,Well drained,Slightly alkaline,Alluvium,9
Maharashtra,Jalgaon,2016-2017,Sesamum,Rabi,100.0,27500.0,275.0,Hectare,Tonnes,Tonne/Hectare,Black (Regur),100.0,,Vertisols,Chromic Haplusterts,Clayey,Very deep,Well drained,Slightly alkaline,Alluvium,9
Maharashtra,Jalgaon,2016-2017,Soyabean,Kharif,33900.0,63600.0,1.88,Hectare,Tonnes,Tonne/Hectare,Black (Regur),100.0,,Vertisols,Chromic Haplusterts,Clayey,Very deep,Well drained,Slightly alkaline,Alluvium,9
Maharashtra,Jalgaon,2016-2017,Sugarcane,Whole Year,9163.0,845900.0,92.32,Hectare,Tonnes,Tonne/Hectare,Black (Regur),100.0,,Vertisols,Chromic Haplusterts,Clayey,Very deep,Well drained,Slightly alkaline,Alluvium,9
Maharashtra,Jalgaon,2016-2017,Sunflower,Kharif,9.0,3.0,0.33,Hectare,Tonnes,Tonne/Hectare,Black (Regur),100.0,,Vertisols,Chromic Haplusterts,Clayey,Very deep,Well drained,Slightly alkaline,Alluvium,9
Maharashtra,Jalgaon,2016-2017,Urad,Kharif,31026.0,23012.0,0.74,Hectare,Tonnes,Tonne/Hectare,Black (Regur),100.0,,Vertisols,Chromic Haplusterts,Clayey,Very deep,Well drained,Slightly alkaline,Alluvium,9
Maharashtra,Jalgaon,2016-2017,Wheat,Rabi,52700.0,106100.0,2.01,Hectare,Tonnes,Tonne/Hectare,Black (Regur),100.0,,Vertisols,Chromic Haplusterts,Clayey,Very deep,Well drained,Slightly alkaline,Alluvium,9
Maharashtra,Jalna,2016-2017,Arhar/Tur,Kharif,46176.0,61424.0,1.33,Hectare,Tonnes,Tonne/Hectare,Black (Regur),100.0,,Entisols,Lithic Ustorthents,Loamy,Shallow,Well drained,Neutral,Basalt,9
Maharashtra,Jalna,2016-2017,Bajra,Kharif,21900.0,18500.0,0.84,Hectare,Tonnes,Tonne/Hectare,Black (Regur),100.0,,Entisols,Lithic Ustorthents,Loamy,Shallow,Well drained,Neutral,Basalt,9
Maharashtra,Jalna,2016-2017,Castor seed,Kharif,100.0,20.0,0.2,Hectare,Tonnes,Tonne/Hectare,Black (Regur),100.0,,Entisols,Lithic Ustorthents,Loamy,Shallow,Well drained,Neutral,Basalt,9
Maharashtra,Jalna,2016-2017,Cotton(lint),Kharif,266400.0,698800.0,2.62,Hectare,Bales,Bales/Hectare,Black (Regur),100.0,,Entisols,Lithic Ustorthents,Loamy,Shallow,Well drained,Neutral,Basalt,9
Maharashtra,Jalna,2016-2017,Gram,Rabi,56300.0,67600.0,1.2,Hectare,Tonnes,Tonne/Hectare,Black (Regur),100.0,,Entisols,Lithic Ustorthents,Loamy,Shallow,Well drained,Neutral,Basalt,9
Maharashtra,Jalna,2016-2017,Groundnut,Kharif,900.0,500.0,0.56,Hectare,Tonnes,Tonne/Hectare,Black (Regur),100.0,,Entisols,Lithic Ustorthents,Loamy,Shallow,Well drained,Neutral,Basalt,9
Maharashtra,Jalna,2016-2017,Groundnut,Summer,200.0,300.0,1.5,Hectare,Tonnes,Tonne/Hectare,Black (Regur),100.0,,Entisols,Lithic Ustorthents,Loamy,Shallow,Well drained,Neutral,Basalt,9
Maharashtra,Jalna,2016-2017,Jowar,Kharif,2200.0,3300.0,1.5,Hectare,Tonnes,Tonne/Hectare,Black (Regur),100.0,,Entisols,Lithic Ustorthents,Loamy,Shallow,Well drained,Neutral,Basalt,9
Maharashtra,Jalna,2016-2017,Jowar,Rabi,102200.0,113800.0,1.11,Hectare,Tonnes,Tonne/Hectare,Black (Regur),100.0,,Entisols,Lithic Ustorthents,Loamy,Shallow,Well drained,Neutral,Basalt,9
Maharashtra,Jalna,2016-2017,Linseed,Rabi,10.0,3.0,0.3,Hectare,Tonnes,Tonne/Hectare,Black (Regur),100.0,,Entisols,Lithic Ustorthents,Loamy,Shallow,Well drained,Neutral,Basalt,9
Maharashtra,Jalna,2016-2017,Maize,Kharif,53600.0,130900.0,2.44,Hectare,Tonnes,Tonne/Hectare,Black (Regur),100.0,,Entisols,Lithic Ustorthents,Loamy,Shallow,Well drained,Neutral,Basalt,9
Maharashtra,Jalna,2016-2017,Maize,Rabi,17200.0,76200.0,4.43,Hectare,Tonnes,Tonne/Hectare,Black (Regur),100.0,,Entisols,Lithic Ustorthents,Loamy,Shallow,Well drained,Neutral,Basalt,9
Maharashtra,Jalna,2016-2017,Maize,Summer,500.0,800.0,1.6,Hectare,Tonnes,Tonne/Hectare,Black (Regur),100.0,,Entisols,Lithic Ustorthents,Loamy,Shallow,Well drained,Neutral,Basalt,9
Maharashtra,Jalna,2016-2017,Moong(Green Gram),Kharif,52759.0,35222.0,0.67,Hectare,Tonnes,Tonne/Hectare,Black (Regur),100.0,,Entisols,Lithic Ustorthents,Loamy,Shallow,Well drained,Neutral,Basalt,9
Maharashtra,Jalna,2016-2017,Niger seed,Kharif,36.0,6.0,0.17,Hectare,Tonnes,Tonne/Hectare,Black (Regur),100.0,,Entisols,Lithic Ustorthents,Loamy,Shallow,Well drained,Neutral,Basalt,9
Maharashtra,Jalna,2016-2017,Other Cereals,Kharif,100.0,100.0,1.0,Hectare,Tonnes,Tonne/Hectare,Black (Regur),100.0,,Entisols,Lithic Ustorthents,Loamy,Shallow,Well drained,Neutral,Basalt,9
Maharashtra,Jalna,2016-2017,Other Cereals,Summer,40.0,70.0,1.75,Hectare,Tonnes,Tonne/Hectare,Black (Regur),100.0,,Entisols,Lithic Ustorthents,Loamy,Shallow,Well drained,Neutral,Basalt,9
Maharashtra,Jalna,2016-2017,Other Kharif pulses,Kharif,300.0,100.0,0.33,Hectare,Tonnes,Tonne/Hectare,Black (Regur),100.0,,Entisols,Lithic Ustorthents,Loamy,Shallow,Well drained,Neutral,Basalt,9
Maharashtra,Jalna,2016-2017,Other Rabi pulses,Rabi,100.0,40.0,0.4,Hectare,Tonnes,Tonne/Hectare,Black (Regur),100.0,,Entisols,Lithic Ustorthents,Loamy,Shallow,Well drained,Neutral,Basalt,9
Maharashtra,Jalna,2016-2017,Other Summer Pulses,Summer,10.0,10.0,1.0,Hectare,Tonnes,Tonne/Hectare,Black (Regur),100.0,,Entisols,Lithic Ustorthents,Loamy,Shallow,Well drained,Neutral,Basalt,9
Maharashtra,Jalna,2016-2017,Rapeseed &Mustard,Rabi,200.0,50.0,0.25,Hectare,Tonnes,Tonne/Hectare,Black (Regur),100.0,,Entisols,Lithic Ustorthents,Loamy,Shallow,Well drained,Neutral,Basalt,9
Maharashtra,Jalna,2016-2017,Safflower,Rabi,100.0,100.0,1.0,Hectare,Tonnes,Tonne/Hectare,Black (Regur),100.0,,Entisols,Lithic Ustorthents,Loamy,Shallow,Well drained,Neutral,Basalt,9
Maharashtra,Jalna,2016-2017,Sesamum,Kharif,103.0,19.0,0.18,Hectare,Tonnes,Tonne/Hectare,Black (Regur),100.0,,Entisols,Lithic Ustorthents,Loamy,Shallow,Well drained,Neutral,Basalt,9
Maharashtra,Jalna,2016-2017,Soyabean,Kharif,112800.0,171500.0,1.52,Hectare,Tonnes,Tonne/Hectare,Black (Regur),100.0,,Entisols,Lithic Ustorthents,Loamy,Shallow,Well drained,Neutral,Basalt,9
Maharashtra,Jalna,2016-2017,Sugarcane,Whole Year,16430.0,611600.0,37.22,Hectare,Tonnes,Tonne/Hectare,Black (Regur),100.0,,Entisols,Lithic Ustorthents,Loamy,Shallow,Well drained,Neutral,Basalt,9
Maharashtra,Jalna,2016-2017,Sunflower,Kharif,52.0,3.0,0.06,Hectare,Tonnes,Tonne/Hectare,Black (Regur),100.0,,Entisols,Lithic Ustorthents,Loamy,Shallow,Well drained,Neutral,Basalt,9
Maharashtra,Jalna,2016-2017,Urad,Kharif,24144.0,20131.0,0.83,Hectare,Tonnes,Tonne/Hectare,Black (Regur),100.0,,Entisols,Lithic Ustorthents,Loamy,Shallow,Well drained,Neutral,Basalt,9
Maharashtra,Jalna,2016-2017,Wheat,Rabi,39100.0,63000.0,1.61,Hectare,Tonnes,Tonne/Hectare,Black (Regur),100.0,,Entisols,Lithic Ustorthents,Loamy,Shallow,Well drained,Neutral,Basalt,9
Maharashtra,Kolhapur,2016-2017,Arhar/Tur,Kharif,1321.0,498.0,0.38,Hectare,Tonnes,Tonne/Hectare,Red & Yellow,44.4,Mountain / Forest,Entisols,Lithic Ustorthents,Loamy,Shallow,Excessively drained,Others,,9
Maharashtra,Kolhapur,2016-2017,Gram,Rabi,8900.0,7500.0,0.84,Hectare,Tonnes,Tonne/Hectare,Red & Yellow,44.4,Mountain / Forest,Entisols,Lithic Ustorthents,Loamy,Shallow,Excessively drained,Others,,9
Maharashtra,Kolhapur,2016-2017,Groundnut,Kharif,48000.0,90200.0,1.88,Hectare,Tonnes,Tonne/Hectare,Red & Yellow,44.4,Mountain / Forest,Entisols,Lithic Ustorthents,Loamy,Shallow,Excessively drained,Others,,9
Maharashtra,Kolhapur,2016-2017,Groundnut,Summer,900.0,2500.0,2.78,Hectare,Tonnes,Tonne/Hectare,Red & Yellow,44.4,Mountain / Forest,Entisols,Lithic Ustorthents,Loamy,Shallow,Excessively drained,Others,,9
Maharashtra,Kolhapur,2016-2017,Jowar,Kharif,6000.0,9800.0,1.63,Hectare,Tonnes,Tonne/Hectare,Red & Yellow,44.4,Mountain / Forest,Entisols,Lithic Ustorthents,Loamy,Shallow,Excessively drained,Others,,9
Maharashtra,Kolhapur,2016-2017,Jowar,Rabi,15100.0,32600.0,2.16,Hectare,Tonnes,Tonne/Hectare,Red & Yellow,44.4,Mountain / Forest,Entisols,Lithic Ustorthents,Loamy,Shallow,Excessively drained,Others,,9
Maharashtra,Kolhapur,2016-2017,Maize,Kharif,3400.0,13700.0,4.03,Hectare,Tonnes,Tonne/Hectare,Red & Yellow,44.4,Mountain / Forest,Entisols,Lithic Ustorthents,Loamy,Shallow,Excessively drained,Others,,9
Maharashtra,Kolhapur,2016-2017,Maize,Rabi,7400.0,28100.0,3.8,Hectare,Tonnes,Tonne/Hectare,Red & Yellow,44.4,Mountain / Forest,Entisols,Lithic Ustorthents,Loamy,Shallow,Excessively drained,Others,,9
Maharashtra,Kolhapur,2016-2017,Maize,Summer,1200.0,2600.0,2.17,Hectare,Tonnes,Tonne/Hectare,Red & Yellow,44.4,Mountain / Forest,Entisols,Lithic Ustorthents,Loamy,Shallow,Excessively drained,Others,,9
Maharashtra,Kolhapur,2016-2017,Moong(Green Gram),Kharif,1317.0,968.0,0.74,Hectare,Tonnes,Tonne/Hectare,Red & Yellow,44.4,Mountain / Forest,Entisols,Lithic Ustorthents,Loamy,Shallow,Excessively drained,Others,,9
Maharashtra,Kolhapur,2016-2017,Niger seed,Kharif,185.0,31.0,0.17,Hectare,Tonnes,Tonne/Hectare,Red & Yellow,44.4,Mountain / Forest,Entisols,Lithic Ustorthents,Loamy,Shallow,Excessively drained,Others,,9
Maharashtra,Kolhapur,2016-2017,Other Cereals,Kharif,1500.0,700.0,0.47,Hectare,Tonnes,Tonne/Hectare,Red & Yellow,44.4,Mountain / Forest,Entisols,Lithic Ustorthents,Loamy,Shallow,Excessively drained,Others,,9
Maharashtra,Kolhapur,2016-2017,Other Cereals,Rabi,900.0,400.0,0.44,Hectare,Tonnes,Tonne/Hectare,Red & Yellow,44.4,Mountain / Forest,Entisols,Lithic Ustorthents,Loamy,Shallow,Excessively drained,Others,,9
Maharashtra,Kolhapur,2016-2017,Other Kharif pulses,Kharif,2000.0,800.0,0.4,Hectare,Tonnes,Tonne/Hectare,Red & Yellow,44.4,Mountain / Forest,Entisols,Lithic Ustorthents,Loamy,Shallow,Excessively drained,Others,,9
Maharashtra,Kolhapur,2016-2017,Other Rabi pulses,Rabi,4600.0,2200.0,0.48,Hectare,Tonnes,Tonne/Hectare,Red & Yellow,44.4,Mountain / Forest,Entisols,Lithic Ustorthents,Loamy,Shallow,Excessively drained,Others,,9
Maharashtra,Kolhapur,2016-2017,Other Summer Pulses,Summer,300.0,300.0,1.0,Hectare,Tonnes,Tonne/Hectare,Red & Yellow,44.4,Mountain / Forest,Entisols,Lithic Ustorthents,Loamy,Shallow,Excessively drained,Others,,9
Maharashtra,Kolhapur,2016-2017,Ragi,Kharif,21700.0,36100.0,1.66,Hectare,Tonnes,Tonne/Hectare,Red & Yellow,44.4,Mountain / Forest,Entisols,Lithic Ustorthents,Loamy,Shallow,Excessively drained,Others,,9
Maharashtra,Kolhapur,2016-2017,Rapeseed &Mustard,Rabi,100.0,20.0,0.2,Hectare,Tonnes,Tonne/Hectare,Red & Yellow,44.4,Mountain / Forest,Entisols,Lithic Ustorthents,Loamy,Shallow,Excessively drained,Others,,9
Maharashtra,Kolhapur,2016-2017,Rice,Kharif,113800.0,396000.0,3.48,Hectare,Tonnes,Tonne/Hectare,Red & Yellow,44.4,Mountain / Forest,Entisols,Lithic Ustorthents,Loamy,Shallow,Excessively drained,Others,,9
Maharashtra,Kolhapur,2016-2017,Rice,Summer,400.0,1800.0,4.5,Hectare,Tonnes,Tonne/Hectare,Red & Yellow,44.4,Mountain / Forest,Entisols,Lithic Ustorthents,Loamy,Shallow,Excessively drained,Others,,9
Maharashtra,Kolhapur,2016-2017,Sesamum,Kharif,26.0,7.0,0.27,Hectare,Tonnes,Tonne/Hectare,Red & Yellow,44.4,Mountain / Forest,Entisols,Lithic Ustorthents,Loamy,Shallow,Excessively drained,Others,,9
Maharashtra,Kolhapur,2016-2017,Soyabean,Kharif,52700.0,124300.0,2.36,Hectare,Tonnes,Tonne/Hectare,Red & Yellow,44.4,Mountain / Forest,Entisols,Lithic Ustorthents,Loamy,Shallow,Excessively drained,Others,,9
Maharashtra,Kolhapur,2016-2017,Sugarcane,Whole Year,132631.0,12499000.0,94.24,Hectare,Tonnes,Tonne/Hectare,Red & Yellow,44.4,Mountain / Forest,Entisols,Lithic Ustorthents,Loamy,Shallow,Excessively drained,Others,,9
Maharashtra,Kolhapur,2016-2017,Sunflower,Kharif,1763.0,616.0,0.35,Hectare,Tonnes,Tonne/Hectare,Red & Yellow,44.4,Mountain / Forest,Entisols,Lithic Ustorthents,Loamy,Shallow,Excessively drained,Others,,9
Maharashtra,Kolhapur,2016-2017,Sunflower,Rabi,500.0,400.0,0.8,Hectare,Tonnes,Tonne/Hectare,Red & Yellow,44.4,Mountain / Forest,Entisols,Lithic Ustorthents,Loamy,Shallow,Excessively drained,Others,,9
Maharashtra,Kolhapur,2016-2017,Sunflower,Summer,300.0,600.0,2.0,Hectare,Tonnes,Tonne/Hectare,Red & Yellow,44.4,Mountain / Forest,Entisols,Lithic Ustorthents,Loamy,Shallow,Excessively drained,Others,,9
Maharashtra,Kolhapur,2016-2017,Tobacco,Whole Year,800.0,1100.0,1.38,Hectare,Tonnes,Tonne/Hectare,Red & Yellow,44.4,Mountain / Forest,Entisols,Lithic Ustorthents,Loamy,Shallow,Excessively drained,Others,,9
Maharashtra,Kolhapur,2016-2017,Wheat,Rabi,4300.0,9700.0,2.26,Hectare,Tonnes,Tonne/Hectare,Red & Yellow,44.4,Mountain / Forest,Entisols,Lithic Ustorthents,Loamy,Shallow,Excessively drained,Others,,9
Maharashtra,Kolhapur,2016-2017,other oilseeds,Summer,160.0,80.0,0.5,Hectare,Tonnes,Tonne/Hectare,Red & Yellow,44.4,Mountain / Forest,Entisols,Lithic Ustorthents,Loamy,Shallow,Excessively drained,Others,,9
Maharashtra,Latur,2016-2017,Arhar/Tur,Kharif,126097.0,432434.0,3.43,Hectare,Tonnes,Tonne/Hectare,Black (Regur),55.6,Alluvial,Entisols,Lithic Ustorthents,Clayey,Shallow,Well drained,Slightly alkaline,Basalt,9
Maharashtra,Latur,2016-2017,Bajra,Kharif,2200.0,300.0,0.14,Hectare,Tonnes,Tonne/Hectare,Black (Regur),55.6,Alluvial,Entisols,Lithic Ustorthents,Clayey,Shallow,Well drained,Slightly alkaline,Basalt,9
Maharashtra,Latur,2016-2017,Castor seed,Kharif,500.0,100.0,0.2,Hectare,Tonnes,Tonne/Hectare,Black (Regur),55.6,Alluvial,Entisols,Lithic Ustorthents,Clayey,Shallow,Well drained,Slightly alkaline,Basalt,9
Maharashtra,Latur,2016-2017,Cotton(lint),Kharif,2700.0,11800.0,4.37,Hectare,Bales,Bales/Hectare,Black (Regur),55.6,Alluvial,Entisols,Lithic Ustorthents,Clayey,Shallow,Well drained,Slightly alkaline,Basalt,9
Maharashtra,Latur,2016-2017,Gram,Rabi,161100.0,158200.0,0.98,Hectare,Tonnes,Tonne/Hectare,Black (Regur),55.6,Alluvial,Entisols,Lithic Ustorthents,Clayey,Shallow,Well drained,Slightly alkaline,Basalt,9
Maharashtra,Latur,2016-2017,Groundnut,Kharif,1400.0,500.0,0.36,Hectare,Tonnes,Tonne/Hectare,Black (Regur),55.6,Alluvial,Entisols,Lithic Ustorthents,Clayey,Shallow,Well drained,Slightly alkaline,Basalt,9
Maharashtra,Latur,2016-2017,Groundnut,Summer,2800.0,3400.0,1.21,Hectare,Tonnes,Tonne/Hectare,Black (Regur),55.6,Alluvial,Entisols,Lithic Ustorthents,Clayey,Shallow,Well drained,Slightly alkaline,Basalt,9
Maharashtra,Latur,2016-2017,Jowar,Kharif,87800.0,77600.0,0.88,Hectare,Tonnes,Tonne/Hectare,Black (Regur),55.6,Alluvial,Entisols,Lithic Ustorthents,Clayey,Shallow,Well drained,Slightly alkaline,Basalt,9
Maharashtra,Latur,2016-2017,Jowar,Rabi,40100.0,43600.0,1.09,Hectare,Tonnes,Tonne/Hectare,Black (Regur),55.6,Alluvial,Entisols,Lithic Ustorthents,Clayey,Shallow,Well drained,Slightly alkaline,Basalt,9
Maharashtra,Latur,2016-2017,Linseed,Rabi,600.0,100.0,0.17,Hectare,Tonnes,Tonne/Hectare,Black (Regur),55.6,Alluvial,Entisols,Lithic Ustorthents,Clayey,Shallow,Well drained,Slightly alkaline,Basalt,9
Maharashtra,Latur,2016-2017,Maize,Kharif,7200.0,3700.0,0.51,Hectare,Tonnes,Tonne/Hectare,Black (Regur),55.6,Alluvial,Entisols,Lithic Ustorthents,Clayey,Shallow,Well drained,Slightly alkaline,Basalt,9
Maharashtra,Latur,2016-2017,Maize,Rabi,2200.0,3800.0,1.73,Hectare,Tonnes,Tonne/Hectare,Black (Regur),55.6,Alluvial,Entisols,Lithic Ustorthents,Clayey,Shallow,Well drained,Slightly alkaline,Basalt,9
Maharashtra,Latur,2016-2017,Maize,Summer,500.0,900.0,1.8,Hectare,Tonnes,Tonne/Hectare,Black (Regur),55.6,Alluvial,Entisols,Lithic Ustorthents,Clayey,Shallow,Well drained,Slightly alkaline,Basalt,9
Maharashtra,Latur,2016-2017,Moong(Green Gram),Kharif,13352.0,7399.0,0.55,Hectare,Tonnes,Tonne/Hectare,Black (Regur),55.6,Alluvial,Entisols,Lithic Ustorthents,Clayey,Shallow,Well drained,Slightly alkaline,Basalt,9
Maharashtra,Latur,2016-2017,Niger seed,Kharif,1279.0,164.0,0.13,Hectare,Tonnes,Tonne/Hectare,Black (Regur),55.6,Alluvial,Entisols,Lithic Ustorthents,Clayey,Shallow,Well drained,Slightly alkaline,Basalt,9
Maharashtra,Latur,2016-2017,Other Cereals,Kharif,1000.0,300.0,0.3,Hectare,Tonnes,Tonne/Hectare,Black (Regur),55.6,Alluvial,Entisols,Lithic Ustorthents,Clayey,Shallow,Well drained,Slightly alkaline,Basalt,9
Maharashtra,Latur,2016-2017,Other Cereals,Rabi,500.0,200.0,0.4,Hectare,Tonnes,Tonne/Hectare,Black (Regur),55.6,Alluvial,Entisols,Lithic Ustorthents,Clayey,Shallow,Well drained,Slightly alkaline,Basalt,9
Maharashtra,Latur,2016-2017,Other Kharif pulses,Kharif,500.0,200.0,0.4,Hectare,Tonnes,Tonne/Hectare,Black (Regur),55.6,Alluvial,Entisols,Lithic Ustorthents,Clayey,Shallow,Well drained,Slightly alkaline,Basalt,9
Maharashtra,Latur,2016-2017,Other Rabi pulses,Rabi,400.0,200.0,0.5,Hectare,Tonnes,Tonne/Hectare,Black (Regur),55.6,Alluvial,Entisols,Lithic Ustorthents,Clayey,Shallow,Well drained,Slightly alkaline,Basalt,9
Maharashtra,Latur,2016-2017,Rapeseed &Mustard,Rabi,800.0,200.0,0.25,Hectare,Tonnes,Tonne/Hectare,Black (Regur),55.6,Alluvial,Entisols,Lithic Ustorthents,Clayey,Shallow,Well drained,Slightly alkaline,Basalt,9
Maharashtra,Latur,2016-2017,Rice,Kharif,3300.0,900.0,0.27,Hectare,Tonnes,Tonne/Hectare,Black (Regur),55.6,Alluvial,Entisols,Lithic Ustorthents,Clayey,Shallow,Well drained,Slightly alkaline,Basalt,9
Maharashtra,Latur,2016-2017,Safflower,Rabi,25000.0,18200.0,0.73,Hectare,Tonnes,Tonne/Hectare,Black (Regur),55.6,Alluvial,Entisols,Lithic Ustorthents,Clayey,Shallow,Well drained,Slightly alkaline,Basalt,9
Maharashtra,Latur,2016-2017,Sesamum,Kharif,2769.0,563.0,0.2,Hectare,Tonnes,Tonne/Hectare,Black (Regur),55.6,Alluvial,Entisols,Lithic Ustorthents,Clayey,Shallow,Well drained,Slightly alkaline,Basalt,9
Maharashtra,Latur,2016-2017,Sesamum,Rabi,320.0,90.0,0.28,Hectare,Tonnes,Tonne/Hectare,Black (Regur),55.6,Alluvial,Entisols,Lithic Ustorthents,Clayey,Shallow,Well drained,Slightly alkaline,Basalt,9
Maharashtra,Latur,2016-2017,Soyabean,Kharif,370300.0,297900.0,0.8,Hectare,Tonnes,Tonne/Hectare,Black (Regur),55.6,Alluvial,Entisols,Lithic Ustorthents,Clayey,Shallow,Well drained,Slightly alkaline,Basalt,9
Maharashtra,Latur,2016-2017,Sugarcane,Whole Year,9000.0,509300.0,56.59,Hectare,Tonnes,Tonne/Hectare,Black (Regur),55.6,Alluvial,Entisols,Lithic Ustorthents,Clayey,Shallow,Well drained,Slightly alkaline,Basalt,9
Maharashtra,Latur,2016-2017,Sunflower,Kharif,2166.0,687.0,0.32,Hectare,Tonnes,Tonne/Hectare,Black (Regur),55.6,Alluvial,Entisols,Lithic Ustorthents,Clayey,Shallow,Well drained,Slightly alkaline,Basalt,9
Maharashtra,Latur,2016-2017,Sunflower,Rabi,420.0,380.0,0.9,Hectare,Tonnes,Tonne/Hectare,Black (Regur),55.6,Alluvial,Entisols,Lithic Ustorthents,Clayey,Shallow,Well drained,Slightly alkaline,Basalt,9
Maharashtra,Latur,2016-2017,Sunflower,Summer,100.0,43.0,0.43,Hectare,Tonnes,Tonne/Hectare,Black (Regur),55.6,Alluvial,Entisols,Lithic Ustorthents,Clayey,Shallow,Well drained,Slightly alkaline,Basalt,9
Maharashtra,Latur,2016-2017,Urad,Kharif,10626.0,5549.0,0.52,Hectare,Tonnes,Tonne/Hectare,Black (Regur),55.6,Alluvial,Entisols,Lithic Ustorthents,Clayey,Shallow,Well drained,Slightly alkaline,Basalt,9
Maharashtra,Latur,2016-2017,Wheat,Rabi,68600.0,97400.0,1.42,Hectare,Tonnes,Tonne/Hectare,Black (Regur),55.6,Alluvial,Entisols,Lithic Ustorthents,Clayey,Shallow,Well drained,Slightly alkaline,Basalt,9
Maharashtra,Mumbai suburban,2016-2017,Maize,Summer,100.0,100.0,1.0,Hectare,Tonnes,Tonne/Hectare,Red & Yellow,60.0,Black (Regur),Entisols,Lithic Ustorthents,Loamy,Shallow,Well drained,Others,,5
Maharashtra,Nagpur,2016-2017,Arhar/Tur,Kharif,65650.0,168643.0,2.57,Hectare,Tonnes,Tonne/Hectare,Black (Regur),100.0,,Vertisols,Chromic Haplusterts,Clayey,Very deep,Moderately well drained,Neutral,Alluvium,9
Maharashtra,Nagpur,2016-2017,Castor seed,Kharif,200.0,200.0,1.0,Hectare,Tonnes,Tonne/Hectare,Black (Regur),100.0,,Vertisols,Chromic Haplusterts,Clayey,Very deep,Moderately well drained,Neutral,Alluvium,9
Maharashtra,Nagpur,2016-2017,Cotton(lint),Kharif,136500.0,550200.0,4.03,Hectare,Bales,Bales/Hectare,Black (Regur),100.0,,Vertisols,Chromic Haplusterts,Clayey,Very deep,Moderately well drained,Neutral,Alluvium,9
Maharashtra,Nagpur,2016-2017,Gram,Rabi,63400.0,49200.0,0.78,Hectare,Tonnes,Tonne/Hectare,Black (Regur),100.0,,Vertisols,Chromic Haplusterts,Clayey,Very deep,Moderately well drained,Neutral,Alluvium,9
Maharashtra,Nagpur,2016-2017,Groundnut,Kharif,3000.0,4600.0,1.53,Hectare,Tonnes,Tonne/Hectare,Black (Regur),100.0,,Vertisols,Chromic Haplusterts,Clayey,Very deep,Moderately well drained,Neutral,Alluvium,9
Maharashtra,Nagpur,2016-2017,Groundnut,Summer,1300.0,2100.0,1.62,Hectare,Tonnes,Tonne/Hectare,Black (Regur),100.0,,Vertisols,Chromic Haplusterts,Clayey,Very deep,Moderately well drained,Neutral,Alluvium,9
Maharashtra,Nagpur,2016-2017,Jowar,Kharif,2200.0,1500.0,0.68,Hectare,Tonnes,Tonne/Hectare,Black (Regur),100.0,,Vertisols,Chromic Haplusterts,Clayey,Very deep,Moderately well drained,Neutral,Alluvium,9
Maharashtra,Nagpur,2016-2017,Jowar,Rabi,700.0,200.0,0.29,Hectare,Tonnes,Tonne/Hectare,Black (Regur),100.0,,Vertisols,Chromic Haplusterts,Clayey,Very deep,Moderately well drained,Neutral,Alluvium,9
Maharashtra,Nagpur,2016-2017,Maize,Kharif,40.0,100.0,2.5,Hectare,Tonnes,Tonne/Hectare,Black (Regur),100.0,,Vertisols,Chromic Haplusterts,Clayey,Very deep,Moderately well drained,Neutral,Alluvium,9
Maharashtra,Nagpur,2016-2017,Maize,Rabi,24.0,40.0,1.67,Hectare,Tonnes,Tonne/Hectare,Black (Regur),100.0,,Vertisols,Chromic Haplusterts,Clayey,Very deep,Moderately well drained,Neutral,Alluvium,9
Maharashtra,Nagpur,2016-2017,Moong(Green Gram),Kharif,1040.0,315.0,0.3,Hectare,Tonnes,Tonne/Hectare,Black (Regur),100.0,,Vertisols,Chromic Haplusterts,Clayey,Very deep,Moderately well drained,Neutral,Alluvium,9
Maharashtra,Nagpur,2016-2017,Other Cereals,Kharif,100.0,100.0,1.0,Hectare,Tonnes,Tonne/Hectare,Black (Regur),100.0,,Vertisols,Chromic Haplusterts,Clayey,Very deep,Moderately well drained,Neutral,Alluvium,9
Maharashtra,Nagpur,2016-2017,Other Kharif pulses,Kharif,400.0,200.0,0.5,Hectare,Tonnes,Tonne/Hectare,Black (Regur),100.0,,Vertisols,Chromic Haplusterts,Clayey,Very deep,Moderately well drained,Neutral,Alluvium,9
Maharashtra,Nagpur,2016-2017,Other Rabi pulses,Rabi,1200.0,700.0,0.58,Hectare,Tonnes,Tonne/Hectare,Black (Regur),100.0,,Vertisols,Chromic Haplusterts,Clayey,Very deep,Moderately well drained,Neutral,Alluvium,9
Maharashtra,Nagpur,2016-2017,Other Summer Pulses,Summer,20.0,10.0,0.5,Hectare,Tonnes,Tonne/Hectare,Black (Regur),100.0,,Vertisols,Chromic Haplusterts,Clayey,Very deep,Moderately well drained,Neutral,Alluvium,9
Maharashtra,Nagpur,2016-2017,Rapeseed &Mustard,Rabi,400.0,200.0,0.5,Hectare,Tonnes,Tonne/Hectare,Black (Regur),100.0,,Vertisols,Chromic Haplusterts,Clayey,Very deep,Moderately well drained,Neutral,Alluvium,9
Maharashtra,Nagpur,2016-2017,Rice,Kharif,87600.0,170200.0,1.94,Hectare,Tonnes,Tonne/Hectare,Black (Regur),100.0,,Vertisols,Chromic Haplusterts,Clayey,Very deep,Moderately well drained,Neutral,Alluvium,9
Maharashtra,Nagpur,2016-2017,Rice,Summer,100.0,200.0,2.0,Hectare,Tonnes,Tonne/Hectare,Black (Regur),100.0,,Vertisols,Chromic Haplusterts,Clayey,Very deep,Moderately well drained,Neutral,Alluvium,9
Maharashtra,Nagpur,2016-2017,Sesamum,Kharif,54.0,15.0,0.28,Hectare,Tonnes,Tonne/Hectare,Black (Regur),100.0,,Vertisols,Chromic Haplusterts,Clayey,Very deep,Moderately well drained,Neutral,Alluvium,9
Maharashtra,Nagpur,2016-2017,Soyabean,Kharif,172400.0,203900.0,1.18,Hectare,Tonnes,Tonne/Hectare,Black (Regur),100.0,,Vertisols,Chromic Haplusterts,Clayey,Very deep,Moderately well drained,Neutral,Alluvium,9
Maharashtra,Nagpur,2016-2017,Sugarcane,Whole Year,4599.0,198300.0,43.12,Hectare,Tonnes,Tonne/Hectare,Black (Regur),100.0,,Vertisols,Chromic Haplusterts,Clayey,Very deep,Moderately well drained,Neutral,Alluvium,9
Maharashtra,Nagpur,2016-2017,Sunflower,Kharif,120.0,29.0,0.24,Hectare,Tonnes,Tonne/Hectare,Black (Regur),100.0,,Vertisols,Chromic Haplusterts,Clayey,Very deep,Moderately well drained,Neutral,Alluvium,9
Maharashtra,Nagpur,2016-2017,Urad,Kharif,785.0,336.0,0.43,Hectare,Tonnes,Tonne/Hectare,Black (Regur),100.0,,Vertisols,Chromic Haplusterts,Clayey,Very deep,Moderately well drained,Neutral,Alluvium,9
Maharashtra,Nagpur,2016-2017,Wheat,Rabi,135900.0,232600.0,1.71,Hectare,Tonnes,Tonne/Hectare,Black (Regur),100.0,,Vertisols,Chromic Haplusterts,Clayey,Very deep,Moderately well drained,Neutral,Alluvium,9
Maharashtra,Nanded,2016-2017,Arhar/Tur,Kharif,86628.0,104818.0,1.21,Hectare,Tonnes,Tonne/Hectare,Black (Regur),88.9,Other,Vertisols,Chromic Haplusterts,Clayey,Very deep,Moderately well drained,Slightly alkaline,Alluvium,9
Maharashtra,Nanded,2016-2017,Castor seed,Kharif,100.0,40.0,0.4,Hectare,Tonnes,Tonne/Hectare,Black (Regur),88.9,Other,Vertisols,Chromic Haplusterts,Clayey,Very deep,Moderately well drained,Slightly alkaline,Alluvium,9
Maharashtra,Nanded,2016-2017,Cotton(lint),Kharif,364300.0,635400.0,1.74,Hectare,Bales,Bales/Hectare,Black (Regur),88.9,Other,Vertisols,Chromic Haplusterts,Clayey,Very deep,Moderately well drained,Slightly alkaline,Alluvium,9
Maharashtra,Nanded,2016-2017,Gram,Rabi,93900.0,149600.0,1.59,Hectare,Tonnes,Tonne/Hectare,Black (Regur),88.9,Other,Vertisols,Chromic Haplusterts,Clayey,Very deep,Moderately well drained,Slightly alkaline,Alluvium,9
Maharashtra,Nanded,2016-2017,Groundnut,Kharif,100.0,20.0,0.2,Hectare,Tonnes,Tonne/Hectare,Black (Regur),88.9,Other,Vertisols,Chromic Haplusterts,Clayey,Very deep,Moderately well drained,Slightly alkaline,Alluvium,9
Maharashtra,Nanded,2016-2017,Groundnut,Summer,11600.0,10200.0,0.88,Hectare,Tonnes,Tonne/Hectare,Black (Regur),88.9,Other,Vertisols,Chromic Haplusterts,Clayey,Very deep,Moderately well drained,Slightly alkaline,Alluvium,9
Maharashtra,Nanded,2016-2017,Jowar,Kharif,95000.0,35300.0,0.37,Hectare,Tonnes,Tonne/Hectare,Black (Regur),88.9,Other,Vertisols,Chromic Haplusterts,Clayey,Very deep,Moderately well drained,Slightly alkaline,Alluvium,9
Maharashtra,Nanded,2016-2017,Jowar,Rabi,33600.0,32400.0,0.96,Hectare,Tonnes,Tonne/Hectare,Black (Regur),88.9,Other,Vertisols,Chromic Haplusterts,Clayey,Very deep,Moderately well drained,Slightly alkaline,Alluvium,9
Maharashtra,Nanded,2016-2017,Linseed,Rabi,8.0,3.0,0.38,Hectare,Tonnes,Tonne/Hectare,Black (Regur),88.9,Other,Vertisols,Chromic Haplusterts,Clayey,Very deep,Moderately well drained,Slightly alkaline,Alluvium,9
Maharashtra,Nanded,2016-2017,Maize,Kharif,400.0,200.0,0.5,Hectare,Tonnes,Tonne/Hectare,Black (Regur),88.9,Other,Vertisols,Chromic Haplusterts,Clayey,Very deep,Moderately well drained,Slightly alkaline,Alluvium,9
Maharashtra,Nanded,2016-2017,Maize,Rabi,7200.0,14900.0,2.07,Hectare,Tonnes,Tonne/Hectare,Black (Regur),88.9,Other,Vertisols,Chromic Haplusterts,Clayey,Very deep,Moderately well drained,Slightly alkaline,Alluvium,9
Maharashtra,Nanded,2016-2017,Maize,Summer,2700.0,4300.0,1.59,Hectare,Tonnes,Tonne/Hectare,Black (Regur),88.9,Other,Vertisols,Chromic Haplusterts,Clayey,Very deep,Moderately well drained,Slightly alkaline,Alluvium,9
Maharashtra,Nanded,2016-2017,Moong(Green Gram),Kharif,29050.0,14897.0,0.51,Hectare,Tonnes,Tonne/Hectare,Black (Regur),88.9,Other,Vertisols,Chromic Haplusterts,Clayey,Very deep,Moderately well drained,Slightly alkaline,Alluvium,9
Maharashtra,Nanded,2016-2017,Niger seed,Kharif,499.0,43.0,0.09,Hectare,Tonnes,Tonne/Hectare,Black (Regur),88.9,Other,Vertisols,Chromic Haplusterts,Clayey,Very deep,Moderately well drained,Slightly alkaline,Alluvium,9
Maharashtra,Nanded,2016-2017,Other Cereals,Kharif,400.0,100.0,0.25,Hectare,Tonnes,Tonne/Hectare,Black (Regur),88.9,Other,Vertisols,Chromic Haplusterts,Clayey,Very deep,Moderately well drained,Slightly alkaline,Alluvium,9
Maharashtra,Nanded,2016-2017,Other Cereals,Rabi,100.0,20.0,0.2,Hectare,Tonnes,Tonne/Hectare,Black (Regur),88.9,Other,Vertisols,Chromic Haplusterts,Clayey,Very deep,Moderately well drained,Slightly alkaline,Alluvium,9
Maharashtra,Nanded,2016-2017,Other Cereals,Summer,7200.0,11900.0,1.65,Hectare,Tonnes,Tonne/Hectare,Black (Regur),88.9,Other,Vertisols,Chromic Haplusterts,Clayey,Very deep,Moderately well drained,Slightly alkaline,Alluvium,9
Maharashtra,Nanded,2016-2017,Other Kharif pulses,Kharif,400.0,200.0,0.5,Hectare,Tonnes,Tonne/Hectare,Black (Regur),88.9,Other,Vertisols,Chromic Haplusterts,Clayey,Very deep,Moderately well drained,Slightly alkaline,Alluvium,9
Maharashtra,Nanded,2016-2017,Rapeseed &Mustard,Rabi,1300.0,300.0,0.23,Hectare,Tonnes,Tonne/Hectare,Black (Regur),88.9,Other,Vertisols,Chromic Haplusterts,Clayey,Very deep,Moderately well drained,Slightly alkaline,Alluvium,9
Maharashtra,Nanded,2016-2017,Rice,Kharif,200.0,100.0,0.5,Hectare,Tonnes,Tonne/Hectare,Black (Regur),88.9,Other,Vertisols,Chromic Haplusterts,Clayey,Very deep,Moderately well drained,Slightly alkaline,Alluvium,9
Maharashtra,Nanded,2016-2017,Rice,Summer,500.0,1200.0,2.4,Hectare,Tonnes,Tonne/Hectare,Black (Regur),88.9,Other,Vertisols,Chromic Haplusterts,Clayey,Very deep,Moderately well drained,Slightly alkaline,Alluvium,9
Maharashtra,Nanded,2016-2017,Safflower,Rabi,4300.0,4100.0,0.95,Hectare,Tonnes,Tonne/Hectare,Black (Regur),88.9,Other,Vertisols,Chromic Haplusterts,Clayey,Very deep,Moderately well drained,Slightly alkaline,Alluvium,9
Maharashtra,Nanded,2016-2017,Sesamum,Kharif,900.0,52.0,0.06,Hectare,Tonnes,Tonne/Hectare,Black (Regur),88.9,Other,Vertisols,Chromic Haplusterts,Clayey,Very deep,Moderately well drained,Slightly alkaline,Alluvium,9
Maharashtra,Nanded,2016-2017,Sesamum,Rabi,240.0,70.0,0.29,Hectare,Tonnes,Tonne/Hectare,Black (Regur),88.9,Other,Vertisols,Chromic Haplusterts,Clayey,Very deep,Moderately well drained,Slightly alkaline,Alluvium,9
Maharashtra,Nanded,2016-2017,Sesamum,Summer,1400.0,300.0,0.21,Hectare,Tonnes,Tonne/Hectare,Black (Regur),88.9,Other,Vertisols,Chromic Haplusterts,Clayey,Very deep,Moderately well drained,Slightly alkaline,Alluvium,9
Maharashtra,Nanded,2016-2017,Soyabean,Kharif,304300.0,101600.0,0.33,Hectare,Tonnes,Tonne/Hectare,Black (Regur),88.9,Other,Vertisols,Chromic Haplusterts,Clayey,Very deep,Moderately well drained,Slightly alkaline,Alluvium,9
Maharashtra,Nanded,2016-2017,Sugarcane,Whole Year,14501.0,860400.0,59.33,Hectare,Tonnes,Tonne/Hectare,Black (Regur),88.9,Other,Vertisols,Chromic Haplusterts,Clayey,Very deep,Moderately well drained,Slightly alkaline,Alluvium,9
Maharashtra,Nanded,2016-2017,Sunflower,Kharif,1550.0,380.0,0.25,Hectare,Tonnes,Tonne/Hectare,Black (Regur),88.9,Other,Vertisols,Chromic Haplusterts,Clayey,Very deep,Moderately well drained,Slightly alkaline,Alluvium,9
Maharashtra,Nanded,2016-2017,Sunflower,Rabi,7900.0,4400.0,0.56,Hectare,Tonnes,Tonne/Hectare,Black (Regur),88.9,Other,Vertisols,Chromic Haplusterts,Clayey,Very deep,Moderately well drained,Slightly alkaline,Alluvium,9
Maharashtra,Nanded,2016-2017,Sunflower,Summer,30.0,33.0,1.1,Hectare,Tonnes,Tonne/Hectare,Black (Regur),88.9,Other,Vertisols,Chromic Haplusterts,Clayey,Very deep,Moderately well drained,Slightly alkaline,Alluvium,9
Maharashtra,Nanded,2016-2017,Urad,Kharif,51367.0,9606.0,0.19,Hectare,Tonnes,Tonne/Hectare,Black (Regur),88.9,Other,Vertisols,Chromic Haplusterts,Clayey,Very deep,Moderately well drained,Slightly alkaline,Alluvium,9
Maharashtra,Nanded,2016-2017,Wheat,Rabi,60600.0,75700.0,1.25,Hectare,Tonnes,Tonne/Hectare,Black (Regur),88.9,Other,Vertisols,Chromic Haplusterts,Clayey,Very deep,Moderately well drained,Slightly alkaline,Alluvium,9
Maharashtra,Nandurbar,2016-2017,Arhar/Tur,Kharif,17925.0,9592.0,0.54,Hectare,Tonnes,Tonne/Hectare,Black (Regur),100.0,,Entisols,Lithic Ustorthents,Clayey,Shallow,Well drained,Slightly alkaline,Alluvium,8
Maharashtra,Nandurbar,2016-2017,Bajra,Kharif,4600.0,4800.0,1.04,Hectare,Tonnes,Tonne/Hectare,Black (Regur),100.0,,Entisols,Lithic Ustorthents,Clayey,Shallow,Well drained,Slightly alkaline,Alluvium,8
Maharashtra,Nandurbar,2016-2017,Castor seed,Kharif,1000.0,300.0,0.3,Hectare,Tonnes,Tonne/Hectare,Black (Regur),100.0,,Entisols,Lithic Ustorthents,Clayey,Shallow,Well drained,Slightly alkaline,Alluvium,8
Maharashtra,Nandurbar,2016-2017,Cotton(lint),Kharif,85500.0,152100.0,1.78,Hectare,Bales,Bales/Hectare,Black (Regur),100.0,,Entisols,Lithic Ustorthents,Clayey,Shallow,Well drained,Slightly alkaline,Alluvium,8
Maharashtra,Nandurbar,2016-2017,Gram,Rabi,21200.0,22700.0,1.07,Hectare,Tonnes,Tonne/Hectare,Black (Regur),100.0,,Entisols,Lithic Ustorthents,Clayey,Shallow,Well drained,Slightly alkaline,Alluvium,8
Maharashtra,Nandurbar,2016-2017,Groundnut,Kharif,2500.0,2100.0,0.84,Hectare,Tonnes,Tonne/Hectare,Black (Regur),100.0,,Entisols,Lithic Ustorthents,Clayey,Shallow,Well drained,Slightly alkaline,Alluvium,8
Maharashtra,Nandurbar,2016-2017,Groundnut,Summer,1800.0,1500.0,0.83,Hectare,Tonnes,Tonne/Hectare,Black (Regur),100.0,,Entisols,Lithic Ustorthents,Clayey,Shallow,Well drained,Slightly alkaline,Alluvium,8
Maharashtra,Nandurbar,2016-2017,Jowar,Kharif,34500.0,52300.0,1.52,Hectare,Tonnes,Tonne/Hectare,Black (Regur),100.0,,Entisols,Lithic Ustorthents,Clayey,Shallow,Well drained,Slightly alkaline,Alluvium,8
Maharashtra,Nandurbar,2016-2017,Jowar,Rabi,9300.0,13200.0,1.42,Hectare,Tonnes,Tonne/Hectare,Black (Regur),100.0,,Entisols,Lithic Ustorthents,Clayey,Shallow,Well drained,Slightly alkaline,Alluvium,8
Maharashtra,Nandurbar,2016-2017,Maize,Kharif,39300.0,99900.0,2.54,Hectare,Tonnes,Tonne/Hectare,Black (Regur),100.0,,Entisols,Lithic Ustorthents,Clayey,Shallow,Well drained,Slightly alkaline,Alluvium,8
Maharashtra,Nandurbar,2016-2017,Maize,Rabi,5000.0,15900.0,3.18,Hectare,Tonnes,Tonne/Hectare,Black (Regur),100.0,,Entisols,Lithic Ustorthents,Clayey,Shallow,Well drained,Slightly alkaline,Alluvium,8
Maharashtra,Nandurbar,2016-2017,Maize,Summer,1900.0,4700.0,2.47,Hectare,Tonnes,Tonne/Hectare,Black (Regur),100.0,,Entisols,Lithic Ustorthents,Clayey,Shallow,Well drained,Slightly alkaline,Alluvium,8
Maharashtra,Nandurbar,2016-2017,Moong(Green Gram),Kharif,10222.0,5005.0,0.49,Hectare,Tonnes,Tonne/Hectare,Black (Regur),100.0,,Entisols,Lithic Ustorthents,Clayey,Shallow,Well drained,Slightly alkaline,Alluvium,8
Maharashtra,Nandurbar,2016-2017,Other Cereals,Kharif,3800.0,1100.0,0.29,Hectare,Tonnes,Tonne/Hectare,Black (Regur),100.0,,Entisols,Lithic Ustorthents,Clayey,Shallow,Well drained,Slightly alkaline,Alluvium,8
Maharashtra,Nandurbar,2016-2017,Other Cereals,Rabi,200.0,100.0,0.5,Hectare,Tonnes,Tonne/Hectare,Black (Regur),100.0,,Entisols,Lithic Ustorthents,Clayey,Shallow,Well drained,Slightly alkaline,Alluvium,8
Maharashtra,Nandurbar,2016-2017,Other Cereals,Summer,250.0,400.0,1.6,Hectare,Tonnes,Tonne/Hectare,Black (Regur),100.0,,Entisols,Lithic Ustorthents,Clayey,Shallow,Well drained,Slightly alkaline,Alluvium,8
Maharashtra,Nandurbar,2016-2017,Other Kharif pulses,Kharif,600.0,200.0,0.33,Hectare,Tonnes,Tonne/Hectare,Black (Regur),100.0,,Entisols,Lithic Ustorthents,Clayey,Shallow,Well drained,Slightly alkaline,Alluvium,8
Maharashtra,Nandurbar,2016-2017,Other Rabi pulses,Rabi,1900.0,800.0,0.42,Hectare,Tonnes,Tonne/Hectare,Black (Regur),100.0,,Entisols,Lithic Ustorthents,Clayey,Shallow,Well drained,Slightly alkaline,Alluvium,8
Maharashtra,Nandurbar,2016-2017,Other Summer Pulses,Summer,400.0,300.0,0.75,Hectare,Tonnes,Tonne/Hectare,Black (Regur),100.0,,Entisols,Lithic Ustorthents,Clayey,Shallow,Well drained,Slightly alkaline,Alluvium,8
Maharashtra,Nandurbar,2016-2017,Ragi,Kharif,20.0,20.0,1.0,Hectare,Tonnes,Tonne/Hectare,Black (Regur),100.0,,Entisols,Lithic Ustorthents,Clayey,Shallow,Well drained,Slightly alkaline,Alluvium,8
Maharashtra,Nandurbar,2016-2017,Rapeseed &Mustard,Rabi,1900.0,800.0,0.42,Hectare,Tonnes,Tonne/Hectare,Black (Regur),100.0,,Entisols,Lithic Ustorthents,Clayey,Shallow,Well drained,Slightly alkaline,Alluvium,8
Maharashtra,Nandurbar,2016-2017,Rice,Kharif,25300.0,29400.0,1.16,Hectare,Tonnes,Tonne/Hectare,Black (Regur),100.0,,Entisols,Lithic Ustorthents,Clayey,Shallow,Well drained,Slightly alkaline,Alluvium,8
Maharashtra,Nandurbar,2016-2017,Safflower,Rabi,160.0,70.0,0.44,Hectare,Tonnes,Tonne/Hectare,Black (Regur),100.0,,Entisols,Lithic Ustorthents,Clayey,Shallow,Well drained,Slightly alkaline,Alluvium,8
Maharashtra,Nandurbar,2016-2017,Sesamum,Kharif,115.0,41.0,0.36,Hectare,Tonnes,Tonne/Hectare,Black (Regur),100.0,,Entisols,Lithic Ustorthents,Clayey,Shallow,Well drained,Slightly alkaline,Alluvium,8
Maharashtra,Nandurbar,2016-2017,Sesamum,Rabi,100.0,27500.0,275.0,Hectare,Tonnes,Tonne/Hectare,Black (Regur),100.0,,Entisols,Lithic Ustorthents,Clayey,Shallow,Well drained,Slightly alkaline,Alluvium,8
Maharashtra,Nandurbar,2016-2017,Soyabean,Kharif,28000.0,45900.0,1.64,Hectare,Tonnes,Tonne/Hectare,Black (Regur),100.0,,Entisols,Lithic Ustorthents,Clayey,Shallow,Well drained,Slightly alkaline,Alluvium,8
Maharashtra,Nandurbar,2016-2017,Sugarcane,Whole Year,10952.0,872300.0,79.65,Hectare,Tonnes,Tonne/Hectare,Black (Regur),100.0,,Entisols,Lithic Ustorthents,Clayey,Shallow,Well drained,Slightly alkaline,Alluvium,8
Maharashtra,Nandurbar,2016-2017,Sunflower,Kharif,59.0,21.0,0.36,Hectare,Tonnes,Tonne/Hectare,Black (Regur),100.0,,Entisols,Lithic Ustorthents,Clayey,Shallow,Well drained,Slightly alkaline,Alluvium,8
Maharashtra,Nandurbar,2016-2017,Sunflower,Rabi,200.0,100.0,0.5,Hectare,Tonnes,Tonne/Hectare,Black (Regur),100.0,,Entisols,Lithic Ustorthents,Clayey,Shallow,Well drained,Slightly alkaline,Alluvium,8
Maharashtra,Nandurbar,2016-2017,Sunflower,Summer,70.0,50.0,0.71,Hectare,Tonnes,Tonne/Hectare,Black (Regur),100.0,,Entisols,Lithic Ustorthents,Clayey,Shallow,Well drained,Slightly alkaline,Alluvium,8
Maharashtra,Nandurbar,2016-2017,Urad,Kharif,11698.0,6131.0,0.52,Hectare,Tonnes,Tonne/Hectare,Black (Regur),100.0,,Entisols,Lithic Ustorthents,Clayey,Shallow,Well drained,Slightly alkaline,Alluvium,8
Maharashtra,Nandurbar,2016-2017,Wheat,Rabi,18400.0,37700.0,2.05,Hectare,Tonnes,Tonne/Hectare,Black (Regur),100.0,,Entisols,Lithic Ustorthents,Clayey,Shallow,Well drained,Slightly alkaline,Alluvium,8
Maharashtra,Nandurbar,2016-2017,other oilseeds,Summer,20.0,9.0,0.45,Hectare,Tonnes,Tonne/Hectare,Black (Regur),100.0,,Entisols,Lithic Ustorthents,Clayey,Shallow,Well drained,Slightly alkaline,Alluvium,8
Maharashtra,Nashik,2016-2017,Arhar/Tur,Kharif,7437.0,5673.0,0.76,Hectare,Tonnes,Tonne/Hectare,Black (Regur),77.8,Mountain / Forest,Vertisols,Chromic Haplusterts,Clayey,Very deep,Moderately well drained,Slightly alkaline,Alluvium,9
Maharashtra,Nashik,2016-2017,Bajra,Kharif,156000.0,249300.0,1.6,Hectare,Tonnes,Tonne/Hectare,Black (Regur),77.8,Mountain / Forest,Vertisols,Chromic Haplusterts,Clayey,Very deep,Moderately well drained,Slightly alkaline,Alluvium,9
Maharashtra,Nashik,2016-2017,Castor seed,Kharif,900.0,300.0,0.33,Hectare,Tonnes,Tonne/Hectare,Black (Regur),77.8,Mountain / Forest,Vertisols,Chromic Haplusterts,Clayey,Very deep,Moderately well drained,Slightly alkaline,Alluvium,9
Maharashtra,Nashik,2016-2017,Cotton(lint),Kharif,46700.0,158500.0,3.39,Hectare,Bales,Bales/Hectare,Black (Regur),77.8,Mountain / Forest,Vertisols,Chromic Haplusterts,Clayey,Very deep,Moderately well drained,Slightly alkaline,Alluvium,9
Maharashtra,Nashik,2016-2017,Gram,Rabi,59600.0,42500.0,0.71,Hectare,Tonnes,Tonne/Hectare,Black (Regur),77.8,Mountain / Forest,Vertisols,Chromic Haplusterts,Clayey,Very deep,Moderately well drained,Slightly alkaline,Alluvium,9
Maharashtra,Nashik,2016-2017,Groundnut,Kharif,21100.0,34600.0,1.64,Hectare,Tonnes,Tonne/Hectare,Black (Regur),77.8,Mountain / Forest,Vertisols,Chromic Haplusterts,Clayey,Very deep,Moderately well drained,Slightly alkaline,Alluvium,9
Maharashtra,Nashik,2016-2017,Groundnut,Summer,1500.0,2610.0,1.74,Hectare,Tonnes,Tonne/Hectare,Black (Regur),77.8,Mountain / Forest,Vertisols,Chromic Haplusterts,Clayey,Very deep,Moderately well drained,Slightly alkaline,Alluvium,9
Maharashtra,Nashik,2016-2017,Jowar,Kharif,1100.0,2100.0,1.91,Hectare,Tonnes,Tonne/Hectare,Black (Regur),77.8,Mountain / Forest,Vertisols,Chromic Haplusterts,Clayey,Very deep,Moderately well drained,Slightly alkaline,Alluvium,9
Maharashtra,Nashik,2016-2017,Jowar,Rabi,6400.0,3900.0,0.61,Hectare,Tonnes,Tonne/Hectare,Black (Regur),77.8,Mountain / Forest,Vertisols,Chromic Haplusterts,Clayey,Very deep,Moderately well drained,Slightly alkaline,Alluvium,9
Maharashtra,Nashik,2016-2017,Linseed,Rabi,3.0,1.5,0.5,Hectare,Tonnes,Tonne/Hectare,Black (Regur),77.8,Mountain / Forest,Vertisols,Chromic Haplusterts,Clayey,Very deep,Moderately well drained,Slightly alkaline,Alluvium,9
Maharashtra,Nashik,2016-2017,Maize,Kharif,147100.0,684700.0,4.65,Hectare,Tonnes,Tonne/Hectare,Black (Regur),77.8,Mountain / Forest,Vertisols,Chromic Haplusterts,Clayey,Very deep,Moderately well drained,Slightly alkaline,Alluvium,9
Maharashtra,Nashik,2016-2017,Maize,Rabi,4100.0,13000.0,3.17,Hectare,Tonnes,Tonne/Hectare,Black (Regur),77.8,Mountain / Forest,Vertisols,Chromic Haplusterts,Clayey,Very deep,Moderately well drained,Slightly alkaline,Alluvium,9
Maharashtra,Nashik,2016-2017,Maize,Summer,800.0,2700.0,3.38,Hectare,Tonnes,Tonne/Hectare,Black (Regur),77.8,Mountain / Forest,Vertisols,Chromic Haplusterts,Clayey,Very deep,Moderately well drained,Slightly alkaline,Alluvium,9
Maharashtra,Nashik,2016-2017,Moong(Green Gram),Kharif,8117.0,4330.0,0.53,Hectare,Tonnes,Tonne/Hectare,Black (Regur),77.8,Mountain / Forest,Vertisols,Chromic Haplusterts,Clayey,Very deep,Moderately well drained,Slightly alkaline,Alluvium,9
Maharashtra,Nashik,2016-2017,Niger seed,Kharif,2054.0,489.0,0.24,Hectare,Tonnes,Tonne/Hectare,Black (Regur),77.8,Mountain / Forest,Vertisols,Chromic Haplusterts,Clayey,Very deep,Moderately well drained,Slightly alkaline,Alluvium,9
Maharashtra,Nashik,2016-2017,Other Cereals,Kharif,11700.0,9000.0,0.77,Hectare,Tonnes,Tonne/Hectare,Black (Regur),77.8,Mountain / Forest,Vertisols,Chromic Haplusterts,Clayey,Very deep,Moderately well drained,Slightly alkaline,Alluvium,9
Maharashtra,Nashik,2016-2017,Other Cereals,Summer,240.0,420.0,1.75,Hectare,Tonnes,Tonne/Hectare,Black (Regur),77.8,Mountain / Forest,Vertisols,Chromic Haplusterts,Clayey,Very deep,Moderately well drained,Slightly alkaline,Alluvium,9
Maharashtra,Nashik,2016-2017,Other Kharif pulses,Kharif,6200.0,2400.0,0.39,Hectare,Tonnes,Tonne/Hectare,Black (Regur),77.8,Mountain / Forest,Vertisols,Chromic Haplusterts,Clayey,Very deep,Moderately well drained,Slightly alkaline,Alluvium,9
Maharashtra,Nashik,2016-2017,Other Rabi pulses,Rabi,1500.0,400.0,0.27,Hectare,Tonnes,Tonne/Hectare,Black (Regur),77.8,Mountain / Forest,Vertisols,Chromic Haplusterts,Clayey,Very deep,Moderately well drained,Slightly alkaline,Alluvium,9
Maharashtra,Nashik,2016-2017,Ragi,Kharif,25500.0,23400.0,0.92,Hectare,Tonnes,Tonne/Hectare,Black (Regur),77.8,Mountain / Forest,Vertisols,Chromic Haplusterts,Clayey,Very deep,Moderately well drained,Slightly alkaline,Alluvium,9
Maharashtra,Nashik,2016-2017,Rapeseed &Mustard,Rabi,100.0,,0.0,Hectare,Tonnes,Tonne/Hectare,Black (Regur),77.8,Mountain / Forest,Vertisols,Chromic Haplusterts,Clayey,Very deep,Moderately well drained,Slightly alkaline,Alluvium,9
Maharashtra,Nashik,2016-2017,Rice,Kharif,71900.0,145800.0,2.03,Hectare,Tonnes,Tonne/Hectare,Black (Regur),77.8,Mountain / Forest,Vertisols,Chromic Haplusterts,Clayey,Very deep,Moderately well drained,Slightly alkaline,Alluvium,9
Maharashtra,Nashik,2016-2017,Sesamum,Kharif,16.0,6.0,0.38,Hectare,Tonnes,Tonne/Hectare,Black (Regur),77.8,Mountain / Forest,Vertisols,Chromic Haplusterts,Clayey,Very deep,Moderately well drained,Slightly alkaline,Alluvium,9
Maharashtra,Nashik,2016-2017,Soyabean,Kharif,68700.0,103000.0,1.5,Hectare,Tonnes,Tonne/Hectare,Black (Regur),77.8,Mountain / Forest,Vertisols,Chromic Haplusterts,Clayey,Very deep,Moderately well drained,Slightly alkaline,Alluvium,9
Maharashtra,Nashik,2016-2017,Sugarcane,Whole Year,11216.0,966200.0,86.14,Hectare,Tonnes,Tonne/Hectare,Black (Regur),77.8,Mountain / Forest,Vertisols,Chromic Haplusterts,Clayey,Very deep,Moderately well drained,Slightly alkaline,Alluvium,9
Maharashtra,Nashik,2016-2017,Sunflower,Kharif,44.0,15.0,0.34,Hectare,Tonnes,Tonne/Hectare,Black (Regur),77.8,Mountain / Forest,Vertisols,Chromic Haplusterts,Clayey,Very deep,Moderately well drained,Slightly alkaline,Alluvium,9
Maharashtra,Nashik,2016-2017,Sunflower,Rabi,10.0,7.0,0.7,Hectare,Tonnes,Tonne/Hectare,Black (Regur),77.8,Mountain / Forest,Vertisols,Chromic Haplusterts,Clayey,Very deep,Moderately well drained,Slightly alkaline,Alluvium,9
Maharashtra,Nashik,2016-2017,Urad,Kharif,4242.0,2882.0,0.68,Hectare,Tonnes,Tonne/Hectare,Black (Regur),77.8,Mountain / Forest,Vertisols,Chromic Haplusterts,Clayey,Very deep,Moderately well drained,Slightly alkaline,Alluvium,9
Maharashtra,Nashik,2016-2017,Wheat,Rabi,79200.0,177600.0,2.24,Hectare,Tonnes,Tonne/Hectare,Black (Regur),77.8,Mountain / Forest,Vertisols,Chromic Haplusterts,Clayey,Very deep,Moderately well drained,Slightly alkaline,Alluvium,9
Maharashtra,Palghar,2016-2017,Arhar/Tur,Kharif,2574.0,2109.0,0.82,Hectare,Tonnes,Tonne/Hectare,Mountain / Forest,66.7,Black (Regur),Entisols,Lithic Ustorthents,Loamy,Shallow,Well drained,Slightly acidic,Basalt,9
Maharashtra,Palghar,2016-2017,Gram,Rabi,1900.0,1800.0,0.95,Hectare,Tonnes,Tonne/Hectare,Mountain / Forest,66.7,Black (Regur),Entisols,Lithic Ustorthents,Loamy,Shallow,Well drained,Slightly acidic,Basalt,9
Maharashtra,Palghar,2016-2017,Groundnut,Kharif,200.0,200.0,1.0,Hectare,Tonnes,Tonne/Hectare,Mountain / Forest,66.7,Black (Regur),Entisols,Lithic Ustorthents,Loamy,Shallow,Well drained,Slightly acidic,Basalt,9
Maharashtra,Palghar,2016-2017,Maize,Rabi,28.0,100.0,3.57,Hectare,Tonnes,Tonne/Hectare,Mountain / Forest,66.7,Black (Regur),Entisols,Lithic Ustorthents,Loamy,Shallow,Well drained,Slightly acidic,Basalt,9
Maharashtra,Palghar,2016-2017,Niger seed,Kharif,1536.0,366.0,0.24,Hectare,Tonnes,Tonne/Hectare,Mountain / Forest,66.7,Black (Regur),Entisols,Lithic Ustorthents,Loamy,Shallow,Well drained,Slightly acidic,Basalt,9
Maharashtra,Palghar,2016-2017,Other Cereals,Kharif,8300.0,5000.0,0.6,Hectare,Tonnes,Tonne/Hectare,Mountain / Forest,66.7,Black (Regur),Entisols,Lithic Ustorthents,Loamy,Shallow,Well drained,Slightly acidic,Basalt,9
Maharashtra,Palghar,2016-2017,Other Cereals,Rabi,10.0,8.0,0.8,Hectare,Tonnes,Tonne/Hectare,Mountain / Forest,66.7,Black (Regur),Entisols,Lithic Ustorthents,Loamy,Shallow,Well drained,Slightly acidic,Basalt,9
Maharashtra,Palghar,2016-2017,Other Kharif pulses,Kharif,400.0,200.0,0.5,Hectare,Tonnes,Tonne/Hectare,Mountain / Forest,66.7,Black (Regur),Entisols,Lithic Ustorthents,Loamy,Shallow,Well drained,Slightly acidic,Basalt,9
Maharashtra,Palghar,2016-2017,Other Rabi pulses,Rabi,3300.0,2300.0,0.7,Hectare,Tonnes,Tonne/Hectare,Mountain / Forest,66.7,Black (Regur),Entisols,Lithic Ustorthents,Loamy,Shallow,Well drained,Slightly acidic,Basalt,9
Maharashtra,Palghar,2016-2017,Ragi,Kharif,11300.0,10500.0,0.93,Hectare,Tonnes,Tonne/Hectare,Mountain / Forest,66.7,Black (Regur),Entisols,Lithic Ustorthents,Loamy,Shallow,Well drained,Slightly acidic,Basalt,9
Maharashtra,Palghar,2016-2017,Rapeseed &Mustard,Rabi,20.0,10.0,0.5,Hectare,Tonnes,Tonne/Hectare,Mountain / Forest,66.7,Black (Regur),Entisols,Lithic Ustorthents,Loamy,Shallow,Well drained,Slightly acidic,Basalt,9
Maharashtra,Palghar,2016-2017,Rice,Kharif,76400.0,222700.0,2.91,Hectare,Tonnes,Tonne/Hectare,Mountain / Forest,66.7,Black (Regur),Entisols,Lithic Ustorthents,Loamy,Shallow,Well drained,Slightly acidic,Basalt,9
Maharashtra,Palghar,2016-2017,Rice,Summer,1200.0,2900.0,2.42,Hectare,Tonnes,Tonne/Hectare,Mountain / Forest,66.7,Black (Regur),Entisols,Lithic Ustorthents,Loamy,Shallow,Well drained,Slightly acidic,Basalt,9
Maharashtra,Palghar,2016-2017,Sesamum,Kharif,112.0,40.0,0.36,Hectare,Tonnes,Tonne/Hectare,Mountain / Forest,66.7,Black (Regur),Entisols,Lithic Ustorthents,Loamy,Shallow,Well drained,Slightly acidic,Basalt,9
Maharashtra,Palghar,2016-2017,Sesamum,Rabi,500.0,100.0,0.2,Hectare,Tonnes,Tonne/Hectare,Mountain / Forest,66.7,Black (Regur),Entisols,Lithic Ustorthents,Loamy,Shallow,Well drained,Slightly acidic,Basalt,9
Maharashtra,Palghar,2016-2017,Sunflower,Rabi,142.0,93.0,0.65,Hectare,Tonnes,Tonne/Hectare,Mountain / Forest,66.7,Black (Regur),Entisols,Lithic Ustorthents,Loamy,Shallow,Well drained,Slightly acidic,Basalt,9
Maharashtra,Palghar,2016-2017,Urad,Kharif,3325.0,2615.0,0.79,Hectare,Tonnes,Tonne/Hectare,Mountain / Forest,66.7,Black (Regur),Entisols,Lithic Ustorthents,Loamy,Shallow,Well drained,Slightly acidic,Basalt,9
Maharashtra,Palghar,2016-2017,Wheat,Rabi,35.0,100.0,2.86,Hectare,Tonnes,Tonne/Hectare,Mountain / Forest,66.7,Black (Regur),Entisols,Lithic Ustorthents,Loamy,Shallow,Well drained,Slightly acidic,Basalt,9
Maharashtra,Parbhani,2016-2017,Arhar/Tur,Kharif,52753.0,66643.0,1.26,Hectare,Tonnes,Tonne/Hectare,Black (Regur),100.0,,Vertisols,Chromic Haplusterts,Clayey,Very deep,Moderately well drained,Slightly alkaline,Alluvium,9
Maharashtra,Parbhani,2016-2017,Bajra,Kharif,2540.0,1170.0,0.46,Hectare,Tonnes,Tonne/Hectare,Black (Regur),100.0,,Vertisols,Chromic Haplusterts,Clayey,Very deep,Moderately well drained,Slightly alkaline,Alluvium,9
Maharashtra,Parbhani,2016-2017,Castor seed,Kharif,370.0,86.0,0.23,Hectare,Tonnes,Tonne/Hectare,Black (Regur),100.0,,Vertisols,Chromic Haplusterts,Clayey,Very deep,Moderately well drained,Slightly alkaline,Alluvium,9
Maharashtra,Parbhani,2016-2017,Cotton(lint),Kharif,167630.0,768376.0,4.58,Hectare,Bales,Bales/Hectare,Black (Regur),100.0,,Vertisols,Chromic Haplusterts,Clayey,Very deep,Moderately well drained,Slightly alkaline,Alluvium,9
Maharashtra,Parbhani,2016-2017,Gram,Rabi,71630.0,59825.0,0.84,Hectare,Tonnes,Tonne/Hectare,Black (Regur),100.0,,Vertisols,Chromic Haplusterts,Clayey,Very deep,Moderately well drained,Slightly alkaline,Alluvium,9
Maharashtra,Parbhani,2016-2017,Groundnut,Summer,4000.0,4500.0,1.13,Hectare,Tonnes,Tonne/Hectare,Black (Regur),100.0,,Vertisols,Chromic Haplusterts,Clayey,Very deep,Moderately well drained,Slightly alkaline,Alluvium,9
Maharashtra,Parbhani,2016-2017,Jowar,Kharif,12960.0,8956.0,0.69,Hectare,Tonnes,Tonne/Hectare,Black (Regur),100.0,,Vertisols,Chromic Haplusterts,Clayey,Very deep,Moderately well drained,Slightly alkaline,Alluvium,9
Maharashtra,Parbhani,2016-2017,Jowar,Rabi,252380.0,242800.0,0.96,Hectare,Tonnes,Tonne/Hectare,Black (Regur),100.0,,Vertisols,Chromic Haplusterts,Clayey,Very deep,Moderately well drained,Slightly alkaline,Alluvium,9
Maharashtra,Parbhani,2016-2017,Linseed,Rabi,40.0,10.0,0.25,Hectare,Tonnes,Tonne/Hectare,Black (Regur),100.0,,Vertisols,Chromic Haplusterts,Clayey,Very deep,Moderately well drained,Slightly alkaline,Alluvium,9
Maharashtra,Parbhani,2016-2017,Maize,Kharif,1230.0,442.0,0.36,Hectare,Tonnes,Tonne/Hectare,Black (Regur),100.0,,Vertisols,Chromic Haplusterts,Clayey,Very deep,Moderately well drained,Slightly alkaline,Alluvium,9
Maharashtra,Parbhani,2016-2017,Maize,Rabi,3500.0,6128.0,1.75,Hectare,Tonnes,Tonne/Hectare,Black (Regur),100.0,,Vertisols,Chromic Haplusterts,Clayey,Very deep,Moderately well drained,Slightly alkaline,Alluvium,9
Maharashtra,Parbhani,2016-2017,Maize,Summer,2500.0,3900.0,1.56,Hectare,Tonnes,Tonne/Hectare,Black (Regur),100.0,,Vertisols,Chromic Haplusterts,Clayey,Very deep,Moderately well drained,Slightly alkaline,Alluvium,9
Maharashtra,Parbhani,2016-2017,Moong(Green Gram),Kharif,40437.0,24286.0,0.6,Hectare,Tonnes,Tonne/Hectare,Black (Regur),100.0,,Vertisols,Chromic Haplusterts,Clayey,Very deep,Moderately well drained,Slightly alkaline,Alluvium,9
Maharashtra,Parbhani,2016-2017,Niger seed,Kharif,314.0,43.0,0.14,Hectare,Tonnes,Tonne/Hectare,Black (Regur),100.0,,Vertisols,Chromic Haplusterts,Clayey,Very deep,Moderately well drained,Slightly alkaline,Alluvium,9
Maharashtra,Parbhani,2016-2017,Other Cereals,Kharif,730.0,138.0,0.19,Hectare,Tonnes,Tonne/Hectare,Black (Regur),100.0,,Vertisols,Chromic Haplusterts,Clayey,Very deep,Moderately well drained,Slightly alkaline,Alluvium,9
Maharashtra,Parbhani,2016-2017,Other Cereals,Rabi,500.0,297.0,0.59,Hectare,Tonnes,Tonne/Hectare,Black (Regur),100.0,,Vertisols,Chromic Haplusterts,Clayey,Very deep,Moderately well drained,Slightly alkaline,Alluvium,9
Maharashtra,Parbhani,2016-2017,Other Kharif pulses,Kharif,200.0,41.0,0.21,Hectare,Tonnes,Tonne/Hectare,Black (Regur),100.0,,Vertisols,Chromic Haplusterts,Clayey,Very deep,Moderately well drained,Slightly alkaline,Alluvium,9
Maharashtra,Parbhani,2016-2017,Rapeseed &Mustard,Rabi,20.0,5.0,0.25,Hectare,Tonnes,Tonne/Hectare,Black (Regur),100.0,,Vertisols,Chromic Haplusterts,Clayey,Very deep,Moderately well drained,Slightly alkaline,Alluvium,9
Maharashtra,Parbhani,2016-2017,Rice,Kharif,20.0,4.0,0.2,Hectare,Tonnes,Tonne/Hectare,Black (Regur),100.0,,Vertisols,Chromic Haplusterts,Clayey,Very deep,Moderately well drained,Slightly alkaline,Alluvium,9
Maharashtra,Parbhani,2016-2017,Safflower,Rabi,9700.0,6300.0,0.65,Hectare,Tonnes,Tonne/Hectare,Black (Regur),100.0,,Vertisols,Chromic Haplusterts,Clayey,Very deep,Moderately well drained,Slightly alkaline,Alluvium,9
Maharashtra,Parbhani,2016-2017,Sesamum,Kharif,895.0,153.0,0.17,Hectare,Tonnes,Tonne/Hectare,Black (Regur),100.0,,Vertisols,Chromic Haplusterts,Clayey,Very deep,Moderately well drained,Slightly alkaline,Alluvium,9
Maharashtra,Parbhani,2016-2017,Sesamum,Rabi,120.0,30.0,0.25,Hectare,Tonnes,Tonne/Hectare,Black (Regur),100.0,,Vertisols,Chromic Haplusterts,Clayey,Very deep,Moderately well drained,Slightly alkaline,Alluvium,9
Maharashtra,Parbhani,2016-2017,Soyabean,Kharif,237230.0,240095.0,1.01,Hectare,Tonnes,Tonne/Hectare,Black (Regur),100.0,,Vertisols,Chromic Haplusterts,Clayey,Very deep,Moderately well drained,Slightly alkaline,Alluvium,9
Maharashtra,Parbhani,2016-2017,Sugarcane,Whole Year,9000.0,578614.0,64.29,Hectare,Tonnes,Tonne/Hectare,Black (Regur),100.0,,Vertisols,Chromic Haplusterts,Clayey,Very deep,Moderately well drained,Slightly alkaline,Alluvium,9
Maharashtra,Parbhani,2016-2017,Sunflower,Kharif,19.0,5.0,0.26,Hectare,Tonnes,Tonne/Hectare,Black (Regur),100.0,,Vertisols,Chromic Haplusterts,Clayey,Very deep,Moderately well drained,Slightly alkaline,Alluvium,9
Maharashtra,Parbhani,2016-2017,Sunflower,Rabi,100.0,100.0,1.0,Hectare,Tonnes,Tonne/Hectare,Black (Regur),100.0,,Vertisols,Chromic Haplusterts,Clayey,Very deep,Moderately well drained,Slightly alkaline,Alluvium,9
Maharashtra,Parbhani,2016-2017,Sunflower,Summer,10.0,9.0,0.9,Hectare,Tonnes,Tonne/Hectare,Black (Regur),100.0,,Vertisols,Chromic Haplusterts,Clayey,Very deep,Moderately well drained,Slightly alkaline,Alluvium,9
Maharashtra,Parbhani,2016-2017,Urad,Kharif,10634.0,4733.0,0.45,Hectare,Tonnes,Tonne/Hectare,Black (Regur),100.0,,Vertisols,Chromic Haplusterts,Clayey,Very deep,Moderately well drained,Slightly alkaline,Alluvium,9
Maharashtra,Parbhani,2016-2017,Wheat,Rabi,30190.0,47900.0,1.59,Hectare,Tonnes,Tonne/Hectare,Black (Regur),100.0,,Vertisols,Chromic Haplusterts,Clayey,Very deep,Moderately well drained,Slightly alkaline,Alluvium,9
Maharashtra,Pune,2016-2017,Arhar/Tur,Kharif,1773.0,1547.0,0.87,Hectare,Tonnes,Tonne/Hectare,Black (Regur),88.9,Mountain / Forest,Entisols,Lithic Ustorthents,Clayey,Shallow,Well drained,Slightly alkaline,Alluvium,9
Maharashtra,Pune,2016-2017,Bajra,Kharif,30400.0,22200.0,0.73,Hectare,Tonnes,Tonne/Hectare,Black (Regur),88.9,Mountain / Forest,Entisols,Lithic Ustorthents,Clayey,Shallow,Well drained,Slightly alkaline,Alluvium,9
Maharashtra,Pune,2016-2017,Gram,Rabi,80500.0,86500.0,1.07,Hectare,Tonnes,Tonne/Hectare,Black (Regur),88.9,Mountain / Forest,Entisols,Lithic Ustorthents,Clayey,Shallow,Well drained,Slightly alkaline,Alluvium,9
Maharashtra,Pune,2016-2017,Groundnut,Kharif,17500.0,18500.0,1.06,Hectare,Tonnes,Tonne/Hectare,Black (Regur),88.9,Mountain / Forest,Entisols,Lithic Ustorthents,Clayey,Shallow,Well drained,Slightly alkaline,Alluvium,9
Maharashtra,Pune,2016-2017,Groundnut,Summer,4300.0,9700.0,2.26,Hectare,Tonnes,Tonne/Hectare,Black (Regur),88.9,Mountain / Forest,Entisols,Lithic Ustorthents,Clayey,Shallow,Well drained,Slightly alkaline,Alluvium,9
Maharashtra,Pune,2016-2017,Jowar,Kharif,1800.0,400.0,0.22,Hectare,Tonnes,Tonne/Hectare,Black (Regur),88.9,Mountain / Forest,Entisols,Lithic Ustorthents,Clayey,Shallow,Well drained,Slightly alkaline,Alluvium,9
Maharashtra,Pune,2016-2017,Jowar,Rabi,277800.0,97600.0,0.35,Hectare,Tonnes,Tonne/Hectare,Black (Regur),88.9,Mountain / Forest,Entisols,Lithic Ustorthents,Clayey,Shallow,Well drained,Slightly alkaline,Alluvium,9
Maharashtra,Pune,2016-2017,Maize,Kharif,17700.0,74600.0,4.21,Hectare,Tonnes,Tonne/Hectare,Black (Regur),88.9,Mountain / Forest,Entisols,Lithic Ustorthents,Clayey,Shallow,Well drained,Slightly alkaline,Alluvium,9
Maharashtra,Pune,2016-2017,Maize,Rabi,22400.0,176700.0,7.89,Hectare,Tonnes,Tonne/Hectare,Black (Regur),88.9,Mountain / Forest,Entisols,Lithic Ustorthents,Clayey,Shallow,Well drained,Slightly alkaline,Alluvium,9
Maharashtra,Pune,2016-2017,Maize,Summer,2500.0,6100.0,2.44,Hectare,Tonnes,Tonne/Hectare,Black (Regur),88.9,Mountain / Forest,Entisols,Lithic Ustorthents,Clayey,Shallow,Well drained,Slightly alkaline,Alluvium,9
Maharashtra,Pune,2016-2017,Moong(Green Gram),Kharif,21782.0,6297.0,0.29,Hectare,Tonnes,Tonne/Hectare,Black (Regur),88.9,Mountain / Forest,Entisols,Lithic Ustorthents,Clayey,Shallow,Well drained,Slightly alkaline,Alluvium,9
Maharashtra,Pune,2016-2017,Niger seed,Kharif,887.0,149.0,0.17,Hectare,Tonnes,Tonne/Hectare,Black (Regur),88.9,Mountain / Forest,Entisols,Lithic Ustorthents,Clayey,Shallow,Well drained,Slightly alkaline,Alluvium,9
Maharashtra,Pune,2016-2017,Other Cereals,Kharif,700.0,200.0,0.29,Hectare,Tonnes,Tonne/Hectare,Black (Regur),88.9,Mountain / Forest,Entisols,Lithic Ustorthents,Clayey,Shallow,Well drained,Slightly alkaline,Alluvium,9
Maharashtra,Pune,2016-2017,Other Cereals,Rabi,500.0,100.0,0.2,Hectare,Tonnes,Tonne/Hectare,Black (Regur),88.9,Mountain / Forest,Entisols,Lithic Ustorthents,Clayey,Shallow,Well drained,Slightly alkaline,Alluvium,9
Maharashtra,Pune,2016-2017,Other Cereals,Summer,7600.0,14100.0,1.86,Hectare,Tonnes,Tonne/Hectare,Black (Regur),88.9,Mountain / Forest,Entisols,Lithic Ustorthents,Clayey,Shallow,Well drained,Slightly alkaline,Alluvium,9
Maharashtra,Pune,2016-2017,Other Kharif pulses,Kharif,10500.0,5600.0,0.53,Hectare,Tonnes,Tonne/Hectare,Black (Regur),88.9,Mountain / Forest,Entisols,Lithic Ustorthents,Clayey,Shallow,Well drained,Slightly alkaline,Alluvium,9
Maharashtra,Pune,2016-2017,Other Rabi pulses,Rabi,2500.0,600.0,0.24,Hectare,Tonnes,Tonne/Hectare,Black (Regur),88.9,Mountain / Forest,Entisols,Lithic Ustorthents,Clayey,Shallow,Well drained,Slightly alkaline,Alluvium,9
Maharashtra,Pune,2016-2017,Other Summer Pulses,Summer,100.0,100.0,1.0,Hectare,Tonnes,Tonne/Hectare,Black (Regur),88.9,Mountain / Forest,Entisols,Lithic Ustorthents,Clayey,Shallow,Well drained,Slightly alkaline,Alluvium,9
Maharashtra,Pune,2016-2017,Ragi,Kharif,3500.0,2900.0,0.83,Hectare,Tonnes,Tonne/Hectare,Black (Regur),88.9,Mountain / Forest,Entisols,Lithic Ustorthents,Clayey,Shallow,Well drained,Slightly alkaline,Alluvium,9
Maharashtra,Pune,2016-2017,Rice,Kharif,53500.0,115400.0,2.16,Hectare,Tonnes,Tonne/Hectare,Black (Regur),88.9,Mountain / Forest,Entisols,Lithic Ustorthents,Clayey,Shallow,Well drained,Slightly alkaline,Alluvium,9
Maharashtra,Pune,2016-2017,Sesamum,Kharif,704.0,183.0,0.26,Hectare,Tonnes,Tonne/Hectare,Black (Regur),88.9,Mountain / Forest,Entisols,Lithic Ustorthents,Clayey,Shallow,Well drained,Slightly alkaline,Alluvium,9
Maharashtra,Pune,2016-2017,Sesamum,Rabi,40.0,10.0,0.25,Hectare,Tonnes,Tonne/Hectare,Black (Regur),88.9,Mountain / Forest,Entisols,Lithic Ustorthents,Clayey,Shallow,Well drained,Slightly alkaline,Alluvium,9
Maharashtra,Pune,2016-2017,Soyabean,Kharif,18000.0,38300.0,2.13,Hectare,Tonnes,Tonne/Hectare,Black (Regur),88.9,Mountain / Forest,Entisols,Lithic Ustorthents,Clayey,Shallow,Well drained,Slightly alkaline,Alluvium,9
Maharashtra,Pune,2016-2017,Sugarcane,Whole Year,95903.0,9070900.0,94.58,Hectare,Tonnes,Tonne/Hectare,Black (Regur),88.9,Mountain / Forest,Entisols,Lithic Ustorthents,Clayey,Shallow,Well drained,Slightly alkaline,Alluvium,9
Maharashtra,Pune,2016-2017,Sunflower,Kharif,25.0,9.0,0.36,Hectare,Tonnes,Tonne/Hectare,Black (Regur),88.9,Mountain / Forest,Entisols,Lithic Ustorthents,Clayey,Shallow,Well drained,Slightly alkaline,Alluvium,9
Maharashtra,Pune,2016-2017,Sunflower,Rabi,100.0,100.0,1.0,Hectare,Tonnes,Tonne/Hectare,Black (Regur),88.9,Mountain / Forest,Entisols,Lithic Ustorthents,Clayey,Shallow,Well drained,Slightly alkaline,Alluvium,9
Maharashtra,Pune,2016-2017,Urad,Kharif,962.0,402.0,0.42,Hectare,Tonnes,Tonne/Hectare,Black (Regur),88.9,Mountain / Forest,Entisols,Lithic Ustorthents,Clayey,Shallow,Well drained,Slightly alkaline,Alluvium,9
Maharashtra,Pune,2016-2017,Wheat,Rabi,68900.0,165200.0,2.4,Hectare,Tonnes,Tonne/Hectare,Black (Regur),88.9,Mountain / Forest,Entisols,Lithic Ustorthents,Clayey,Shallow,Well drained,Slightly alkaline,Alluvium,9
Maharashtra,Raigad,2016-2017,Arhar/Tur,Kharif,1758.0,1440.0,0.82,Hectare,Tonnes,Tonne/Hectare,Mountain / Forest,77.8,Red & Yellow,Inceptisols,Typic Haplustepts,Loamy,Shallow,Well drained,Slightly acidic,Basalt,9
Maharashtra,Raigad,2016-2017,Gram,Rabi,900.0,800.0,0.89,Hectare,Tonnes,Tonne/Hectare,Mountain / Forest,77.8,Red & Yellow,Inceptisols,Typic Haplustepts,Loamy,Shallow,Well drained,Slightly acidic,Basalt,9
Maharashtra,Raigad,2016-2017,Groundnut,Summer,200.0,300.0,1.5,Hectare,Tonnes,Tonne/Hectare,Mountain / Forest,77.8,Red & Yellow,Inceptisols,Typic Haplustepts,Loamy,Shallow,Well drained,Slightly acidic,Basalt,9
Maharashtra,Raigad,2016-2017,Moong(Green Gram),Kharif,5.0,3.0,0.6,Hectare,Tonnes,Tonne/Hectare,Mountain / Forest,77.8,Red & Yellow,Inceptisols,Typic Haplustepts,Loamy,Shallow,Well drained,Slightly acidic,Basalt,9
Maharashtra,Raigad,2016-2017,Niger seed,Kharif,59.0,14.0,0.24,Hectare,Tonnes,Tonne/Hectare,Mountain / Forest,77.8,Red & Yellow,Inceptisols,Typic Haplustepts,Loamy,Shallow,Well drained,Slightly acidic,Basalt,9
Maharashtra,Raigad,2016-2017,Other Cereals,Kharif,1500.0,700.0,0.47,Hectare,Tonnes,Tonne/Hectare,Mountain / Forest,77.8,Red & Yellow,Inceptisols,Typic Haplustepts,Loamy,Shallow,Well drained,Slightly acidic,Basalt,9
Maharashtra,Raigad,2016-2017,Other Rabi pulses,Rabi,17800.0,12600.0,0.71,Hectare,Tonnes,Tonne/Hectare,Mountain / Forest,77.8,Red & Yellow,Inceptisols,Typic Haplustepts,Loamy,Shallow,Well drained,Slightly acidic,Basalt,9
Maharashtra,Raigad,2016-2017,Ragi,Kharif,6800.0,5600.0,0.82,Hectare,Tonnes,Tonne/Hectare,Mountain / Forest,77.8,Red & Yellow,Inceptisols,Typic Haplustepts,Loamy,Shallow,Well drained,Slightly acidic,Basalt,9
Maharashtra,Raigad,2016-2017,Rice,Kharif,109400.0,297200.0,2.72,Hectare,Tonnes,Tonne/Hectare,Mountain / Forest,77.8,Red & Yellow,Inceptisols,Typic Haplustepts,Loamy,Shallow,Well drained,Slightly acidic,Basalt,9
Maharashtra,Raigad,2016-2017,Rice,Summer,3900.0,11900.0,3.05,Hectare,Tonnes,Tonne/Hectare,Mountain / Forest,77.8,Red & Yellow,Inceptisols,Typic Haplustepts,Loamy,Shallow,Well drained,Slightly acidic,Basalt,9
Maharashtra,Raigad,2016-2017,Sesamum,Kharif,220.0,79.0,0.36,Hectare,Tonnes,Tonne/Hectare,Mountain / Forest,77.8,Red & Yellow,Inceptisols,Typic Haplustepts,Loamy,Shallow,Well drained,Slightly acidic,Basalt,9
Maharashtra,Raigad,2016-2017,Urad,Kharif,500.0,397.0,0.79,Hectare,Tonnes,Tonne/Hectare,Mountain / Forest,77.8,Red & Yellow,Inceptisols,Typic Haplustepts,Loamy,Shallow,Well drained,Slightly acidic,Basalt,9
Maharashtra,Ratnagiri,2016-2017,Arhar/Tur,Kharif,180.0,147.0,0.82,Hectare,Tonnes,Tonne/Hectare,Red & Yellow,66.7,Black (Regur),Inceptisols,Typic Haplustepts,Clayey,Moderately deep,Well drained,Others,Colluvium,9
Maharashtra,Ratnagiri,2016-2017,Castor seed,Kharif,10.0,5.0,0.5,Hectare,Tonnes,Tonne/Hectare,Red & Yellow,66.7,Black (Regur),Inceptisols,Typic Haplustepts,Clayey,Moderately deep,Well drained,Others,Colluvium,9
Maharashtra,Ratnagiri,2016-2017,Groundnut,Summer,100.0,70.0,0.7,Hectare,Tonnes,Tonne/Hectare,Red & Yellow,66.7,Black (Regur),Inceptisols,Typic Haplustepts,Clayey,Moderately deep,Well drained,Others,Colluvium,9
Maharashtra,Ratnagiri,2016-2017,Moong(Green Gram),Kharif,4.0,2.0,0.5,Hectare,Tonnes,Tonne/Hectare,Red & Yellow,66.7,Black (Regur),Inceptisols,Typic Haplustepts,Clayey,Moderately deep,Well drained,Others,Colluvium,9
Maharashtra,Ratnagiri,2016-2017,Other Cereals,Kharif,800.0,400.0,0.5,Hectare,Tonnes,Tonne/Hectare,Red & Yellow,66.7,Black (Regur),Inceptisols,Typic Haplustepts,Clayey,Moderately deep,Well drained,Others,Colluvium,9
Maharashtra,Ratnagiri,2016-2017,Other Kharif pulses,Kharif,100.0,100.0,1.0,Hectare,Tonnes,Tonne/Hectare,Red & Yellow,66.7,Black (Regur),Inceptisols,Typic Haplustepts,Clayey,Moderately deep,Well drained,Others,Colluvium,9
Maharashtra,Ratnagiri,2016-2017,Other Rabi pulses,Rabi,4500.0,3100.0,0.69,Hectare,Tonnes,Tonne/Hectare,Red & Yellow,66.7,Black (Regur),Inceptisols,Typic Haplustepts,Clayey,Moderately deep,Well drained,Others,Colluvium,9
Maharashtra,Ratnagiri,2016-2017,Ragi,Kharif,13600.0,19200.0,1.41,Hectare,Tonnes,Tonne/Hectare,Red & Yellow,66.7,Black (Regur),Inceptisols,Typic Haplustepts,Clayey,Moderately deep,Well drained,Others,Colluvium,9
Maharashtra,Ratnagiri,2016-2017,Rapeseed &Mustard,Rabi,60.0,40.0,0.67,Hectare,Tonnes,Tonne/Hectare,Red & Yellow,66.7,Black (Regur),Inceptisols,Typic Haplustepts,Clayey,Moderately deep,Well drained,Others,Colluvium,9
Maharashtra,Ratnagiri,2016-2017,Rice,Kharif,75300.0,236300.0,3.14,Hectare,Tonnes,Tonne/Hectare,Red & Yellow,66.7,Black (Regur),Inceptisols,Typic Haplustepts,Clayey,Moderately deep,Well drained,Others,Colluvium,9
Maharashtra,Ratnagiri,2016-2017,Rice,Summer,40.0,100.0,2.5,Hectare,Tonnes,Tonne/Hectare,Red & Yellow,66.7,Black (Regur),Inceptisols,Typic Haplustepts,Clayey,Moderately deep,Well drained,Others,Colluvium,9
Maharashtra,Ratnagiri,2016-2017,Sesamum,Kharif,41.0,15.0,0.37,Hectare,Tonnes,Tonne/Hectare,Red & Yellow,66.7,Black (Regur),Inceptisols,Typic Haplustepts,Clayey,Moderately deep,Well drained,Others,Colluvium,9
Maharashtra,Ratnagiri,2016-2017,Sugarcane,Whole Year,95.0,9600.0,101.05,Hectare,Tonnes,Tonne/Hectare,Red & Yellow,66.7,Black (Regur),Inceptisols,Typic Haplustepts,Clayey,Moderately deep,Well drained,Others,Colluvium,9
Maharashtra,Ratnagiri,2016-2017,Urad,Kharif,31.0,25.0,0.81,Hectare,Tonnes,Tonne/Hectare,Red & Yellow,66.7,Black (Regur),Inceptisols,Typic Haplustepts,Clayey,Moderately deep,Well drained,Others,Colluvium,9
Maharashtra,Sangli,2016-2017,Arhar/Tur,Kharif,10707.0,4040.0,0.38,Hectare,Tonnes,Tonne/Hectare,Black (Regur),55.6,Red & Yellow,Entisols,Lithic Ustorthents,Clayey,Shallow,Well drained,Neutral,Basalt,9
Maharashtra,Sangli,2016-2017,Bajra,Kharif,66100.0,47100.0,0.71,Hectare,Tonnes,Tonne/Hectare,Black (Regur),55.6,Red & Yellow,Entisols,Lithic Ustorthents,Clayey,Shallow,Well drained,Neutral,Basalt,9
Maharashtra,Sangli,2016-2017,Cotton(lint),Kharif,600.0,1800.0,3.0,Hectare,Bales,Bales/Hectare,Black (Regur),55.6,Red & Yellow,Entisols,Lithic Ustorthents,Clayey,Shallow,Well drained,Neutral,Basalt,9
Maharashtra,Sangli,2016-2017,Gram,Rabi,28300.0,23600.0,0.83,Hectare,Tonnes,Tonne/Hectare,Black (Regur),55.6,Red & Yellow,Entisols,Lithic Ustorthents,Clayey,Shallow,Well drained,Neutral,Basalt,9
Maharashtra,Sangli,2016-2017,Groundnut,Kharif,32100.0,41200.0,1.28,Hectare,Tonnes,Tonne/Hectare,Black (Regur),55.6,Red & Yellow,Entisols,Lithic Ustorthents,Clayey,Shallow,Well drained,Neutral,Basalt,9
Maharashtra,Sangli,2016-2017,Groundnut,Summer,500.0,600.0,1.2,Hectare,Tonnes,Tonne/Hectare,Black (Regur),55.6,Red & Yellow,Entisols,Lithic Ustorthents,Clayey,Shallow,Well drained,Neutral,Basalt,9
Maharashtra,Sangli,2016-2017,Jowar,Kharif,66000.0,66200.0,1.0,Hectare,Tonnes,Tonne/Hectare,Black (Regur),55.6,Red & Yellow,Entisols,Lithic Ustorthents,Clayey,Shallow,Well drained,Neutral,Basalt,9
Maharashtra,Sangli,2016-2017,Jowar,Rabi,149400.0,77000.0,0.52,Hectare,Tonnes,Tonne/Hectare,Black (Regur),55.6,Red & Yellow,Entisols,Lithic Ustorthents,Clayey,Shallow,Well drained,Neutral,Basalt,9
Maharashtra,Sangli,2016-2017,Linseed,Rabi,10.0,6.0,0.6,Hectare,Tonnes,Tonne/Hectare,Black (Regur),55.6,Red & Yellow,Entisols,Lithic Ustorthents,Clayey,Shallow,Well drained,Neutral,Basalt,9
Maharashtra,Sangli,2016-2017,Maize,Kharif,41800.0,131300.0,3.14,Hectare,Tonnes,Tonne/Hectare,Black (Regur),55.6,Red & Yellow,Entisols,Lithic Ustorthents,Clayey,Shallow,Well drained,Neutral,Basalt,9
Maharashtra,Sangli,2016-2017,Maize,Rabi,20200.0,61200.0,3.03,Hectare,Tonnes,Tonne/Hectare,Black (Regur),55.6,Red & Yellow,Entisols,Lithic Ustorthents,Clayey,Shallow,Well drained,Neutral,Basalt,9
Maharashtra,Sangli,2016-2017,Maize,Summer,2000.0,3200.0,1.6,Hectare,Tonnes,Tonne/Hectare,Black (Regur),55.6,Red & Yellow,Entisols,Lithic Ustorthents,Clayey,Shallow,Well drained,Neutral,Basalt,9
Maharashtra,Sangli,2016-2017,Moong(Green Gram),Kharif,11201.0,9717.0,0.87,Hectare,Tonnes,Tonne/Hectare,Black (Regur),55.6,Red & Yellow,Entisols,Lithic Ustorthents,Clayey,Shallow,Well drained,Neutral,Basalt,9
Maharashtra,Sangli,2016-2017,Niger seed,Kharif,36.0,6.0,0.17,Hectare,Tonnes,Tonne/Hectare,Black (Regur),55.6,Red & Yellow,Entisols,Lithic Ustorthents,Clayey,Shallow,Well drained,Neutral,Basalt,9
Maharashtra,Sangli,2016-2017,Other Cereals,Kharif,2000.0,900.0,0.45,Hectare,Tonnes,Tonne/Hectare,Black (Regur),55.6,Red & Yellow,Entisols,Lithic Ustorthents,Clayey,Shallow,Well drained,Neutral,Basalt,9
Maharashtra,Sangli,2016-2017,Other Cereals,Rabi,700.0,300.0,0.43,Hectare,Tonnes,Tonne/Hectare,Black (Regur),55.6,Red & Yellow,Entisols,Lithic Ustorthents,Clayey,Shallow,Well drained,Neutral,Basalt,9
Maharashtra,Sangli,2016-2017,Other Cereals,Summer,450.0,800.0,1.78,Hectare,Tonnes,Tonne/Hectare,Black (Regur),55.6,Red & Yellow,Entisols,Lithic Ustorthents,Clayey,Shallow,Well drained,Neutral,Basalt,9
Maharashtra,Sangli,2016-2017,Other Kharif pulses,Kharif,11600.0,3800.0,0.33,Hectare,Tonnes,Tonne/Hectare,Black (Regur),55.6,Red & Yellow,Entisols,Lithic Ustorthents,Clayey,Shallow,Well drained,Neutral,Basalt,9
Maharashtra,Sangli,2016-2017,Other Rabi pulses,Rabi,100.0,100.0,1.0,Hectare,Tonnes,Tonne/Hectare,Black (Regur),55.6,Red & Yellow,Entisols,Lithic Ustorthents,Clayey,Shallow,Well drained,Neutral,Basalt,9
Maharashtra,Sangli,2016-2017,Rice,Kharif,16800.0,42900.0,2.55,Hectare,Tonnes,Tonne/Hectare,Black (Regur),55.6,Red & Yellow,Entisols,Lithic Ustorthents,Clayey,Shallow,Well drained,Neutral,Basalt,9
Maharashtra,Sangli,2016-2017,Safflower,Rabi,400.0,300.0,0.75,Hectare,Tonnes,Tonne/Hectare,Black (Regur),55.6,Red & Yellow,Entisols,Lithic Ustorthents,Clayey,Shallow,Well drained,Neutral,Basalt,9
Maharashtra,Sangli,2016-2017,Sesamum,Kharif,24.0,6.0,0.25,Hectare,Tonnes,Tonne/Hectare,Black (Regur),55.6,Red & Yellow,Entisols,Lithic Ustorthents,Clayey,Shallow,Well drained,Neutral,Basalt,9
Maharashtra,Sangli,2016-2017,Soyabean,Kharif,57300.0,127000.0,2.22,Hectare,Tonnes,Tonne/Hectare,Black (Regur),55.6,Red & Yellow,Entisols,Lithic Ustorthents,Clayey,Shallow,Well drained,Neutral,Basalt,9
Maharashtra,Sangli,2016-2017,Sugarcane,Whole Year,72358.0,7809500.0,107.93,Hectare,Tonnes,Tonne/Hectare,Black (Regur),55.6,Red & Yellow,Entisols,Lithic Ustorthents,Clayey,Shallow,Well drained,Neutral,Basalt,9
Maharashtra,Sangli,2016-2017,Sunflower,Kharif,570.0,199.0,0.35,Hectare,Tonnes,Tonne/Hectare,Black (Regur),55.6,Red & Yellow,Entisols,Lithic Ustorthents,Clayey,Shallow,Well drained,Neutral,Basalt,9
Maharashtra,Sangli,2016-2017,Sunflower,Rabi,220.0,150.0,0.68,Hectare,Tonnes,Tonne/Hectare,Black (Regur),55.6,Red & Yellow,Entisols,Lithic Ustorthents,Clayey,Shallow,Well drained,Neutral,Basalt,9
Maharashtra,Sangli,2016-2017,Urad,Kharif,15250.0,11136.0,0.73,Hectare,Tonnes,Tonne/Hectare,Black (Regur),55.6,Red & Yellow,Entisols,Lithic Ustorthents,Clayey,Shallow,Well drained,Neutral,Basalt,9
Maharashtra,Sangli,2016-2017,Wheat,Rabi,25600.0,63600.0,2.48,Hectare,Tonnes,Tonne/Hectare,Black (Regur),55.6,Red & Yellow,Entisols,Lithic Ustorthents,Clayey,Shallow,Well drained,Neutral,Basalt,9
Maharashtra,Satara,2016-2017,Arhar/Tur,Kharif,2326.0,878.0,0.38,Hectare,Tonnes,Tonne/Hectare,Red & Yellow,77.8,Alluvial,Entisols,Lithic Ustorthents,Loamy,Shallow,Well drained,Others,,9
Maharashtra,Satara,2016-2017,Bajra,Kharif,72100.0,52800.0,0.73,Hectare,Tonnes,Tonne/Hectare,Red & Yellow,77.8,Alluvial,Entisols,Lithic Ustorthents,Loamy,Shallow,Well drained,Others,,9
Maharashtra,Satara,2016-2017,Castor seed,Kharif,100.0,30.0,0.3,Hectare,Tonnes,Tonne/Hectare,Red & Yellow,77.8,Alluvial,Entisols,Lithic Ustorthents,Loamy,Shallow,Well drained,Others,,9
Maharashtra,Satara,2016-2017,Cotton(lint),Kharif,100.0,200.0,2.0,Hectare,Bales,Bales/Hectare,Red & Yellow,77.8,Alluvial,Entisols,Lithic Ustorthents,Loamy,Shallow,Well drained,Others,,9
Maharashtra,Satara,2016-2017,Gram,Rabi,32000.0,25600.0,0.8,Hectare,Tonnes,Tonne/Hectare,Red & Yellow,77.8,Alluvial,Entisols,Lithic Ustorthents,Loamy,Shallow,Well drained,Others,,9
Maharashtra,Satara,2016-2017,Groundnut,Kharif,40500.0,53800.0,1.33,Hectare,Tonnes,Tonne/Hectare,Red & Yellow,77.8,Alluvial,Entisols,Lithic Ustorthents,Loamy,Shallow,Well drained,Others,,9
Maharashtra,Satara,2016-2017,Groundnut,Summer,2500.0,5500.0,2.2,Hectare,Tonnes,Tonne/Hectare,Red & Yellow,77.8,Alluvial,Entisols,Lithic Ustorthents,Loamy,Shallow,Well drained,Others,,9
Maharashtra,Satara,2016-2017,Jowar,Kharif,24400.0,25300.0,1.04,Hectare,Tonnes,Tonne/Hectare,Red & Yellow,77.8,Alluvial,Entisols,Lithic Ustorthents,Loamy,Shallow,Well drained,Others,,9
Maharashtra,Satara,2016-2017,Jowar,Rabi,149600.0,108800.0,0.73,Hectare,Tonnes,Tonne/Hectare,Red & Yellow,77.8,Alluvial,Entisols,Lithic Ustorthents,Loamy,Shallow,Well drained,Others,,9
Maharashtra,Satara,2016-2017,Maize,Kharif,21600.0,47800.0,2.21,Hectare,Tonnes,Tonne/Hectare,Red & Yellow,77.8,Alluvial,Entisols,Lithic Ustorthents,Loamy,Shallow,Well drained,Others,,9
Maharashtra,Satara,2016-2017,Maize,Rabi,12900.0,28200.0,2.19,Hectare,Tonnes,Tonne/Hectare,Red & Yellow,77.8,Alluvial,Entisols,Lithic Ustorthents,Loamy,Shallow,Well drained,Others,,9
Maharashtra,Satara,2016-2017,Maize,Summer,1000.0,1700.0,1.7,Hectare,Tonnes,Tonne/Hectare,Red & Yellow,77.8,Alluvial,Entisols,Lithic Ustorthents,Loamy,Shallow,Well drained,Others,,9
Maharashtra,Satara,2016-2017,Moong(Green Gram),Kharif,9663.0,5618.0,0.58,Hectare,Tonnes,Tonne/Hectare,Red & Yellow,77.8,Alluvial,Entisols,Lithic Ustorthents,Loamy,Shallow,Well drained,Others,,9
Maharashtra,Satara,2016-2017,Niger seed,Kharif,999.0,168.0,0.17,Hectare,Tonnes,Tonne/Hectare,Red & Yellow,77.8,Alluvial,Entisols,Lithic Ustorthents,Loamy,Shallow,Well drained,Others,,9
Maharashtra,Satara,2016-2017,Other Cereals,Kharif,500.0,200.0,0.4,Hectare,Tonnes,Tonne/Hectare,Red & Yellow,77.8,Alluvial,Entisols,Lithic Ustorthents,Loamy,Shallow,Well drained,Others,,9
Maharashtra,Satara,2016-2017,Other Cereals,Rabi,2.0,1.0,0.5,Hectare,Tonnes,Tonne/Hectare,Red & Yellow,77.8,Alluvial,Entisols,Lithic Ustorthents,Loamy,Shallow,Well drained,Others,,9
Maharashtra,Satara,2016-2017,Other Kharif pulses,Kharif,36800.0,17700.0,0.48,Hectare,Tonnes,Tonne/Hectare,Red & Yellow,77.8,Alluvial,Entisols,Lithic Ustorthents,Loamy,Shallow,Well drained,Others,,9
Maharashtra,Satara,2016-2017,Other Rabi pulses,Rabi,1100.0,500.0,0.45,Hectare,Tonnes,Tonne/Hectare,Red & Yellow,77.8,Alluvial,Entisols,Lithic Ustorthents,Loamy,Shallow,Well drained,Others,,9
Maharashtra,Satara,2016-2017,Ragi,Kharif,4500.0,4400.0,0.98,Hectare,Tonnes,Tonne/Hectare,Red & Yellow,77.8,Alluvial,Entisols,Lithic Ustorthents,Loamy,Shallow,Well drained,Others,,9
Maharashtra,Satara,2016-2017,Rapeseed &Mustard,Rabi,100.0,20.0,0.2,Hectare,Tonnes,Tonne/Hectare,Red & Yellow,77.8,Alluvial,Entisols,Lithic Ustorthents,Loamy,Shallow,Well drained,Others,,9
Maharashtra,Satara,2016-2017,Rice,Kharif,47000.0,82100.0,1.75,Hectare,Tonnes,Tonne/Hectare,Red & Yellow,77.8,Alluvial,Entisols,Lithic Ustorthents,Loamy,Shallow,Well drained,Others,,9
Maharashtra,Satara,2016-2017,Safflower,Rabi,100.0,100.0,1.0,Hectare,Tonnes,Tonne/Hectare,Red & Yellow,77.8,Alluvial,Entisols,Lithic Ustorthents,Loamy,Shallow,Well drained,Others,,9
Maharashtra,Satara,2016-2017,Sesamum,Kharif,8.0,2.0,0.25,Hectare,Tonnes,Tonne/Hectare,Red & Yellow,77.8,Alluvial,Entisols,Lithic Ustorthents,Loamy,Shallow,Well drained,Others,,9
Maharashtra,Satara,2016-2017,Soyabean,Kharif,67200.0,121800.0,1.81,Hectare,Tonnes,Tonne/Hectare,Red & Yellow,77.8,Alluvial,Entisols,Lithic Ustorthents,Loamy,Shallow,Well drained,Others,,9
Maharashtra,Satara,2016-2017,Sugarcane,Whole Year,50329.0,6259700.0,124.38,Hectare,Tonnes,Tonne/Hectare,Red & Yellow,77.8,Alluvial,Entisols,Lithic Ustorthents,Loamy,Shallow,Well drained,Others,,9
Maharashtra,Satara,2016-2017,Sunflower,Kharif,218.0,76.0,0.35,Hectare,Tonnes,Tonne/Hectare,Red & Yellow,77.8,Alluvial,Entisols,Lithic Ustorthents,Loamy,Shallow,Well drained,Others,,9
Maharashtra,Satara,2016-2017,Sunflower,Rabi,19700.0,12930.0,0.66,Hectare,Tonnes,Tonne/Hectare,Red & Yellow,77.8,Alluvial,Entisols,Lithic Ustorthents,Loamy,Shallow,Well drained,Others,,9
Maharashtra,Satara,2016-2017,Urad,Kharif,4590.0,2329.0,0.51,Hectare,Tonnes,Tonne/Hectare,Red & Yellow,77.8,Alluvial,Entisols,Lithic Ustorthents,Loamy,Shallow,Well drained,Others,,9
Maharashtra,Satara,2016-2017,Wheat,Rabi,35600.0,71200.0,2.0,Hectare,Tonnes,Tonne/Hectare,Red & Yellow,77.8,Alluvial,Entisols,Lithic Ustorthents,Loamy,Shallow,Well drained,Others,,9
Maharashtra,Sindhudurg,2016-2017,Arhar/Tur,Kharif,713.0,584.0,0.82,Hectare,Tonnes,Tonne/Hectare,Red & Yellow,88.9,Mountain / Forest,Inceptisols,Typic Haplustepts,Loamy,Moderately deep,Well drained,Slightly acidic,Colluvium,9
Maharashtra,Sindhudurg,2016-2017,Castor seed,Kharif,30.0,10.0,0.33,Hectare,Tonnes,Tonne/Hectare,Red & Yellow,88.9,Mountain / Forest,Inceptisols,Typic Haplustepts,Loamy,Moderately deep,Well drained,Slightly acidic,Colluvium,9
Maharashtra,Sindhudurg,2016-2017,Groundnut,Kharif,600.0,800.0,1.33,Hectare,Tonnes,Tonne/Hectare,Red & Yellow,88.9,Mountain / Forest,Inceptisols,Typic Haplustepts,Loamy,Moderately deep,Well drained,Slightly acidic,Colluvium,9
Maharashtra,Sindhudurg,2016-2017,Groundnut,Summer,800.0,1300.0,1.63,Hectare,Tonnes,Tonne/Hectare,Red & Yellow,88.9,Mountain / Forest,Inceptisols,Typic Haplustepts,Loamy,Moderately deep,Well drained,Slightly acidic,Colluvium,9
Maharashtra,Sindhudurg,2016-2017,Maize,Rabi,57.0,200.0,3.51,Hectare,Tonnes,Tonne/Hectare,Red & Yellow,88.9,Mountain / Forest,Inceptisols,Typic Haplustepts,Loamy,Moderately deep,Well drained,Slightly acidic,Colluvium,9
Maharashtra,Sindhudurg,2016-2017,Moong(Green Gram),Kharif,65.0,34.0,0.52,Hectare,Tonnes,Tonne/Hectare,Red & Yellow,88.9,Mountain / Forest,Inceptisols,Typic Haplustepts,Loamy,Moderately deep,Well drained,Slightly acidic,Colluvium,9
Maharashtra,Sindhudurg,2016-2017,Niger seed,Kharif,16.0,4.0,0.25,Hectare,Tonnes,Tonne/Hectare,Red & Yellow,88.9,Mountain / Forest,Inceptisols,Typic Haplustepts,Loamy,Moderately deep,Well drained,Slightly acidic,Colluvium,9
Maharashtra,Sindhudurg,2016-2017,Other Kharif pulses,Kharif,300.0,200.0,0.67,Hectare,Tonnes,Tonne/Hectare,Red & Yellow,88.9,Mountain / Forest,Inceptisols,Typic Haplustepts,Loamy,Moderately deep,Well drained,Slightly acidic,Colluvium,9
Maharashtra,Sindhudurg,2016-2017,Other Rabi pulses,Rabi,2000.0,1300.0,0.65,Hectare,Tonnes,Tonne/Hectare,Red & Yellow,88.9,Mountain / Forest,Inceptisols,Typic Haplustepts,Loamy,Moderately deep,Well drained,Slightly acidic,Colluvium,9
Maharashtra,Sindhudurg,2016-2017,Ragi,Kharif,1800.0,3200.0,1.78,Hectare,Tonnes,Tonne/Hectare,Red & Yellow,88.9,Mountain / Forest,Inceptisols,Typic Haplustepts,Loamy,Moderately deep,Well drained,Slightly acidic,Colluvium,9
Maharashtra,Sindhudurg,2016-2017,Rice,Kharif,62500.0,205700.0,3.29,Hectare,Tonnes,Tonne/Hectare,Red & Yellow,88.9,Mountain / Forest,Inceptisols,Typic Haplustepts,Loamy,Moderately deep,Well drained,Slightly acidic,Colluvium,9
Maharashtra,Sindhudurg,2016-2017,Rice,Summer,1500.0,3200.0,2.13,Hectare,Tonnes,Tonne/Hectare,Red & Yellow,88.9,Mountain / Forest,Inceptisols,Typic Haplustepts,Loamy,Moderately deep,Well drained,Slightly acidic,Colluvium,9
Maharashtra,Sindhudurg,2016-2017,Sesamum,Kharif,20.0,7.0,0.35,Hectare,Tonnes,Tonne/Hectare,Red & Yellow,88.9,Mountain / Forest,Inceptisols,Typic Haplustepts,Loamy,Moderately deep,Well drained,Slightly acidic,Colluvium,9
Maharashtra,Sindhudurg,2016-2017,Sesamum,Rabi,2.0,0.4,0.2,Hectare,Tonnes,Tonne/Hectare,Red & Yellow,88.9,Mountain / Forest,Inceptisols,Typic Haplustepts,Loamy,Moderately deep,Well drained,Slightly acidic,Colluvium,9
Maharashtra,Sindhudurg,2016-2017,Sugarcane,Whole Year,1209.0,121400.0,100.41,Hectare,Tonnes,Tonne/Hectare,Red & Yellow,88.9,Mountain / Forest,Inceptisols,Typic Haplustepts,Loamy,Moderately deep,Well drained,Slightly acidic,Colluvium,9
Maharashtra,Sindhudurg,2016-2017,Sunflower,Rabi,5.0,3.0,0.6,Hectare,Tonnes,Tonne/Hectare,Red & Yellow,88.9,Mountain / Forest,Inceptisols,Typic Haplustepts,Loamy,Moderately deep,Well drained,Slightly acidic,Colluvium,9
Maharashtra,Sindhudurg,2016-2017,Urad,Kharif,60.0,48.0,0.8,Hectare,Tonnes,Tonne/Hectare,Red & Yellow,88.9,Mountain / Forest,Inceptisols,Typic Haplustepts,Loamy,Moderately deep,Well drained,Slightly acidic,Colluvium,9
Maharashtra,Solapur,2016-2017,Arhar/Tur,Kharif,29968.0,16798.0,0.56,Hectare,Tonnes,Tonne/Hectare,Black (Regur),55.6,Mountain / Forest,Vertisols,Chromic Haplusterts,Clayey,Very deep,Moderately well drained,Slightly alkaline,Alluvium,9
Maharashtra,Solapur,2016-2017,Bajra,Kharif,26900.0,9400.0,0.35,Hectare,Tonnes,Tonne/Hectare,Black (Regur),55.6,Mountain / Forest,Vertisols,Chromic Haplusterts,Clayey,Very deep,Moderately well drained,Slightly alkaline,Alluvium,9
Maharashtra,Solapur,2016-2017,Castor seed,Kharif,300.0,80.0,0.27,Hectare,Tonnes,Tonne/Hectare,Black (Regur),55.6,Mountain / Forest,Vertisols,Chromic Haplusterts,Clayey,Very deep,Moderately well drained,Slightly alkaline,Alluvium,9
Maharashtra,Solapur,2016-2017,Cotton(lint),Kharif,900.0,1370.0,1.52,Hectare,Bales,Bales/Hectare,Black (Regur),55.6,Mountain / Forest,Vertisols,Chromic Haplusterts,Clayey,Very deep,Moderately well drained,Slightly alkaline,Alluvium,9
Maharashtra,Solapur,2016-2017,Gram,Rabi,56500.0,38100.0,0.67,Hectare,Tonnes,Tonne/Hectare,Black (Regur),55.6,Mountain / Forest,Vertisols,Chromic Haplusterts,Clayey,Very deep,Moderately well drained,Slightly alkaline,Alluvium,9
Maharashtra,Solapur,2016-2017,Groundnut,Kharif,1700.0,750.0,0.44,Hectare,Tonnes,Tonne/Hectare,Black (Regur),55.6,Mountain / Forest,Vertisols,Chromic Haplusterts,Clayey,Very deep,Moderately well drained,Slightly alkaline,Alluvium,9
Maharashtra,Solapur,2016-2017,Groundnut,Summer,3400.0,4900.0,1.44,Hectare,Tonnes,Tonne/Hectare,Black (Regur),55.6,Mountain / Forest,Vertisols,Chromic Haplusterts,Clayey,Very deep,Moderately well drained,Slightly alkaline,Alluvium,9
Maharashtra,Solapur,2016-2017,Jowar,Kharif,200.0,80.0,0.4,Hectare,Tonnes,Tonne/Hectare,Black (Regur),55.6,Mountain / Forest,Vertisols,Chromic Haplusterts,Clayey,Very deep,Moderately well drained,Slightly alkaline,Alluvium,9
Maharashtra,Solapur,2016-2017,Jowar,Rabi,658500.0,361780.0,0.55,Hectare,Tonnes,Tonne/Hectare,Black (Regur),55.6,Mountain / Forest,Vertisols,Chromic Haplusterts,Clayey,Very deep,Moderately well drained,Slightly alkaline,Alluvium,9
Maharashtra,Solapur,2016-2017,Linseed,Rabi,30.0,20.0,0.67,Hectare,Tonnes,Tonne/Hectare,Black (Regur),55.6,Mountain / Forest,Vertisols,Chromic Haplusterts,Clayey,Very deep,Moderately well drained,Slightly alkaline,Alluvium,9
Maharashtra,Solapur,2016-2017,Maize,Kharif,16000.0,18150.0,1.13,Hectare,Tonnes,Tonne/Hectare,Black (Regur),55.6,Mountain / Forest,Vertisols,Chromic Haplusterts,Clayey,Very deep,Moderately well drained,Slightly alkaline,Alluvium,9
Maharashtra,Solapur,2016-2017,Maize,Rabi,43000.0,75780.0,1.76,Hectare,Tonnes,Tonne/Hectare,Black (Regur),55.6,Mountain / Forest,Vertisols,Chromic Haplusterts,Clayey,Very deep,Moderately well drained,Slightly alkaline,Alluvium,9
Maharashtra,Solapur,2016-2017,Maize,Summer,4000.0,10470.0,2.62,Hectare,Tonnes,Tonne/Hectare,Black (Regur),55.6,Mountain / Forest,Vertisols,Chromic Haplusterts,Clayey,Very deep,Moderately well drained,Slightly alkaline,Alluvium,9
Maharashtra,Solapur,2016-2017,Moong(Green Gram),Kharif,9422.0,5195.0,0.55,Hectare,Tonnes,Tonne/Hectare,Black (Regur),55.6,Mountain / Forest,Vertisols,Chromic Haplusterts,Clayey,Very deep,Moderately well drained,Slightly alkaline,Alluvium,9
Maharashtra,Solapur,2016-2017,Niger seed,Kharif,57.0,10.0,0.18,Hectare,Tonnes,Tonne/Hectare,Black (Regur),55.6,Mountain / Forest,Vertisols,Chromic Haplusterts,Clayey,Very deep,Moderately well drained,Slightly alkaline,Alluvium,9
Maharashtra,Solapur,2016-2017,Other Cereals,Kharif,400.0,90.0,0.23,Hectare,Tonnes,Tonne/Hectare,Black (Regur),55.6,Mountain / Forest,Vertisols,Chromic Haplusterts,Clayey,Very deep,Moderately well drained,Slightly alkaline,Alluvium,9
Maharashtra,Solapur,2016-2017,Other Cereals,Rabi,900.0,260.0,0.29,Hectare,Tonnes,Tonne/Hectare,Black (Regur),55.6,Mountain / Forest,Vertisols,Chromic Haplusterts,Clayey,Very deep,Moderately well drained,Slightly alkaline,Alluvium,9
Maharashtra,Solapur,2016-2017,Other Cereals,Summer,60.0,100.0,1.67,Hectare,Tonnes,Tonne/Hectare,Black (Regur),55.6,Mountain / Forest,Vertisols,Chromic Haplusterts,Clayey,Very deep,Moderately well drained,Slightly alkaline,Alluvium,9
Maharashtra,Solapur,2016-2017,Other Kharif pulses,Kharif,1500.0,420.0,0.28,Hectare,Tonnes,Tonne/Hectare,Black (Regur),55.6,Mountain / Forest,Vertisols,Chromic Haplusterts,Clayey,Very deep,Moderately well drained,Slightly alkaline,Alluvium,9
Maharashtra,Solapur,2016-2017,Other Rabi pulses,Rabi,300.0,50.0,0.17,Hectare,Tonnes,Tonne/Hectare,Black (Regur),55.6,Mountain / Forest,Vertisols,Chromic Haplusterts,Clayey,Very deep,Moderately well drained,Slightly alkaline,Alluvium,9
Maharashtra,Solapur,2016-2017,Other Summer Pulses,Summer,100.0,100.0,1.0,Hectare,Tonnes,Tonne/Hectare,Black (Regur),55.6,Mountain / Forest,Vertisols,Chromic Haplusterts,Clayey,Very deep,Moderately well drained,Slightly alkaline,Alluvium,9
Maharashtra,Solapur,2016-2017,Ragi,Kharif,100.0,50.0,0.5,Hectare,Tonnes,Tonne/Hectare,Black (Regur),55.6,Mountain / Forest,Vertisols,Chromic Haplusterts,Clayey,Very deep,Moderately well drained,Slightly alkaline,Alluvium,9
Maharashtra,Solapur,2016-2017,Rapeseed &Mustard,Rabi,300.0,40.0,0.13,Hectare,Tonnes,Tonne/Hectare,Black (Regur),55.6,Mountain / Forest,Vertisols,Chromic Haplusterts,Clayey,Very deep,Moderately well drained,Slightly alkaline,Alluvium,9
Maharashtra,Solapur,2016-2017,Rice,Kharif,200.0,43.0,0.22,Hectare,Tonnes,Tonne/Hectare,Black (Regur),55.6,Mountain / Forest,Vertisols,Chromic Haplusterts,Clayey,Very deep,Moderately well drained,Slightly alkaline,Alluvium,9
Maharashtra,Solapur,2016-2017,Safflower,Rabi,3300.0,1900.0,0.58,Hectare,Tonnes,Tonne/Hectare,Black (Regur),55.6,Mountain / Forest,Vertisols,Chromic Haplusterts,Clayey,Very deep,Moderately well drained,Slightly alkaline,Alluvium,9
Maharashtra,Solapur,2016-2017,Sesamum,Kharif,27.0,7.0,0.26,Hectare,Tonnes,Tonne/Hectare,Black (Regur),55.6,Mountain / Forest,Vertisols,Chromic Haplusterts,Clayey,Very deep,Moderately well drained,Slightly alkaline,Alluvium,9
Maharashtra,Solapur,2016-2017,Sesamum,Rabi,160.0,44.0,0.28,Hectare,Tonnes,Tonne/Hectare,Black (Regur),55.6,Mountain / Forest,Vertisols,Chromic Haplusterts,Clayey,Very deep,Moderately well drained,Slightly alkaline,Alluvium,9
Maharashtra,Solapur,2016-2017,Soyabean,Kharif,27700.0,10170.0,0.37,Hectare,Tonnes,Tonne/Hectare,Black (Regur),55.6,Mountain / Forest,Vertisols,Chromic Haplusterts,Clayey,Very deep,Moderately well drained,Slightly alkaline,Alluvium,9
Maharashtra,Solapur,2016-2017,Sugarcane,Whole Year,64744.0,4762070.0,73.55,Hectare,Tonnes,Tonne/Hectare,Black (Regur),55.6,Mountain / Forest,Vertisols,Chromic Haplusterts,Clayey,Very deep,Moderately well drained,Slightly alkaline,Alluvium,9
Maharashtra,Solapur,2016-2017,Sunflower,Kharif,3051.0,1016.0,0.33,Hectare,Tonnes,Tonne/Hectare,Black (Regur),55.6,Mountain / Forest,Vertisols,Chromic Haplusterts,Clayey,Very deep,Moderately well drained,Slightly alkaline,Alluvium,9
Maharashtra,Solapur,2016-2017,Sunflower,Rabi,180.0,120.0,0.67,Hectare,Tonnes,Tonne/Hectare,Black (Regur),55.6,Mountain / Forest,Vertisols,Chromic Haplusterts,Clayey,Very deep,Moderately well drained,Slightly alkaline,Alluvium,9
Maharashtra,Solapur,2016-2017,Sunflower,Summer,20.0,10.0,0.5,Hectare,Tonnes,Tonne/Hectare,Black (Regur),55.6,Mountain / Forest,Vertisols,Chromic Haplusterts,Clayey,Very deep,Moderately well drained,Slightly alkaline,Alluvium,9
Maharashtra,Solapur,2016-2017,Urad,Kharif,15380.0,8694.0,0.57,Hectare,Tonnes,Tonne/Hectare,Black (Regur),55.6,Mountain / Forest,Vertisols,Chromic Haplusterts,Clayey,Very deep,Moderately well drained,Slightly alkaline,Alluvium,9
Maharashtra,Solapur,2016-2017,Wheat,Rabi,58100.0,77780.0,1.34,Hectare,Tonnes,Tonne/Hectare,Black (Regur),55.6,Mountain / Forest,Vertisols,Chromic Haplusterts,Clayey,Very deep,Moderately well drained,Slightly alkaline,Alluvium,9
Maharashtra,Thane,2016-2017,Arhar/Tur,Kharif,79.0,65.0,0.82,Hectare,Tonnes,Tonne/Hectare,Mountain / Forest,66.7,Red & Yellow,Inceptisols,Typic Haplustepts,Loamy,Shallow,Well drained,Slightly acidic,Basalt,9
Maharashtra,Thane,2016-2017,Gram,Rabi,1400.0,1300.0,0.93,Hectare,Tonnes,Tonne/Hectare,Mountain / Forest,66.7,Red & Yellow,Inceptisols,Typic Haplustepts,Loamy,Shallow,Well drained,Slightly acidic,Basalt,9
Maharashtra,Thane,2016-2017,Niger seed,Kharif,39.0,9.0,0.23,Hectare,Tonnes,Tonne/Hectare,Mountain / Forest,66.7,Red & Yellow,Inceptisols,Typic Haplustepts,Loamy,Shallow,Well drained,Slightly acidic,Basalt,9
Maharashtra,Thane,2016-2017,Other Cereals,Kharif,1300.0,800.0,0.62,Hectare,Tonnes,Tonne/Hectare,Mountain / Forest,66.7,Red & Yellow,Inceptisols,Typic Haplustepts,Loamy,Shallow,Well drained,Slightly acidic,Basalt,9
Maharashtra,Thane,2016-2017,Other Rabi pulses,Rabi,3200.0,2100.0,0.66,Hectare,Tonnes,Tonne/Hectare,Mountain / Forest,66.7,Red & Yellow,Inceptisols,Typic Haplustepts,Loamy,Shallow,Well drained,Slightly acidic,Basalt,9
Maharashtra,Thane,2016-2017,Ragi,Kharif,2100.0,3600.0,1.71,Hectare,Tonnes,Tonne/Hectare,Mountain / Forest,66.7,Red & Yellow,Inceptisols,Typic Haplustepts,Loamy,Shallow,Well drained,Slightly acidic,Basalt,9
Maharashtra,Thane,2016-2017,Rice,Kharif,55000.0,149600.0,2.72,Hectare,Tonnes,Tonne/Hectare,Mountain / Forest,66.7,Red & Yellow,Inceptisols,Typic Haplustepts,Loamy,Shallow,Well drained,Slightly acidic,Basalt,9
Maharashtra,Thane,2016-2017,Rice,Summer,100.0,100.0,1.0,Hectare,Tonnes,Tonne/Hectare,Mountain / Forest,66.7,Red & Yellow,Inceptisols,Typic Haplustepts,Loamy,Shallow,Well drained,Slightly acidic,Basalt,9
Maharashtra,Thane,2016-2017,Sesamum,Rabi,100.0,30.0,0.3,Hectare,Tonnes,Tonne/Hectare,Mountain / Forest,66.7,Red & Yellow,Inceptisols,Typic Haplustepts,Loamy,Shallow,Well drained,Slightly acidic,Basalt,9
Maharashtra,Thane,2016-2017,Sunflower,Rabi,200.0,115.0,0.58,Hectare,Tonnes,Tonne/Hectare,Mountain / Forest,66.7,Red & Yellow,Inceptisols,Typic Haplustepts,Loamy,Shallow,Well drained,Slightly acidic,Basalt,9
Maharashtra,Thane,2016-2017,Urad,Kharif,407.0,349.0,0.86,Hectare,Tonnes,Tonne/Hectare,Mountain / Forest,66.7,Red & Yellow,Inceptisols,Typic Haplustepts,Loamy,Shallow,Well drained,Slightly acidic,Basalt,9
Maharashtra,Thane,2016-2017,Wheat,Rabi,1.0,2.0,2.0,Hectare,Tonnes,Tonne/Hectare,Mountain / Forest,66.7,Red & Yellow,Inceptisols,Typic Haplustepts,Loamy,Shallow,Well drained,Slightly acidic,Basalt,9
Maharashtra,Wardha,2016-2017,Arhar/Tur,Kharif,84984.0,128712.0,1.51,Hectare,Tonnes,Tonne/Hectare,Black (Regur),100.0,,Vertisols,Chromic Haplusterts,Clayey,Very deep,Moderately well drained,Neutral,Alluvium,9
Maharashtra,Wardha,2016-2017,Cotton(lint),Kharif,240500.0,718900.0,2.99,Hectare,Bales,Bales/Hectare,Black (Regur),100.0,,Vertisols,Chromic Haplusterts,Clayey,Very deep,Moderately well drained,Neutral,Alluvium,9
Maharashtra,Wardha,2016-2017,Gram,Rabi,29600.0,33800.0,1.14,Hectare,Tonnes,Tonne/Hectare,Black (Regur),100.0,,Vertisols,Chromic Haplusterts,Clayey,Very deep,Moderately well drained,Neutral,Alluvium,9
Maharashtra,Wardha,2016-2017,Groundnut,Kharif,300.0,300.0,1.0,Hectare,Tonnes,Tonne/Hectare,Black (Regur),100.0,,Vertisols,Chromic Haplusterts,Clayey,Very deep,Moderately well drained,Neutral,Alluvium,9
Maharashtra,Wardha,2016-2017,Groundnut,Summer,2800.0,5100.0,1.82,Hectare,Tonnes,Tonne/Hectare,Black (Regur),100.0,,Vertisols,Chromic Haplusterts,Clayey,Very deep,Moderately well drained,Neutral,Alluvium,9
Maharashtra,Wardha,2016-2017,Jowar,Kharif,3600.0,1800.0,0.5,Hectare,Tonnes,Tonne/Hectare,Black (Regur),100.0,,Vertisols,Chromic Haplusterts,Clayey,Very deep,Moderately well drained,Neutral,Alluvium,9
Maharashtra,Wardha,2016-2017,Jowar,Rabi,1900.0,1100.0,0.58,Hectare,Tonnes,Tonne/Hectare,Black (Regur),100.0,,Vertisols,Chromic Haplusterts,Clayey,Very deep,Moderately well drained,Neutral,Alluvium,9
Maharashtra,Wardha,2016-2017,Maize,Kharif,30.0,100.0,3.33,Hectare,Tonnes,Tonne/Hectare,Black (Regur),100.0,,Vertisols,Chromic Haplusterts,Clayey,Very deep,Moderately well drained,Neutral,Alluvium,9
Maharashtra,Wardha,2016-2017,Maize,Rabi,100.0,100.0,1.0,Hectare,Tonnes,Tonne/Hectare,Black (Regur),100.0,,Vertisols,Chromic Haplusterts,Clayey,Very deep,Moderately well drained,Neutral,Alluvium,9
Maharashtra,Wardha,2016-2017,Moong(Green Gram),Kharif,128.0,325.0,2.54,Hectare,Tonnes,Tonne/Hectare,Black (Regur),100.0,,Vertisols,Chromic Haplusterts,Clayey,Very deep,Moderately well drained,Neutral,Alluvium,9
Maharashtra,Wardha,2016-2017,Rapeseed &Mustard,Rabi,100.0,100.0,1.0,Hectare,Tonnes,Tonne/Hectare,Black (Regur),100.0,,Vertisols,Chromic Haplusterts,Clayey,Very deep,Moderately well drained,Neutral,Alluvium,9
Maharashtra,Wardha,2016-2017,Sesamum,Summer,15.0,3.0,0.2,Hectare,Tonnes,Tonne/Hectare,Black (Regur),100.0,,Vertisols,Chromic Haplusterts,Clayey,Very deep,Moderately well drained,Neutral,Alluvium,9
Maharashtra,Wardha,2016-2017,Soyabean,Kharif,127200.0,150400.0,1.18,Hectare,Tonnes,Tonne/Hectare,Black (Regur),100.0,,Vertisols,Chromic Haplusterts,Clayey,Very deep,Moderately well drained,Neutral,Alluvium,9
Maharashtra,Wardha,2016-2017,Sugarcane,Whole Year,3017.0,180200.0,59.73,Hectare,Tonnes,Tonne/Hectare,Black (Regur),100.0,,Vertisols,Chromic Haplusterts,Clayey,Very deep,Moderately well drained,Neutral,Alluvium,9
Maharashtra,Wardha,2016-2017,Sunflower,Rabi,10.0,7.0,0.7,Hectare,Tonnes,Tonne/Hectare,Black (Regur),100.0,,Vertisols,Chromic Haplusterts,Clayey,Very deep,Moderately well drained,Neutral,Alluvium,9
Maharashtra,Wardha,2016-2017,Urad,Kharif,221.0,81.0,0.37,Hectare,Tonnes,Tonne/Hectare,Black (Regur),100.0,,Vertisols,Chromic Haplusterts,Clayey,Very deep,Moderately well drained,Neutral,Alluvium,9
Maharashtra,Wardha,2016-2017,Wheat,Rabi,14500.0,22000.0,1.52,Hectare,Tonnes,Tonne/Hectare,Black (Regur),100.0,,Vertisols,Chromic Haplusterts,Clayey,Very deep,Moderately well drained,Neutral,Alluvium,9
Maharashtra,Washim,2016-2017,Arhar/Tur,Kharif,55586.0,35565.0,0.64,Hectare,Tonnes,Tonne/Hectare,Black (Regur),55.6,Saline / Alkaline,Vertisols,Chromic Haplusterts,Clayey,Very deep,Moderately well drained,Neutral,Alluvium,9
Maharashtra,Washim,2016-2017,Bajra,Kharif,300.0,100.0,0.33,Hectare,Tonnes,Tonne/Hectare,Black (Regur),55.6,Saline / Alkaline,Vertisols,Chromic Haplusterts,Clayey,Very deep,Moderately well drained,Neutral,Alluvium,9
Maharashtra,Washim,2016-2017,Cotton(lint),Kharif,18400.0,37500.0,2.04,Hectare,Bales,Bales/Hectare,Black (Regur),55.6,Saline / Alkaline,Vertisols,Chromic Haplusterts,Clayey,Very deep,Moderately well drained,Neutral,Alluvium,9
Maharashtra,Washim,2016-2017,Gram,Rabi,55100.0,49700.0,0.9,Hectare,Tonnes,Tonne/Hectare,Black (Regur),55.6,Saline / Alkaline,Vertisols,Chromic Haplusterts,Clayey,Very deep,Moderately well drained,Neutral,Alluvium,9
Maharashtra,Washim,2016-2017,Groundnut,Summer,9100.0,7800.0,0.86,Hectare,Tonnes,Tonne/Hectare,Black (Regur),55.6,Saline / Alkaline,Vertisols,Chromic Haplusterts,Clayey,Very deep,Moderately well drained,Neutral,Alluvium,9
Maharashtra,Washim,2016-2017,Jowar,Kharif,7600.0,5700.0,0.75,Hectare,Tonnes,Tonne/Hectare,Black (Regur),55.6,Saline / Alkaline,Vertisols,Chromic Haplusterts,Clayey,Very deep,Moderately well drained,Neutral,Alluvium,9
Maharashtra,Washim,2016-2017,Jowar,Rabi,2200.0,2500.0,1.14,Hectare,Tonnes,Tonne/Hectare,Black (Regur),55.6,Saline / Alkaline,Vertisols,Chromic Haplusterts,Clayey,Very deep,Moderately well drained,Neutral,Alluvium,9
Maharashtra,Washim,2016-2017,Maize,Kharif,400.0,1000.0,2.5,Hectare,Tonnes,Tonne/Hectare,Black (Regur),55.6,Saline / Alkaline,Vertisols,Chromic Haplusterts,Clayey,Very deep,Moderately well drained,Neutral,Alluvium,9
Maharashtra,Washim,2016-2017,Moong(Green Gram),Kharif,8155.0,5572.0,0.68,Hectare,Tonnes,Tonne/Hectare,Black (Regur),55.6,Saline / Alkaline,Vertisols,Chromic Haplusterts,Clayey,Very deep,Moderately well drained,Neutral,Alluvium,9
Maharashtra,Washim,2016-2017,Other Cereals,Rabi,100.0,40.0,0.4,Hectare,Tonnes,Tonne/Hectare,Black (Regur),55.6,Saline / Alkaline,Vertisols,Chromic Haplusterts,Clayey,Very deep,Moderately well drained,Neutral,Alluvium,9
Maharashtra,Washim,2016-2017,Other Kharif pulses,Kharif,100.0,40.0,0.4,Hectare,Tonnes,Tonne/Hectare,Black (Regur),55.6,Saline / Alkaline,Vertisols,Chromic Haplusterts,Clayey,Very deep,Moderately well drained,Neutral,Alluvium,9
Maharashtra,Washim,2016-2017,Other Summer Pulses,Summer,500.0,200.0,0.4,Hectare,Tonnes,Tonne/Hectare,Black (Regur),55.6,Saline / Alkaline,Vertisols,Chromic Haplusterts,Clayey,Very deep,Moderately well drained,Neutral,Alluvium,9
Maharashtra,Washim,2016-2017,Rapeseed &Mustard,Rabi,100.0,40.0,0.4,Hectare,Tonnes,Tonne/Hectare,Black (Regur),55.6,Saline / Alkaline,Vertisols,Chromic Haplusterts,Clayey,Very deep,Moderately well drained,Neutral,Alluvium,9
Maharashtra,Washim,2016-2017,Safflower,Rabi,100.0,100.0,1.0,Hectare,Tonnes,Tonne/Hectare,Black (Regur),55.6,Saline / Alkaline,Vertisols,Chromic Haplusterts,Clayey,Very deep,Moderately well drained,Neutral,Alluvium,9
Maharashtra,Washim,2016-2017,Sesamum,Kharif,239.0,65.0,0.27,Hectare,Tonnes,Tonne/Hectare,Black (Regur),55.6,Saline / Alkaline,Vertisols,Chromic Haplusterts,Clayey,Very deep,Moderately well drained,Neutral,Alluvium,9
Maharashtra,Washim,2016-2017,Sesamum,Summer,158.0,30.0,0.19,Hectare,Tonnes,Tonne/Hectare,Black (Regur),55.6,Saline / Alkaline,Vertisols,Chromic Haplusterts,Clayey,Very deep,Moderately well drained,Neutral,Alluvium,9
Maharashtra,Washim,2016-2017,Soyabean,Kharif,300800.0,446100.0,1.48,Hectare,Tonnes,Tonne/Hectare,Black (Regur),55.6,Saline / Alkaline,Vertisols,Chromic Haplusterts,Clayey,Very deep,Moderately well drained,Neutral,Alluvium,9
Maharashtra,Washim,2016-2017,Sugarcane,Whole Year,256.0,13500.0,52.73,Hectare,Tonnes,Tonne/Hectare,Black (Regur),55.6,Saline / Alkaline,Vertisols,Chromic Haplusterts,Clayey,Very deep,Moderately well drained,Neutral,Alluvium,9
Maharashtra,Washim,2016-2017,Sunflower,Rabi,50.0,43.0,0.86,Hectare,Tonnes,Tonne/Hectare,Black (Regur),55.6,Saline / Alkaline,Vertisols,Chromic Haplusterts,Clayey,Very deep,Moderately well drained,Neutral,Alluvium,9
Maharashtra,Washim,2016-2017,Urad,Kharif,10233.0,7404.0,0.72,Hectare,Tonnes,Tonne/Hectare,Black (Regur),55.6,Saline / Alkaline,Vertisols,Chromic Haplusterts,Clayey,Very deep,Moderately well drained,Neutral,Alluvium,9
Maharashtra,Washim,2016-2017,Wheat,Rabi,33700.0,54200.0,1.61,Hectare,Tonnes,Tonne/Hectare,Black (Regur),55.6,Saline / Alkaline,Vertisols,Chromic Haplusterts,Clayey,Very deep,Moderately well drained,Neutral,Alluvium,9
Maharashtra,Washim,2016-2017,other oilseeds,Summer,3.0,1.0,0.33,Hectare,Tonnes,Tonne/Hectare,Black (Regur),55.6,Saline / Alkaline,Vertisols,Chromic Haplusterts,Clayey,Very deep,Moderately well drained,Neutral,Alluvium,9
Maharashtra,Yavatmal,2016-2017,Arhar/Tur,Kharif,173525.0,230958.0,1.33,Hectare,Tonnes,Tonne/Hectare,Black (Regur),77.8,Red & Yellow,Vertisols,Chromic Haplusterts,Clayey,Very deep,Moderately well drained,Neutral,Alluvium,9
Maharashtra,Yavatmal,2016-2017,Bajra,Kharif,100.0,44.0,0.44,Hectare,Tonnes,Tonne/Hectare,Black (Regur),77.8,Red & Yellow,Vertisols,Chromic Haplusterts,Clayey,Very deep,Moderately well drained,Neutral,Alluvium,9
Maharashtra,Yavatmal,2016-2017,Cotton(lint),Kharif,420700.0,1097900.0,2.61,Hectare,Bales,Bales/Hectare,Black (Regur),77.8,Red & Yellow,Vertisols,Chromic Haplusterts,Clayey,Very deep,Moderately well drained,Neutral,Alluvium,9
Maharashtra,Yavatmal,2016-2017,Gram,Rabi,147700.0,109100.0,0.74,Hectare,Tonnes,Tonne/Hectare,Black (Regur),77.8,Red & Yellow,Vertisols,Chromic Haplusterts,Clayey,Very deep,Moderately well drained,Neutral,Alluvium,9
Maharashtra,Yavatmal,2016-2017,Groundnut,Summer,41100.0,27200.0,0.66,Hectare,Tonnes,Tonne/Hectare,Black (Regur),77.8,Red & Yellow,Vertisols,Chromic Haplusterts,Clayey,Very deep,Moderately well drained,Neutral,Alluvium,9
Maharashtra,Yavatmal,2016-2017,Jowar,Kharif,29900.0,13500.0,0.45,Hectare,Tonnes,Tonne/Hectare,Black (Regur),77.8,Red & Yellow,Vertisols,Chromic Haplusterts,Clayey,Very deep,Moderately well drained,Neutral,Alluvium,9
Maharashtra,Yavatmal,2016-2017,Jowar,Rabi,4600.0,5300.0,1.15,Hectare,Tonnes,Tonne/Hectare,Black (Regur),77.8,Red & Yellow,Vertisols,Chromic Haplusterts,Clayey,Very deep,Moderately well drained,Neutral,Alluvium,9
Maharashtra,Yavatmal,2016-2017,Maize,Kharif,1500.0,4100.0,2.73,Hectare,Tonnes,Tonne/Hectare,Black (Regur),77.8,Red & Yellow,Vertisols,Chromic Haplusterts,Clayey,Very deep,Moderately well drained,Neutral,Alluvium,9
Maharashtra,Yavatmal,2016-2017,Maize,Rabi,1700.0,2900.0,1.71,Hectare,Tonnes,Tonne/Hectare,Black (Regur),77.8,Red & Yellow,Vertisols,Chromic Haplusterts,Clayey,Very deep,Moderately well drained,Neutral,Alluvium,9
Maharashtra,Yavatmal,2016-2017,Maize,Summer,200.0,300.0,1.5,Hectare,Tonnes,Tonne/Hectare,Black (Regur),77.8,Red & Yellow,Vertisols,Chromic Haplusterts,Clayey,Very deep,Moderately well drained,Neutral,Alluvium,9
Maharashtra,Yavatmal,2016-2017,Moong(Green Gram),Kharif,9341.0,5074.0,0.54,Hectare,Tonnes,Tonne/Hectare,Black (Regur),77.8,Red & Yellow,Vertisols,Chromic Haplusterts,Clayey,Very deep,Moderately well drained,Neutral,Alluvium,9
Maharashtra,Yavatmal,2016-2017,Other Summer Pulses,Summer,20.0,10.0,0.5,Hectare,Tonnes,Tonne/Hectare,Black (Regur),77.8,Red & Yellow,Vertisols,Chromic Haplusterts,Clayey,Very deep,Moderately well drained,Neutral,Alluvium,9
Maharashtra,Yavatmal,2016-2017,Safflower,Rabi,100.0,100.0,1.0,Hectare,Tonnes,Tonne/Hectare,Black (Regur),77.8,Red & Yellow,Vertisols,Chromic Haplusterts,Clayey,Very deep,Moderately well drained,Neutral,Alluvium,9
Maharashtra,Yavatmal,2016-2017,Sesamum,Kharif,474.0,130.0,0.27,Hectare,Tonnes,Tonne/Hectare,Black (Regur),77.8,Red & Yellow,Vertisols,Chromic Haplusterts,Clayey,Very deep,Moderately well drained,Neutral,Alluvium,9
Maharashtra,Yavatmal,2016-2017,Sesamum,Rabi,80.0,20.0,0.25,Hectare,Tonnes,Tonne/Hectare,Black (Regur),77.8,Red & Yellow,Vertisols,Chromic Haplusterts,Clayey,Very deep,Moderately well drained,Neutral,Alluvium,9
Maharashtra,Yavatmal,2016-2017,Sesamum,Summer,212.0,40.0,0.19,Hectare,Tonnes,Tonne/Hectare,Black (Regur),77.8,Red & Yellow,Vertisols,Chromic Haplusterts,Clayey,Very deep,Moderately well drained,Neutral,Alluvium,9
Maharashtra,Yavatmal,2016-2017,Soyabean,Kharif,253000.0,282400.0,1.12,Hectare,Tonnes,Tonne/Hectare,Black (Regur),77.8,Red & Yellow,Vertisols,Chromic Haplusterts,Clayey,Very deep,Moderately well drained,Neutral,Alluvium,9
Maharashtra,Yavatmal,2016-2017,Sugarcane,Whole Year,12493.0,888300.0,71.1,Hectare,Tonnes,Tonne/Hectare,Black (Regur),77.8,Red & Yellow,Vertisols,Chromic Haplusterts,Clayey,Very deep,Moderately well drained,Neutral,Alluvium,9
Maharashtra,Yavatmal,2016-2017,Urad,Kharif,10379.0,5390.0,0.52,Hectare,Tonnes,Tonne/Hectare,Black (Regur),77.8,Red & Yellow,Vertisols,Chromic Haplusterts,Clayey,Very deep,Moderately well drained,Neutral,Alluvium,9
Maharashtra,Yavatmal,2016-2017,Wheat,Rabi,60200.0,77900.0,1.29,Hectare,Tonnes,Tonne/Hectare,Black (Regur),77.8,Red & Yellow,Vertisols,Chromic Haplusterts,Clayey,Very deep,Moderately well drained,Neutral,Alluvium,9
