State,District,Year,Crop,Season,Area,Production,Yield,Area_unit,Production_unit,Yield_unit,Soil_Type,Soil_Type_Share_pct,Soil_Type_Secondary,Soil_Order,Soil_Taxonomy,Soil_Texture,Soil_Depth,Soil_Drainage,Soil_pH_Class,Soil_Parent_Material,Soil_Points_Sampled
Maharashtra,Ahilyanagar,2021-2022,Arhar/Tur,Kharif,22874.75,18530.84,0.81,Hectare,Tonnes,Tonne/Hectare,Black (Regur),44.4,Saline / Alkaline,Entisols,Lithic Ustorthents,Clayey,Shallow,Well drained,Neutral,Basalt,9
Maharashtra,Ahilyanagar,2021-2022,Bajra,Kharif,147501.9,151916.36,1.03,Hectare,Tonnes,Tonne/Hectare,Black (Regur),44.4,Saline / Alkaline,Entisols,Lithic Ustorthents,Clayey,Shallow,Well drained,Neutral,Basalt,9
Maharashtra,Ahilyanagar,2021-2022,Bajra,Summer,2016.0,1834.56,0.91,Hectare,Tonnes,Tonne/Hectare,Black (Regur),44.4,Saline / Alkaline,Entisols,Lithic Ustorthents,Clayey,Shallow,Well drained,Neutral,Basalt,9
Maharashtra,Ahilyanagar,2021-2022,Cotton(lint),Kharif,162600.0,277400.0,1.71,Hectare,Bales,Bales/Hectare,Black (Regur),44.4,Saline / Alkaline,Entisols,Lithic Ustorthents,Clayey,Shallow,Well drained,Neutral,Basalt,9
Maharashtra,Ahilyanagar,2021-2022,Gram,Rabi,114238.91,112409.95,0.98,Hectare,Tonnes,Tonne/Hectare,Black (Regur),44.4,Saline / Alkaline,Entisols,Lithic Ustorthents,Clayey,Shallow,Well drained,Neutral,Basalt,9
Maharashtra,Ahilyanagar,2021-2022,Groundnut,Kharif,15363.13,13395.11,0.87,Hectare,Tonnes,Tonne/Hectare,Black (Regur),44.4,Saline / Alkaline,Entisols,Lithic Ustorthents,Clayey,Shallow,Well drained,Neutral,Basalt,9
Maharashtra,Ahilyanagar,2021-2022,Groundnut,Summer,415.99,592.56,1.42,Hectare,Tonnes,Tonne/Hectare,Black (Regur),44.4,Saline / Alkaline,Entisols,Lithic Ustorthents,Clayey,Shallow,Well drained,Neutral,Basalt,9
Maharashtra,Ahilyanagar,2021-2022,Jowar,Kharif,921.41,1040.33,1.13,Hectare,Tonnes,Tonne/Hectare,Black (Regur),44.4,Saline / Alkaline,Entisols,Lithic Ustorthents,Clayey,Shallow,Well drained,Neutral,Basalt,9
Maharashtra,Ahilyanagar,2021-2022,Jowar,Rabi,324627.56,221379.77,0.68,Hectare,Tonnes,Tonne/Hectare,Black (Regur),44.4,Saline / Alkaline,Entisols,Lithic Ustorthents,Clayey,Shallow,Well drained,Neutral,Basalt,9
Maharashtra,Ahilyanagar,2021-2022,Linseed,Rabi,52.02,49.03,0.94,Hectare,Tonnes,Tonne/Hectare,Black (Regur),44.4,Saline / Alkaline,Entisols,Lithic Ustorthents,Clayey,Shallow,Well drained,Neutral,Basalt,9
Maharashtra,Ahilyanagar,2021-2022,Maize,Kharif,46278.98,147412.44,3.19,Hectare,Tonnes,Tonne/Hectare,Black (Regur),44.4,Saline / Alkaline,Entisols,Lithic Ustorthents,Clayey,Shallow,Well drained,Neutral,Basalt,9
Maharashtra,Ahilyanagar,2021-2022,Maize,Rabi,45432.92,120165.53,2.64,Hectare,Tonnes,Tonne/Hectare,Black (Regur),44.4,Saline / Alkaline,Entisols,Lithic Ustorthents,Clayey,Shallow,Well drained,Neutral,Basalt,9
Maharashtra,Ahilyanagar,2021-2022,Maize,Summer,3048.14,4023.55,1.32,Hectare,Tonnes,Tonne/Hectare,Black (Regur),44.4,Saline / Alkaline,Entisols,Lithic Ustorthents,Clayey,Shallow,Well drained,Neutral,Basalt,9
Maharashtra,Ahilyanagar,2021-2022,Moong(Green Gram),Kharif,69620.98,42037.15,0.6,Hectare,Tonnes,Tonne/Hectare,Black (Regur),44.4,Saline / Alkaline,Entisols,Lithic Ustorthents,Clayey,Shallow,Well drained,Neutral,Basalt,9
Maharashtra,Ahilyanagar,2021-2022,Moong(Green Gram),Summer,509.0,93.75,0.18,Hectare,Tonnes,Tonne/Hectare,Black (Regur),44.4,Saline / Alkaline,Entisols,Lithic Ustorthents,Clayey,Shallow,Well drained,Neutral,Basalt,9
Maharashtra,Ahilyanagar,2021-2022,Niger seed,Kharif,794.51,135.94,0.17,Hectare,Tonnes,Tonne/Hectare,Black (Regur),44.4,Saline / Alkaline,Entisols,Lithic Ustorthents,Clayey,Shallow,Well drained,Neutral,Basalt,9
Maharashtra,Ahilyanagar,2021-2022,Other Cereals,Kharif,389.0,87.91,0.23,Hectare,Tonnes,Tonne/Hectare,Black (Regur),44.4,Saline / Alkaline,Entisols,Lithic Ustorthents,Clayey,Shallow,Well drained,Neutral,Basalt,9
Maharashtra,Ahilyanagar,2021-2022,Other Cereals,Rabi,55.0,12.76,0.23,Hectare,Tonnes,Tonne/Hectare,Black (Regur),44.4,Saline / Alkaline,Entisols,Lithic Ustorthents,Clayey,Shallow,Well drained,Neutral,Basalt,9
Maharashtra,Ahilyanagar,2021-2022,Other Cereals,Summer,26.0,28.3,1.09,Hectare,Tonnes,Tonne/Hectare,Black (Regur),44.4,Saline / Alkaline,Entisols,Lithic Ustorthents,Clayey,Shallow,Well drained,Neutral,Basalt,9
Maharashtra,Ahilyanagar,2021-2022,Other Kharif pulses,Kharif,9403.0,1006.12,0.11,Hectare,Tonnes,Tonne/Hectare,Black (Regur),44.4,Saline / Alkaline,Entisols,Lithic Ustorthents,Clayey,Shallow,Well drained,Neutral,Basalt,9
Maharashtra,Ahilyanagar,2021-2022,Other Rabi pulses,Rabi,289.0,83.84,0.29,Hectare,Tonnes,Tonne/Hectare,Black (Regur),44.4,Saline / Alkaline,Entisols,Lithic Ustorthents,Clayey,Shallow,Well drained,Neutral,Basalt,9
Maharashtra,Ahilyanagar,2021-2022,Other Summer Pulses,Summer,398.0,225.87,0.57,Hectare,Tonnes,Tonne/Hectare,Black (Regur),44.4,Saline / Alkaline,Entisols,Lithic Ustorthents,Clayey,Shallow,Well drained,Neutral,Basalt,9
Maharashtra,Ahilyanagar,2021-2022,Ragi,Kharif,150.76,178.25,1.18,Hectare,Tonnes,Tonne/Hectare,Black (Regur),44.4,Saline / Alkaline,Entisols,Lithic Ustorthents,Clayey,Shallow,Well drained,Neutral,Basalt,9
Maharashtra,Ahilyanagar,2021-2022,Rice,Kharif,19551.47,37007.02,1.89,Hectare,Tonnes,Tonne/Hectare,Black (Regur),44.4,Saline / Alkaline,Entisols,Lithic Ustorthents,Clayey,Shallow,Well drained,Neutral,Basalt,9
Maharashtra,Ahilyanagar,2021-2022,Rice,Summer,10.0,31.13,3.11,Hectare,Tonnes,Tonne/Hectare,Black (Regur),44.4,Saline / Alkaline,Entisols,Lithic Ustorthents,Clayey,Shallow,Well drained,Neutral,Basalt,9
Maharashtra,Ahilyanagar,2021-2022,Safflower,Rabi,62.67,41.27,0.66,Hectare,Tonnes,Tonne/Hectare,Black (Regur),44.4,Saline / Alkaline,Entisols,Lithic Ustorthents,Clayey,Shallow,Well drained,Neutral,Basalt,9
Maharashtra,Ahilyanagar,2021-2022,Sesamum,Kharif,135.56,25.88,0.19,Hectare,Tonnes,Tonne/Hectare,Black (Regur),44.4,Saline / Alkaline,Entisols,Lithic Ustorthents,Clayey,Shallow,Well drained,Neutral,Basalt,9
Maharashtra,Ahilyanagar,2021-2022,Sesamum,Rabi,158.49,113.24,0.71,Hectare,Tonnes,Tonne/Hectare,Black (Regur),44.4,Saline / Alkaline,Entisols,Lithic Ustorthents,Clayey,Shallow,Well drained,Neutral,Basalt,9
Maharashtra,Ahilyanagar,2021-2022,Sesamum,Summer,48.0,9.02,0.19,Hectare,Tonnes,Tonne/Hectare,Black (Regur),44.4,Saline / Alkaline,Entisols,Lithic Ustorthents,Clayey,Shallow,Well drained,Neutral,Basalt,9
Maharashtra,Ahilyanagar,2021-2022,Soyabean,Kharif,99300.03,157052.93,1.58,Hectare,Tonnes,Tonne/Hectare,Black (Regur),44.4,Saline / Alkaline,Entisols,Lithic Ustorthents,Clayey,Shallow,Well drained,Neutral,Basalt,9
Maharashtra,Ahilyanagar,2021-2022,Soyabean,Summer,3195.0,4792.5,1.5,Hectare,Tonnes,Tonne/Hectare,Black (Regur),44.4,Saline / Alkaline,Entisols,Lithic Ustorthents,Clayey,Shallow,Well drained,Neutral,Basalt,9
Maharashtra,Ahilyanagar,2021-2022,Sugarcane,Whole Year,207805.0,20676012.67,99.5,Hectare,Tonnes,Tonne/Hectare,Black (Regur),44.4,Saline / Alkaline,Entisols,Lithic Ustorthents,Clayey,Shallow,Well drained,Neutral,Basalt,9
Maharashtra,Ahilyanagar,2021-2022,Sunflower,Kharif,265.04,178.24,0.67,Hectare,Tonnes,Tonne/Hectare,Black (Regur),44.4,Saline / Alkaline,Entisols,Lithic Ustorthents,Clayey,Shallow,Well drained,Neutral,Basalt,9
Maharashtra,Ahilyanagar,2021-2022,Sunflower,Rabi,87.92,115.94,1.32,Hectare,Tonnes,Tonne/Hectare,Black (Regur),44.4,Saline / Alkaline,Entisols,Lithic Ustorthents,Clayey,Shallow,Well drained,Neutral,Basalt,9
Maharashtra,Ahilyanagar,2021-2022,Sunflower,Summer,11.78,9.27,0.79,Hectare,Tonnes,Tonne/Hectare,Black (Regur),44.4,Saline / Alkaline,Entisols,Lithic Ustorthents,Clayey,Shallow,Well drained,Neutral,Basalt,9
Maharashtra,Ahilyanagar,2021-2022,Urad,Kharif,30875.67,15564.42,0.5,Hectare,Tonnes,Tonne/Hectare,Black (Regur),44.4,Saline / Alkaline,Entisols,Lithic Ustorthents,Clayey,Shallow,Well drained,Neutral,Basalt,9
Maharashtra,Ahilyanagar,2021-2022,Urad,Summer,8.0,4.31,0.54,Hectare,Tonnes,Tonne/Hectare,Black (Regur),44.4,Saline / Alkaline,Entisols,Lithic Ustorthents,Clayey,Shallow,Well drained,Neutral,Basalt,9
Maharashtra,Ahilyanagar,2021-2022,Wheat,Rabi,67845.25,152820.07,2.25,Hectare,Tonnes,Tonne/Hectare,Black (Regur),44.4,Saline / Alkaline,Entisols,Lithic Ustorthents,Clayey,Shallow,Well drained,Neutral,Basalt,9
Maharashtra,Ahilyanagar,2021-2022,other oilseeds,Rabi,248.0,96.13,0.39,Hectare,Tonnes,Tonne/Hectare,Black (Regur),44.4,Saline / Alkaline,Entisols,Lithic Ustorthents,Clayey,Shallow,Well drained,Neutral,Basalt,9
Maharashtra,Akola,2021-2022,Arhar/Tur,Kharif,57839.22,158086.14,2.73,Hectare,Tonnes,Tonne/Hectare,Black (Regur),100.0,,Vertisols,Chromic Haplusterts,Clayey,Very deep,Moderately well drained,Slightly alkaline,Alluvium,9
Maharashtra,Akola,2021-2022,Bajra,Kharif,5.24,1.89,0.36,Hectare,Tonnes,Tonne/Hectare,Black (Regur),100.0,,Vertisols,Chromic Haplusterts,Clayey,Very deep,Moderately well drained,Slightly alkaline,Alluvium,9
Maharashtra,Akola,2021-2022,Cotton(lint),Kharif,153000.0,305600.0,2.0,Hectare,Bales,Bales/Hectare,Black (Regur),100.0,,Vertisols,Chromic Haplusterts,Clayey,Very deep,Moderately well drained,Slightly alkaline,Alluvium,9
Maharashtra,Akola,2021-2022,Gram,Rabi,99878.4,125929.68,1.26,Hectare,Tonnes,Tonne/Hectare,Black (Regur),100.0,,Vertisols,Chromic Haplusterts,Clayey,Very deep,Moderately well drained,Slightly alkaline,Alluvium,9
Maharashtra,Akola,2021-2022,Groundnut,Kharif,1.44,1.83,1.26,Hectare,Tonnes,Tonne/Hectare,Black (Regur),100.0,,Vertisols,Chromic Haplusterts,Clayey,Very deep,Moderately well drained,Slightly alkaline,Alluvium,9
Maharashtra,Akola,2021-2022,Groundnut,Summer,3813.23,5542.59,1.45,Hectare,Tonnes,Tonne/Hectare,Black (Regur),100.0,,Vertisols,Chromic Haplusterts,Clayey,Very deep,Moderately well drained,Slightly alkaline,Alluvium,9
Maharashtra,Akola,2021-2022,Jowar,Kharif,5175.29,1429.42,0.28,Hectare,Tonnes,Tonne/Hectare,Black (Regur),100.0,,Vertisols,Chromic Haplusterts,Clayey,Very deep,Moderately well drained,Slightly alkaline,Alluvium,9
Maharashtra,Akola,2021-2022,Jowar,Rabi,2751.65,2368.59,0.86,Hectare,Tonnes,Tonne/Hectare,Black (Regur),100.0,,Vertisols,Chromic Haplusterts,Clayey,Very deep,Moderately well drained,Slightly alkaline,Alluvium,9
Maharashtra,Akola,2021-2022,Jowar,Summer,139.8,116.23,0.83,Hectare,Tonnes,Tonne/Hectare,Black (Regur),100.0,,Vertisols,Chromic Haplusterts,Clayey,Very deep,Moderately well drained,Slightly alkaline,Alluvium,9
Maharashtra,Akola,2021-2022,Maize,Kharif,248.97,734.83,2.95,Hectare,Tonnes,Tonne/Hectare,Black (Regur),100.0,,Vertisols,Chromic Haplusterts,Clayey,Very deep,Moderately well drained,Slightly alkaline,Alluvium,9
Maharashtra,Akola,2021-2022,Maize,Rabi,497.52,1082.85,2.18,Hectare,Tonnes,Tonne/Hectare,Black (Regur),100.0,,Vertisols,Chromic Haplusterts,Clayey,Very deep,Moderately well drained,Slightly alkaline,Alluvium,9
Maharashtra,Akola,2021-2022,Maize,Summer,788.0,1339.6,1.7,Hectare,Tonnes,Tonne/Hectare,Black (Regur),100.0,,Vertisols,Chromic Haplusterts,Clayey,Very deep,Moderately well drained,Slightly alkaline,Alluvium,9
Maharashtra,Akola,2021-2022,Moong(Green Gram),Kharif,19803.54,2913.1,0.15,Hectare,Tonnes,Tonne/Hectare,Black (Regur),100.0,,Vertisols,Chromic Haplusterts,Clayey,Very deep,Moderately well drained,Slightly alkaline,Alluvium,9
Maharashtra,Akola,2021-2022,Moong(Green Gram),Summer,639.3,117.75,0.18,Hectare,Tonnes,Tonne/Hectare,Black (Regur),100.0,,Vertisols,Chromic Haplusterts,Clayey,Very deep,Moderately well drained,Slightly alkaline,Alluvium,9
Maharashtra,Akola,2021-2022,Rice,Summer,88.0,261.39,2.97,Hectare,Tonnes,Tonne/Hectare,Black (Regur),100.0,,Vertisols,Chromic Haplusterts,Clayey,Very deep,Moderately well drained,Slightly alkaline,Alluvium,9
Maharashtra,Akola,2021-2022,Safflower,Rabi,144.0,78.38,0.54,Hectare,Tonnes,Tonne/Hectare,Black (Regur),100.0,,Vertisols,Chromic Haplusterts,Clayey,Very deep,Moderately well drained,Slightly alkaline,Alluvium,9
Maharashtra,Akola,2021-2022,Sesamum,Kharif,1523.26,69.31,0.05,Hectare,Tonnes,Tonne/Hectare,Black (Regur),100.0,,Vertisols,Chromic Haplusterts,Clayey,Very deep,Moderately well drained,Slightly alkaline,Alluvium,9
Maharashtra,Akola,2021-2022,Sesamum,Rabi,27.0,19.29,0.71,Hectare,Tonnes,Tonne/Hectare,Black (Regur),100.0,,Vertisols,Chromic Haplusterts,Clayey,Very deep,Moderately well drained,Slightly alkaline,Alluvium,9
Maharashtra,Akola,2021-2022,Sesamum,Summer,179.4,38.03,0.21,Hectare,Tonnes,Tonne/Hectare,Black (Regur),100.0,,Vertisols,Chromic Haplusterts,Clayey,Very deep,Moderately well drained,Slightly alkaline,Alluvium,9
Maharashtra,Akola,2021-2022,Soyabean,Kharif,235636.19,256678.5,1.09,Hectare,Tonnes,Tonne/Hectare,Black (Regur),100.0,,Vertisols,Chromic Haplusterts,Clayey,Very deep,Moderately well drained,Slightly alkaline,Alluvium,9
Maharashtra,Akola,2021-2022,Soyabean,Summer,417.8,208.9,0.5,Hectare,Tonnes,Tonne/Hectare,Black (Regur),100.0,,Vertisols,Chromic Haplusterts,Clayey,Very deep,Moderately well drained,Slightly alkaline,Alluvium,9
Maharashtra,Akola,2021-2022,Urad,Kharif,16639.49,1577.42,0.09,Hectare,Tonnes,Tonne/Hectare,Black (Regur),100.0,,Vertisols,Chromic Haplusterts,Clayey,Very deep,Moderately well drained,Slightly alkaline,Alluvium,9
Maharashtra,Akola,2021-2022,Wheat,Rabi,30006.49,50269.87,1.68,Hectare,Tonnes,Tonne/Hectare,Black (Regur),100.0,,Vertisols,Chromic Haplusterts,Clayey,Very deep,Moderately well drained,Slightly alkaline,Alluvium,9
Maharashtra,Amravati,2021-2022,Arhar/Tur,Kharif,114828.33,113392.98,0.99,Hectare,Tonnes,Tonne/Hectare,Black (Regur),88.9,Saline / Alkaline,Vertisols,Chromic Haplusterts,Clayey,Very deep,Moderately well drained,Slightly alkaline,Alluvium,9
Maharashtra,Amravati,2021-2022,Cotton(lint),Kharif,275800.0,618900.0,2.24,Hectare,Bales,Bales/Hectare,Black (Regur),88.9,Saline / Alkaline,Vertisols,Chromic Haplusterts,Clayey,Very deep,Moderately well drained,Slightly alkaline,Alluvium,9
Maharashtra,Amravati,2021-2022,Gram,Rabi,109169.14,133859.92,1.23,Hectare,Tonnes,Tonne/Hectare,Black (Regur),88.9,Saline / Alkaline,Vertisols,Chromic Haplusterts,Clayey,Very deep,Moderately well drained,Slightly alkaline,Alluvium,9
Maharashtra,Amravati,2021-2022,Groundnut,Kharif,644.66,1210.94,1.88,Hectare,Tonnes,Tonne/Hectare,Black (Regur),88.9,Saline / Alkaline,Vertisols,Chromic Haplusterts,Clayey,Very deep,Moderately well drained,Slightly alkaline,Alluvium,9
Maharashtra,Amravati,2021-2022,Groundnut,Summer,1187.82,1026.46,0.86,Hectare,Tonnes,Tonne/Hectare,Black (Regur),88.9,Saline / Alkaline,Vertisols,Chromic Haplusterts,Clayey,Very deep,Moderately well drained,Slightly alkaline,Alluvium,9
Maharashtra,Amravati,2021-2022,Jowar,Kharif,14696.32,12337.56,0.84,Hectare,Tonnes,Tonne/Hectare,Black (Regur),88.9,Saline / Alkaline,Vertisols,Chromic Haplusterts,Clayey,Very deep,Moderately well drained,Slightly alkaline,Alluvium,9
Maharashtra,Amravati,2021-2022,Jowar,Rabi,112.34,96.7,0.86,Hectare,Tonnes,Tonne/Hectare,Black (Regur),88.9,Saline / Alkaline,Vertisols,Chromic Haplusterts,Clayey,Very deep,Moderately well drained,Slightly alkaline,Alluvium,9
Maharashtra,Amravati,2021-2022,Maize,Kharif,10225.02,30179.15,2.95,Hectare,Tonnes,Tonne/Hectare,Black (Regur),88.9,Saline / Alkaline,Vertisols,Chromic Haplusterts,Clayey,Very deep,Moderately well drained,Slightly alkaline,Alluvium,9
Maharashtra,Amravati,2021-2022,Maize,Rabi,613.91,1336.18,2.18,Hectare,Tonnes,Tonne/Hectare,Black (Regur),88.9,Saline / Alkaline,Vertisols,Chromic Haplusterts,Clayey,Very deep,Moderately well drained,Slightly alkaline,Alluvium,9
Maharashtra,Amravati,2021-2022,Maize,Summer,1413.75,2538.39,1.8,Hectare,Tonnes,Tonne/Hectare,Black (Regur),88.9,Saline / Alkaline,Vertisols,Chromic Haplusterts,Clayey,Very deep,Moderately well drained,Slightly alkaline,Alluvium,9
Maharashtra,Amravati,2021-2022,Moong(Green Gram),Kharif,12954.27,2568.83,0.2,Hectare,Tonnes,Tonne/Hectare,Black (Regur),88.9,Saline / Alkaline,Vertisols,Chromic Haplusterts,Clayey,Very deep,Moderately well drained,Slightly alkaline,Alluvium,9
Maharashtra,Amravati,2021-2022,Moong(Green Gram),Summer,3449.0,2069.4,0.6,Hectare,Tonnes,Tonne/Hectare,Black (Regur),88.9,Saline / Alkaline,Vertisols,Chromic Haplusterts,Clayey,Very deep,Moderately well drained,Slightly alkaline,Alluvium,9
Maharashtra,Amravati,2021-2022,Other Cereals,Summer,1102.0,676.86,0.61,Hectare,Tonnes,Tonne/Hectare,Black (Regur),88.9,Saline / Alkaline,Vertisols,Chromic Haplusterts,Clayey,Very deep,Moderately well drained,Slightly alkaline,Alluvium,9
Maharashtra,Amravati,2021-2022,Other Rabi pulses,Rabi,5.0,2.0,0.4,Hectare,Tonnes,Tonne/Hectare,Black (Regur),88.9,Saline / Alkaline,Vertisols,Chromic Haplusterts,Clayey,Very deep,Moderately well drained,Slightly alkaline,Alluvium,9
Maharashtra,Amravati,2021-2022,Rice,Kharif,6484.64,3273.45,0.5,Hectare,Tonnes,Tonne/Hectare,Black (Regur),88.9,Saline / Alkaline,Vertisols,Chromic Haplusterts,Clayey,Very deep,Moderately well drained,Slightly alkaline,Alluvium,9
Maharashtra,Amravati,2021-2022,Safflower,Rabi,37.14,30.52,0.82,Hectare,Tonnes,Tonne/Hectare,Black (Regur),88.9,Saline / Alkaline,Vertisols,Chromic Haplusterts,Clayey,Very deep,Moderately well drained,Slightly alkaline,Alluvium,9
Maharashtra,Amravati,2021-2022,Sesamum,Kharif,0.5,0.07,0.14,Hectare,Tonnes,Tonne/Hectare,Black (Regur),88.9,Saline / Alkaline,Vertisols,Chromic Haplusterts,Clayey,Very deep,Moderately well drained,Slightly alkaline,Alluvium,9
Maharashtra,Amravati,2021-2022,Sesamum,Summer,998.0,299.4,0.3,Hectare,Tonnes,Tonne/Hectare,Black (Regur),88.9,Saline / Alkaline,Vertisols,Chromic Haplusterts,Clayey,Very deep,Moderately well drained,Slightly alkaline,Alluvium,9
Maharashtra,Amravati,2021-2022,Soyabean,Kharif,248704.41,260194.55,1.05,Hectare,Tonnes,Tonne/Hectare,Black (Regur),88.9,Saline / Alkaline,Vertisols,Chromic Haplusterts,Clayey,Very deep,Moderately well drained,Slightly alkaline,Alluvium,9
Maharashtra,Amravati,2021-2022,Soyabean,Summer,595.0,297.5,0.5,Hectare,Tonnes,Tonne/Hectare,Black (Regur),88.9,Saline / Alkaline,Vertisols,Chromic Haplusterts,Clayey,Very deep,Moderately well drained,Slightly alkaline,Alluvium,9
Maharashtra,Amravati,2021-2022,Urad,Kharif,6829.88,592.83,0.09,Hectare,Tonnes,Tonne/Hectare,Black (Regur),88.9,Saline / Alkaline,Vertisols,Chromic Haplusterts,Clayey,Very deep,Moderately well drained,Slightly alkaline,Alluvium,9
Maharashtra,Amravati,2021-2022,Wheat,Rabi,41749.96,68090.01,1.63,Hectare,Tonnes,Tonne/Hectare,Black (Regur),88.9,Saline / Alkaline,Vertisols,Chromic Haplusterts,Clayey,Very deep,Moderately well drained,Slightly alkaline,Alluvium,9
Maharashtra,Amravati,2021-2022,other oilseeds,Rabi,224.0,89.6,0.4,Hectare,Tonnes,Tonne/Hectare,Black (Regur),88.9,Saline / Alkaline,Vertisols,Chromic Haplusterts,Clayey,Very deep,Moderately well drained,Slightly alkaline,Alluvium,9
Maharashtra,Beed,2021-2022,Arhar/Tur,Kharif,66224.16,54740.89,0.83,Hectare,Tonnes,Tonne/Hectare,Black (Regur),88.9,Saline / Alkaline,Entisols,Lithic Ustorthents,Clayey,Shallow,Well drained,Neutral,Basalt,9
Maharashtra,Beed,2021-2022,Bajra,Kharif,41355.06,31917.72,0.77,Hectare,Tonnes,Tonne/Hectare,Black (Regur),88.9,Saline / Alkaline,Entisols,Lithic Ustorthents,Clayey,Shallow,Well drained,Neutral,Basalt,9
Maharashtra,Beed,2021-2022,Bajra,Summer,4570.0,3427.5,0.75,Hectare,Tonnes,Tonne/Hectare,Black (Regur),88.9,Saline / Alkaline,Entisols,Lithic Ustorthents,Clayey,Shallow,Well drained,Neutral,Basalt,9
Maharashtra,Beed,2021-2022,Cotton(lint),Kharif,313450.0,438900.0,1.4,Hectare,Bales,Bales/Hectare,Black (Regur),88.9,Saline / Alkaline,Entisols,Lithic Ustorthents,Clayey,Shallow,Well drained,Neutral,Basalt,9
Maharashtra,Beed,2021-2022,Gram,Rabi,57617.57,62629.72,1.09,Hectare,Tonnes,Tonne/Hectare,Black (Regur),88.9,Saline / Alkaline,Entisols,Lithic Ustorthents,Clayey,Shallow,Well drained,Neutral,Basalt,9
Maharashtra,Beed,2021-2022,Groundnut,Kharif,3985.48,2234.66,0.56,Hectare,Tonnes,Tonne/Hectare,Black (Regur),88.9,Saline / Alkaline,Entisols,Lithic Ustorthents,Clayey,Shallow,Well drained,Neutral,Basalt,9
Maharashtra,Beed,2021-2022,Groundnut,Summer,2415.0,2925.77,1.21,Hectare,Tonnes,Tonne/Hectare,Black (Regur),88.9,Saline / Alkaline,Entisols,Lithic Ustorthents,Clayey,Shallow,Well drained,Neutral,Basalt,9
Maharashtra,Beed,2021-2022,Jowar,Kharif,2452.54,785.3,0.32,Hectare,Tonnes,Tonne/Hectare,Black (Regur),88.9,Saline / Alkaline,Entisols,Lithic Ustorthents,Clayey,Shallow,Well drained,Neutral,Basalt,9
Maharashtra,Beed,2021-2022,Jowar,Rabi,101456.8,121260.15,1.2,Hectare,Tonnes,Tonne/Hectare,Black (Regur),88.9,Saline / Alkaline,Entisols,Lithic Ustorthents,Clayey,Shallow,Well drained,Neutral,Basalt,9
Maharashtra,Beed,2021-2022,Linseed,Rabi,129.0,121.58,0.94,Hectare,Tonnes,Tonne/Hectare,Black (Regur),88.9,Saline / Alkaline,Entisols,Lithic Ustorthents,Clayey,Shallow,Well drained,Neutral,Basalt,9
Maharashtra,Beed,2021-2022,Maize,Kharif,12264.33,15113.34,1.23,Hectare,Tonnes,Tonne/Hectare,Black (Regur),88.9,Saline / Alkaline,Entisols,Lithic Ustorthents,Clayey,Shallow,Well drained,Neutral,Basalt,9
Maharashtra,Beed,2021-2022,Maize,Rabi,3443.33,4348.93,1.26,Hectare,Tonnes,Tonne/Hectare,Black (Regur),88.9,Saline / Alkaline,Entisols,Lithic Ustorthents,Clayey,Shallow,Well drained,Neutral,Basalt,9
Maharashtra,Beed,2021-2022,Maize,Summer,1080.0,1170.0,1.08,Hectare,Tonnes,Tonne/Hectare,Black (Regur),88.9,Saline / Alkaline,Entisols,Lithic Ustorthents,Clayey,Shallow,Well drained,Neutral,Basalt,9
Maharashtra,Beed,2021-2022,Moong(Green Gram),Kharif,19183.12,8432.9,0.44,Hectare,Tonnes,Tonne/Hectare,Black (Regur),88.9,Saline / Alkaline,Entisols,Lithic Ustorthents,Clayey,Shallow,Well drained,Neutral,Basalt,9
Maharashtra,Beed,2021-2022,Moong(Green Gram),Summer,84.0,15.47,0.18,Hectare,Tonnes,Tonne/Hectare,Black (Regur),88.9,Saline / Alkaline,Entisols,Lithic Ustorthents,Clayey,Shallow,Well drained,Neutral,Basalt,9
Maharashtra,Beed,2021-2022,Niger seed,Kharif,111.04,13.15,0.12,Hectare,Tonnes,Tonne/Hectare,Black (Regur),88.9,Saline / Alkaline,Entisols,Lithic Ustorthents,Clayey,Shallow,Well drained,Neutral,Basalt,9
Maharashtra,Beed,2021-2022,Other Cereals,Kharif,208.0,86.32,0.42,Hectare,Tonnes,Tonne/Hectare,Black (Regur),88.9,Saline / Alkaline,Entisols,Lithic Ustorthents,Clayey,Shallow,Well drained,Neutral,Basalt,9
Maharashtra,Beed,2021-2022,Other Cereals,Rabi,509.0,270.02,0.53,Hectare,Tonnes,Tonne/Hectare,Black (Regur),88.9,Saline / Alkaline,Entisols,Lithic Ustorthents,Clayey,Shallow,Well drained,Neutral,Basalt,9
Maharashtra,Beed,2021-2022,Other Kharif pulses,Kharif,518.0,136.75,0.26,Hectare,Tonnes,Tonne/Hectare,Black (Regur),88.9,Saline / Alkaline,Entisols,Lithic Ustorthents,Clayey,Shallow,Well drained,Neutral,Basalt,9
Maharashtra,Beed,2021-2022,Other Rabi pulses,Rabi,1916.0,1532.8,0.8,Hectare,Tonnes,Tonne/Hectare,Black (Regur),88.9,Saline / Alkaline,Entisols,Lithic Ustorthents,Clayey,Shallow,Well drained,Neutral,Basalt,9
Maharashtra,Beed,2021-2022,Other Summer Pulses,Summer,359.0,125.65,0.35,Hectare,Tonnes,Tonne/Hectare,Black (Regur),88.9,Saline / Alkaline,Entisols,Lithic Ustorthents,Clayey,Shallow,Well drained,Neutral,Basalt,9
Maharashtra,Beed,2021-2022,Safflower,Rabi,356.83,111.12,0.31,Hectare,Tonnes,Tonne/Hectare,Black (Regur),88.9,Saline / Alkaline,Entisols,Lithic Ustorthents,Clayey,Shallow,Well drained,Neutral,Basalt,9
Maharashtra,Beed,2021-2022,Sesamum,Kharif,2092.1,399.38,0.19,Hectare,Tonnes,Tonne/Hectare,Black (Regur),88.9,Saline / Alkaline,Entisols,Lithic Ustorthents,Clayey,Shallow,Well drained,Neutral,Basalt,9
Maharashtra,Beed,2021-2022,Sesamum,Summer,48.0,7.2,0.15,Hectare,Tonnes,Tonne/Hectare,Black (Regur),88.9,Saline / Alkaline,Entisols,Lithic Ustorthents,Clayey,Shallow,Well drained,Neutral,Basalt,9
Maharashtra,Beed,2021-2022,Soyabean,Kharif,286183.4,267724.57,0.94,Hectare,Tonnes,Tonne/Hectare,Black (Regur),88.9,Saline / Alkaline,Entisols,Lithic Ustorthents,Clayey,Shallow,Well drained,Neutral,Basalt,9
Maharashtra,Beed,2021-2022,Soyabean,Summer,5506.0,2863.01,0.52,Hectare,Tonnes,Tonne/Hectare,Black (Regur),88.9,Saline / Alkaline,Entisols,Lithic Ustorthents,Clayey,Shallow,Well drained,Neutral,Basalt,9
Maharashtra,Beed,2021-2022,Sugarcane,Whole Year,49581.0,2919221.71,58.88,Hectare,Tonnes,Tonne/Hectare,Black (Regur),88.9,Saline / Alkaline,Entisols,Lithic Ustorthents,Clayey,Shallow,Well drained,Neutral,Basalt,9
Maharashtra,Beed,2021-2022,Sunflower,Kharif,9.14,3.48,0.38,Hectare,Tonnes,Tonne/Hectare,Black (Regur),88.9,Saline / Alkaline,Entisols,Lithic Ustorthents,Clayey,Shallow,Well drained,Neutral,Basalt,9
Maharashtra,Beed,2021-2022,Sunflower,Rabi,27.0,21.77,0.81,Hectare,Tonnes,Tonne/Hectare,Black (Regur),88.9,Saline / Alkaline,Entisols,Lithic Ustorthents,Clayey,Shallow,Well drained,Neutral,Basalt,9
Maharashtra,Beed,2021-2022,Sunflower,Summer,15.0,11.81,0.79,Hectare,Tonnes,Tonne/Hectare,Black (Regur),88.9,Saline / Alkaline,Entisols,Lithic Ustorthents,Clayey,Shallow,Well drained,Neutral,Basalt,9
Maharashtra,Beed,2021-2022,Urad,Kharif,40419.08,14021.38,0.35,Hectare,Tonnes,Tonne/Hectare,Black (Regur),88.9,Saline / Alkaline,Entisols,Lithic Ustorthents,Clayey,Shallow,Well drained,Neutral,Basalt,9
Maharashtra,Beed,2021-2022,Urad,Summer,39.0,21.02,0.54,Hectare,Tonnes,Tonne/Hectare,Black (Regur),88.9,Saline / Alkaline,Entisols,Lithic Ustorthents,Clayey,Shallow,Well drained,Neutral,Basalt,9
Maharashtra,Beed,2021-2022,Wheat,Rabi,20589.78,40039.92,1.94,Hectare,Tonnes,Tonne/Hectare,Black (Regur),88.9,Saline / Alkaline,Entisols,Lithic Ustorthents,Clayey,Shallow,Well drained,Neutral,Basalt,9
Maharashtra,Beed,2021-2022,other oilseeds,Rabi,743.0,1486.0,2.0,Hectare,Tonnes,Tonne/Hectare,Black (Regur),88.9,Saline / Alkaline,Entisols,Lithic Ustorthents,Clayey,Shallow,Well drained,Neutral,Basalt,9
Maharashtra,Bhandara,2021-2022,Arhar/Tur,Kharif,10963.93,6541.08,0.6,Hectare,Tonnes,Tonne/Hectare,Alluvial,55.6,Black (Regur),Inceptisols,Typic Haplustepts,Loamy,Very deep,Well drained,Slightly acidic,Alluvium,9
Maharashtra,Bhandara,2021-2022,Cotton(lint),Kharif,400.0,1200.0,3.0,Hectare,Bales,Bales/Hectare,Alluvial,55.6,Black (Regur),Inceptisols,Typic Haplustepts,Loamy,Very deep,Well drained,Slightly acidic,Alluvium,9
Maharashtra,Bhandara,2021-2022,Gram,Rabi,22055.01,18859.9,0.86,Hectare,Tonnes,Tonne/Hectare,Alluvial,55.6,Black (Regur),Inceptisols,Typic Haplustepts,Loamy,Very deep,Well drained,Slightly acidic,Alluvium,9
Maharashtra,Bhandara,2021-2022,Groundnut,Summer,7.0,13.19,1.88,Hectare,Tonnes,Tonne/Hectare,Alluvial,55.6,Black (Regur),Inceptisols,Typic Haplustepts,Loamy,Very deep,Well drained,Slightly acidic,Alluvium,9
Maharashtra,Bhandara,2021-2022,Linseed,Rabi,1022.67,419.4,0.41,Hectare,Tonnes,Tonne/Hectare,Alluvial,55.6,Black (Regur),Inceptisols,Typic Haplustepts,Loamy,Very deep,Well drained,Slightly acidic,Alluvium,9
Maharashtra,Bhandara,2021-2022,Maize,Rabi,152.8,332.57,2.18,Hectare,Tonnes,Tonne/Hectare,Alluvial,55.6,Black (Regur),Inceptisols,Typic Haplustepts,Loamy,Very deep,Well drained,Slightly acidic,Alluvium,9
Maharashtra,Bhandara,2021-2022,Maize,Summer,455.0,441.12,0.97,Hectare,Tonnes,Tonne/Hectare,Alluvial,55.6,Black (Regur),Inceptisols,Typic Haplustepts,Loamy,Very deep,Well drained,Slightly acidic,Alluvium,9
Maharashtra,Bhandara,2021-2022,Moong(Green Gram),Kharif,211.85,104.72,0.49,Hectare,Tonnes,Tonne/Hectare,Alluvial,55.6,Black (Regur),Inceptisols,Typic Haplustepts,Loamy,Very deep,Well drained,Slightly acidic,Alluvium,9
Maharashtra,Bhandara,2021-2022,Moong(Green Gram),Summer,464.5,85.56,0.18,Hectare,Tonnes,Tonne/Hectare,Alluvial,55.6,Black (Regur),Inceptisols,Typic Haplustepts,Loamy,Very deep,Well drained,Slightly acidic,Alluvium,9
Maharashtra,Bhandara,2021-2022,Other Cereals,Rabi,304.8,62.51,0.21,Hectare,Tonnes,Tonne/Hectare,Alluvial,55.6,Black (Regur),Inceptisols,Typic Haplustepts,Loamy,Very deep,Well drained,Slightly acidic,Alluvium,9
Maharashtra,Bhandara,2021-2022,Other Cereals,Summer,108.0,66.34,0.61,Hectare,Tonnes,Tonne/Hectare,Alluvial,55.6,Black (Regur),Inceptisols,Typic Haplustepts,Loamy,Very deep,Well drained,Slightly acidic,Alluvium,9
Maharashtra,Bhandara,2021-2022,Other Rabi pulses,Rabi,25189.4,9118.56,0.36,Hectare,Tonnes,Tonne/Hectare,Alluvial,55.6,Black (Regur),Inceptisols,Typic Haplustepts,Loamy,Very deep,Well drained,Slightly acidic,Alluvium,9
Maharashtra,Bhandara,2021-2022,Other Summer Pulses,Summer,48.7,14.63,0.3,Hectare,Tonnes,Tonne/Hectare,Alluvial,55.6,Black (Regur),Inceptisols,Typic Haplustepts,Loamy,Very deep,Well drained,Slightly acidic,Alluvium,9
Maharashtra,Bhandara,2021-2022,Rice,Kharif,176994.98,359581.76,2.03,Hectare,Tonnes,Tonne/Hectare,Alluvial,55.6,Black (Regur),Inceptisols,Typic Haplustepts,Loamy,Very deep,Well drained,Slightly acidic,Alluvium,9
Maharashtra,Bhandara,2021-2022,Rice,Summer,16515.87,45645.57,2.76,Hectare,Tonnes,Tonne/Hectare,Alluvial,55.6,Black (Regur),Inceptisols,Typic Haplustepts,Loamy,Very deep,Well drained,Slightly acidic,Alluvium,9
Maharashtra,Bhandara,2021-2022,Safflower,Rabi,134.2,110.29,0.82,Hectare,Tonnes,Tonne/Hectare,Alluvial,55.6,Black (Regur),Inceptisols,Typic Haplustepts,Loamy,Very deep,Well drained,Slightly acidic,Alluvium,9
Maharashtra,Bhandara,2021-2022,Sesamum,Kharif,419.24,57.31,0.14,Hectare,Tonnes,Tonne/Hectare,Alluvial,55.6,Black (Regur),Inceptisols,Typic Haplustepts,Loamy,Very deep,Well drained,Slightly acidic,Alluvium,9
Maharashtra,Bhandara,2021-2022,Sesamum,Rabi,113.12,55.15,0.49,Hectare,Tonnes,Tonne/Hectare,Alluvial,55.6,Black (Regur),Inceptisols,Typic Haplustepts,Loamy,Very deep,Well drained,Slightly acidic,Alluvium,9
Maharashtra,Bhandara,2021-2022,Sesamum,Summer,28.5,5.46,0.19,Hectare,Tonnes,Tonne/Hectare,Alluvial,55.6,Black (Regur),Inceptisols,Typic Haplustepts,Loamy,Very deep,Well drained,Slightly acidic,Alluvium,9
Maharashtra,Bhandara,2021-2022,Soyabean,Kharif,262.08,235.35,0.9,Hectare,Tonnes,Tonne/Hectare,Alluvial,55.6,Black (Regur),Inceptisols,Typic Haplustepts,Loamy,Very deep,Well drained,Slightly acidic,Alluvium,9
Maharashtra,Bhandara,2021-2022,Soyabean,Summer,5.9,3.54,0.6,Hectare,Tonnes,Tonne/Hectare,Alluvial,55.6,Black (Regur),Inceptisols,Typic Haplustepts,Loamy,Very deep,Well drained,Slightly acidic,Alluvium,9
Maharashtra,Bhandara,2021-2022,Sugarcane,Whole Year,2338.0,158470.32,67.78,Hectare,Tonnes,Tonne/Hectare,Alluvial,55.6,Black (Regur),Inceptisols,Typic Haplustepts,Loamy,Very deep,Well drained,Slightly acidic,Alluvium,9
Maharashtra,Bhandara,2021-2022,Urad,Kharif,44.26,17.54,0.4,Hectare,Tonnes,Tonne/Hectare,Alluvial,55.6,Black (Regur),Inceptisols,Typic Haplustepts,Loamy,Very deep,Well drained,Slightly acidic,Alluvium,9
Maharashtra,Bhandara,2021-2022,Urad,Summer,26.0,14.01,0.54,Hectare,Tonnes,Tonne/Hectare,Alluvial,55.6,Black (Regur),Inceptisols,Typic Haplustepts,Loamy,Very deep,Well drained,Slightly acidic,Alluvium,9
Maharashtra,Bhandara,2021-2022,Wheat,Rabi,9996.96,12690.04,1.27,Hectare,Tonnes,Tonne/Hectare,Alluvial,55.6,Black (Regur),Inceptisols,Typic Haplustepts,Loamy,Very deep,Well drained,Slightly acidic,Alluvium,9
Maharashtra,Bhandara,2021-2022,other oilseeds,Kharif,0.2,0.4,2.0,Hectare,Tonnes,Tonne/Hectare,Alluvial,55.6,Black (Regur),Inceptisols,Typic Haplustepts,Loamy,Very deep,Well drained,Slightly acidic,Alluvium,9
Maharashtra,Bhandara,2021-2022,other oilseeds,Rabi,788.3,551.81,0.7,Hectare,Tonnes,Tonne/Hectare,Alluvial,55.6,Black (Regur),Inceptisols,Typic Haplustepts,Loamy,Very deep,Well drained,Slightly acidic,Alluvium,9
Maharashtra,Bhandara,2021-2022,other oilseeds,Summer,8.5,7.53,0.89,Hectare,Tonnes,Tonne/Hectare,Alluvial,55.6,Black (Regur),Inceptisols,Typic Haplustepts,Loamy,Very deep,Well drained,Slightly acidic,Alluvium,9
Maharashtra,Buldhana,2021-2022,Arhar/Tur,Kharif,100510.05,371696.23,3.7,Hectare,Tonnes,Tonne/Hectare,Black (Regur),100.0,,Entisols,Lithic Ustorthents,Loamy,Shallow,Well drained,Neutral,Basalt,9
Maharashtra,Buldhana,2021-2022,Bajra,Kharif,1456.02,527.1,0.36,Hectare,Tonnes,Tonne/Hectare,Black (Regur),100.0,,Entisols,Lithic Ustorthents,Loamy,Shallow,Well drained,Neutral,Basalt,9
Maharashtra,Buldhana,2021-2022,Bajra,Summer,115.0,104.65,0.91,Hectare,Tonnes,Tonne/Hectare,Black (Regur),100.0,,Entisols,Lithic Ustorthents,Loamy,Shallow,Well drained,Neutral,Basalt,9
Maharashtra,Buldhana,2021-2022,Cotton(lint),Kharif,203800.0,547300.0,2.69,Hectare,Bales,Bales/Hectare,Black (Regur),100.0,,Entisols,Lithic Ustorthents,Loamy,Shallow,Well drained,Neutral,Basalt,9
Maharashtra,Buldhana,2021-2022,Gram,Rabi,216416.47,355909.87,1.64,Hectare,Tonnes,Tonne/Hectare,Black (Regur),100.0,,Entisols,Lithic Ustorthents,Loamy,Shallow,Well drained,Neutral,Basalt,9
Maharashtra,Buldhana,2021-2022,Groundnut,Kharif,1640.27,1679.31,1.02,Hectare,Tonnes,Tonne/Hectare,Black (Regur),100.0,,Entisols,Lithic Ustorthents,Loamy,Shallow,Well drained,Neutral,Basalt,9
Maharashtra,Buldhana,2021-2022,Groundnut,Summer,5313.29,7521.56,1.42,Hectare,Tonnes,Tonne/Hectare,Black (Regur),100.0,,Entisols,Lithic Ustorthents,Loamy,Shallow,Well drained,Neutral,Basalt,9
Maharashtra,Buldhana,2021-2022,Jowar,Kharif,9793.66,10906.22,1.11,Hectare,Tonnes,Tonne/Hectare,Black (Regur),100.0,,Entisols,Lithic Ustorthents,Loamy,Shallow,Well drained,Neutral,Basalt,9
Maharashtra,Buldhana,2021-2022,Jowar,Rabi,17022.05,17808.98,1.05,Hectare,Tonnes,Tonne/Hectare,Black (Regur),100.0,,Entisols,Lithic Ustorthents,Loamy,Shallow,Well drained,Neutral,Basalt,9
Maharashtra,Buldhana,2021-2022,Jowar,Summer,293.8,244.27,0.83,Hectare,Tonnes,Tonne/Hectare,Black (Regur),100.0,,Entisols,Lithic Ustorthents,Loamy,Shallow,Well drained,Neutral,Basalt,9
Maharashtra,Buldhana,2021-2022,Maize,Kharif,42790.39,126295.84,2.95,Hectare,Tonnes,Tonne/Hectare,Black (Regur),100.0,,Entisols,Lithic Ustorthents,Loamy,Shallow,Well drained,Neutral,Basalt,9
Maharashtra,Buldhana,2021-2022,Maize,Rabi,13596.34,29592.43,2.18,Hectare,Tonnes,Tonne/Hectare,Black (Regur),100.0,,Entisols,Lithic Ustorthents,Loamy,Shallow,Well drained,Neutral,Basalt,9
Maharashtra,Buldhana,2021-2022,Maize,Summer,8148.53,14771.66,1.81,Hectare,Tonnes,Tonne/Hectare,Black (Regur),100.0,,Entisols,Lithic Ustorthents,Loamy,Shallow,Well drained,Neutral,Basalt,9
Maharashtra,Buldhana,2021-2022,Moong(Green Gram),Kharif,17776.72,12511.25,0.7,Hectare,Tonnes,Tonne/Hectare,Black (Regur),100.0,,Entisols,Lithic Ustorthents,Loamy,Shallow,Well drained,Neutral,Basalt,9
Maharashtra,Buldhana,2021-2022,Moong(Green Gram),Summer,1880.8,346.43,0.18,Hectare,Tonnes,Tonne/Hectare,Black (Regur),100.0,,Entisols,Lithic Ustorthents,Loamy,Shallow,Well drained,Neutral,Basalt,9
Maharashtra,Buldhana,2021-2022,Other Cereals,Kharif,1.0,0.47,0.47,Hectare,Tonnes,Tonne/Hectare,Black (Regur),100.0,,Entisols,Lithic Ustorthents,Loamy,Shallow,Well drained,Neutral,Basalt,9
Maharashtra,Buldhana,2021-2022,Other Cereals,Rabi,19.0,12.65,0.67,Hectare,Tonnes,Tonne/Hectare,Black (Regur),100.0,,Entisols,Lithic Ustorthents,Loamy,Shallow,Well drained,Neutral,Basalt,9
Maharashtra,Buldhana,2021-2022,Other Kharif pulses,Kharif,612.0,202.57,0.33,Hectare,Tonnes,Tonne/Hectare,Black (Regur),100.0,,Entisols,Lithic Ustorthents,Loamy,Shallow,Well drained,Neutral,Basalt,9
Maharashtra,Buldhana,2021-2022,Other Rabi pulses,Rabi,145.2,58.71,0.4,Hectare,Tonnes,Tonne/Hectare,Black (Regur),100.0,,Entisols,Lithic Ustorthents,Loamy,Shallow,Well drained,Neutral,Basalt,9
Maharashtra,Buldhana,2021-2022,Safflower,Rabi,82.24,69.89,0.85,Hectare,Tonnes,Tonne/Hectare,Black (Regur),100.0,,Entisols,Lithic Ustorthents,Loamy,Shallow,Well drained,Neutral,Basalt,9
Maharashtra,Buldhana,2021-2022,Sesamum,Kharif,2025.83,415.7,0.21,Hectare,Tonnes,Tonne/Hectare,Black (Regur),100.0,,Entisols,Lithic Ustorthents,Loamy,Shallow,Well drained,Neutral,Basalt,9
Maharashtra,Buldhana,2021-2022,Sesamum,Rabi,55.61,39.73,0.71,Hectare,Tonnes,Tonne/Hectare,Black (Regur),100.0,,Entisols,Lithic Ustorthents,Loamy,Shallow,Well drained,Neutral,Basalt,9
Maharashtra,Buldhana,2021-2022,Sesamum,Summer,252.7,46.33,0.18,Hectare,Tonnes,Tonne/Hectare,Black (Regur),100.0,,Entisols,Lithic Ustorthents,Loamy,Shallow,Well drained,Neutral,Basalt,9
Maharashtra,Buldhana,2021-2022,Soyabean,Kharif,438282.82,747798.15,1.71,Hectare,Tonnes,Tonne/Hectare,Black (Regur),100.0,,Entisols,Lithic Ustorthents,Loamy,Shallow,Well drained,Neutral,Basalt,9
Maharashtra,Buldhana,2021-2022,Soyabean,Summer,5565.8,2782.9,0.5,Hectare,Tonnes,Tonne/Hectare,Black (Regur),100.0,,Entisols,Lithic Ustorthents,Loamy,Shallow,Well drained,Neutral,Basalt,9
Maharashtra,Buldhana,2021-2022,Sunflower,Kharif,1.33,0.51,0.38,Hectare,Tonnes,Tonne/Hectare,Black (Regur),100.0,,Entisols,Lithic Ustorthents,Loamy,Shallow,Well drained,Neutral,Basalt,9
Maharashtra,Buldhana,2021-2022,Sunflower,Rabi,62.0,46.35,0.75,Hectare,Tonnes,Tonne/Hectare,Black (Regur),100.0,,Entisols,Lithic Ustorthents,Loamy,Shallow,Well drained,Neutral,Basalt,9
Maharashtra,Buldhana,2021-2022,Sunflower,Summer,1706.38,852.56,0.5,Hectare,Tonnes,Tonne/Hectare,Black (Regur),100.0,,Entisols,Lithic Ustorthents,Loamy,Shallow,Well drained,Neutral,Basalt,9
Maharashtra,Buldhana,2021-2022,Urad,Kharif,18772.87,14381.9,0.77,Hectare,Tonnes,Tonne/Hectare,Black (Regur),100.0,,Entisols,Lithic Ustorthents,Loamy,Shallow,Well drained,Neutral,Basalt,9
Maharashtra,Buldhana,2021-2022,Urad,Summer,17.6,9.49,0.54,Hectare,Tonnes,Tonne/Hectare,Black (Regur),100.0,,Entisols,Lithic Ustorthents,Loamy,Shallow,Well drained,Neutral,Basalt,9
Maharashtra,Buldhana,2021-2022,Wheat,Rabi,61964.68,168480.11,2.72,Hectare,Tonnes,Tonne/Hectare,Black (Regur),100.0,,Entisols,Lithic Ustorthents,Loamy,Shallow,Well drained,Neutral,Basalt,9
Maharashtra,Buldhana,2021-2022,other oilseeds,Kharif,180.0,75.0,0.42,Hectare,Tonnes,Tonne/Hectare,Black (Regur),100.0,,Entisols,Lithic Ustorthents,Loamy,Shallow,Well drained,Neutral,Basalt,9
Maharashtra,Buldhana,2021-2022,other oilseeds,Rabi,285.1,118.11,0.41,Hectare,Tonnes,Tonne/Hectare,Black (Regur),100.0,,Entisols,Lithic Ustorthents,Loamy,Shallow,Well drained,Neutral,Basalt,9
Maharashtra,Buldhana,2021-2022,other oilseeds,Summer,83.0,16.6,0.2,Hectare,Tonnes,Tonne/Hectare,Black (Regur),100.0,,Entisols,Lithic Ustorthents,Loamy,Shallow,Well drained,Neutral,Basalt,9
Maharashtra,Chandrapur,2021-2022,Arhar/Tur,Kharif,49800.35,45029.47,0.9,Hectare,Tonnes,Tonne/Hectare,Saline / Alkaline,44.4,Alluvial,Inceptisols,Vertic Haplustepts,Clayey,Moderately deep,Well drained,Others,,9
Maharashtra,Chandrapur,2021-2022,Cotton(lint),Kharif,153700.0,351200.0,2.28,Hectare,Bales,Bales/Hectare,Saline / Alkaline,44.4,Alluvial,Inceptisols,Vertic Haplustepts,Clayey,Moderately deep,Well drained,Others,,9
Maharashtra,Chandrapur,2021-2022,Gram,Rabi,34522.46,32470.1,0.94,Hectare,Tonnes,Tonne/Hectare,Saline / Alkaline,44.4,Alluvial,Inceptisols,Vertic Haplustepts,Clayey,Moderately deep,Well drained,Others,,9
Maharashtra,Chandrapur,2021-2022,Groundnut,Summer,98.0,193.36,1.97,Hectare,Tonnes,Tonne/Hectare,Saline / Alkaline,44.4,Alluvial,Inceptisols,Vertic Haplustepts,Clayey,Moderately deep,Well drained,Others,,9
Maharashtra,Chandrapur,2021-2022,Jowar,Kharif,531.21,324.09,0.61,Hectare,Tonnes,Tonne/Hectare,Saline / Alkaline,44.4,Alluvial,Inceptisols,Vertic Haplustepts,Clayey,Moderately deep,Well drained,Others,,9
Maharashtra,Chandrapur,2021-2022,Jowar,Rabi,2646.88,2410.09,0.91,Hectare,Tonnes,Tonne/Hectare,Saline / Alkaline,44.4,Alluvial,Inceptisols,Vertic Haplustepts,Clayey,Moderately deep,Well drained,Others,,9
Maharashtra,Chandrapur,2021-2022,Jowar,Summer,86.6,72.0,0.83,Hectare,Tonnes,Tonne/Hectare,Saline / Alkaline,44.4,Alluvial,Inceptisols,Vertic Haplustepts,Clayey,Moderately deep,Well drained,Others,,9
Maharashtra,Chandrapur,2021-2022,Linseed,Rabi,1075.46,532.57,0.5,Hectare,Tonnes,Tonne/Hectare,Saline / Alkaline,44.4,Alluvial,Inceptisols,Vertic Haplustepts,Clayey,Moderately deep,Well drained,Others,,9
Maharashtra,Chandrapur,2021-2022,Maize,Rabi,681.5,1483.29,2.18,Hectare,Tonnes,Tonne/Hectare,Saline / Alkaline,44.4,Alluvial,Inceptisols,Vertic Haplustepts,Clayey,Moderately deep,Well drained,Others,,9
Maharashtra,Chandrapur,2021-2022,Maize,Summer,22.0,14.96,0.68,Hectare,Tonnes,Tonne/Hectare,Saline / Alkaline,44.4,Alluvial,Inceptisols,Vertic Haplustepts,Clayey,Moderately deep,Well drained,Others,,9
Maharashtra,Chandrapur,2021-2022,Moong(Green Gram),Kharif,25.94,12.82,0.49,Hectare,Tonnes,Tonne/Hectare,Saline / Alkaline,44.4,Alluvial,Inceptisols,Vertic Haplustepts,Clayey,Moderately deep,Well drained,Others,,9
Maharashtra,Chandrapur,2021-2022,Moong(Green Gram),Summer,1280.9,235.93,0.18,Hectare,Tonnes,Tonne/Hectare,Saline / Alkaline,44.4,Alluvial,Inceptisols,Vertic Haplustepts,Clayey,Moderately deep,Well drained,Others,,9
Maharashtra,Chandrapur,2021-2022,Other Cereals,Kharif,866.4,360.42,0.42,Hectare,Tonnes,Tonne/Hectare,Saline / Alkaline,44.4,Alluvial,Inceptisols,Vertic Haplustepts,Clayey,Moderately deep,Well drained,Others,,9
Maharashtra,Chandrapur,2021-2022,Other Cereals,Rabi,1028.8,321.25,0.31,Hectare,Tonnes,Tonne/Hectare,Saline / Alkaline,44.4,Alluvial,Inceptisols,Vertic Haplustepts,Clayey,Moderately deep,Well drained,Others,,9
Maharashtra,Chandrapur,2021-2022,Other Cereals,Summer,23.2,14.25,0.61,Hectare,Tonnes,Tonne/Hectare,Saline / Alkaline,44.4,Alluvial,Inceptisols,Vertic Haplustepts,Clayey,Moderately deep,Well drained,Others,,9
Maharashtra,Chandrapur,2021-2022,Other Kharif pulses,Kharif,1404.0,509.65,0.36,Hectare,Tonnes,Tonne/Hectare,Saline / Alkaline,44.4,Alluvial,Inceptisols,Vertic Haplustepts,Clayey,Moderately deep,Well drained,Others,,9
Maharashtra,Chandrapur,2021-2022,Other Rabi pulses,Rabi,31453.8,16513.25,0.53,Hectare,Tonnes,Tonne/Hectare,Saline / Alkaline,44.4,Alluvial,Inceptisols,Vertic Haplustepts,Clayey,Moderately deep,Well drained,Others,,9
Maharashtra,Chandrapur,2021-2022,Other Summer Pulses,Summer,2.6,0.94,0.36,Hectare,Tonnes,Tonne/Hectare,Saline / Alkaline,44.4,Alluvial,Inceptisols,Vertic Haplustepts,Clayey,Moderately deep,Well drained,Others,,9
Maharashtra,Chandrapur,2021-2022,Rice,Kharif,143676.03,249044.55,1.73,Hectare,Tonnes,Tonne/Hectare,Saline / Alkaline,44.4,Alluvial,Inceptisols,Vertic Haplustepts,Clayey,Moderately deep,Well drained,Others,,9
Maharashtra,Chandrapur,2021-2022,Rice,Summer,5728.8,11520.79,2.01,Hectare,Tonnes,Tonne/Hectare,Saline / Alkaline,44.4,Alluvial,Inceptisols,Vertic Haplustepts,Clayey,Moderately deep,Well drained,Others,,9
Maharashtra,Chandrapur,2021-2022,Safflower,Rabi,2286.2,1878.8,0.82,Hectare,Tonnes,Tonne/Hectare,Saline / Alkaline,44.4,Alluvial,Inceptisols,Vertic Haplustepts,Clayey,Moderately deep,Well drained,Others,,9
Maharashtra,Chandrapur,2021-2022,Sesamum,Kharif,144.34,19.73,0.14,Hectare,Tonnes,Tonne/Hectare,Saline / Alkaline,44.4,Alluvial,Inceptisols,Vertic Haplustepts,Clayey,Moderately deep,Well drained,Others,,9
Maharashtra,Chandrapur,2021-2022,Sesamum,Rabi,42.0,20.48,0.49,Hectare,Tonnes,Tonne/Hectare,Saline / Alkaline,44.4,Alluvial,Inceptisols,Vertic Haplustepts,Clayey,Moderately deep,Well drained,Others,,9
Maharashtra,Chandrapur,2021-2022,Sesamum,Summer,21.3,4.26,0.2,Hectare,Tonnes,Tonne/Hectare,Saline / Alkaline,44.4,Alluvial,Inceptisols,Vertic Haplustepts,Clayey,Moderately deep,Well drained,Others,,9
Maharashtra,Chandrapur,2021-2022,Soyabean,Kharif,82220.33,120691.23,1.47,Hectare,Tonnes,Tonne/Hectare,Saline / Alkaline,44.4,Alluvial,Inceptisols,Vertic Haplustepts,Clayey,Moderately deep,Well drained,Others,,9
Maharashtra,Chandrapur,2021-2022,Soyabean,Summer,571.3,342.78,0.6,Hectare,Tonnes,Tonne/Hectare,Saline / Alkaline,44.4,Alluvial,Inceptisols,Vertic Haplustepts,Clayey,Moderately deep,Well drained,Others,,9
Maharashtra,Chandrapur,2021-2022,Urad,Kharif,18.2,7.21,0.4,Hectare,Tonnes,Tonne/Hectare,Saline / Alkaline,44.4,Alluvial,Inceptisols,Vertic Haplustepts,Clayey,Moderately deep,Well drained,Others,,9
Maharashtra,Chandrapur,2021-2022,Urad,Summer,5.0,2.7,0.54,Hectare,Tonnes,Tonne/Hectare,Saline / Alkaline,44.4,Alluvial,Inceptisols,Vertic Haplustepts,Clayey,Moderately deep,Well drained,Others,,9
Maharashtra,Chandrapur,2021-2022,Wheat,Rabi,18463.38,23990.02,1.3,Hectare,Tonnes,Tonne/Hectare,Saline / Alkaline,44.4,Alluvial,Inceptisols,Vertic Haplustepts,Clayey,Moderately deep,Well drained,Others,,9
Maharashtra,Chandrapur,2021-2022,other oilseeds,Rabi,1283.6,269.56,0.21,Hectare,Tonnes,Tonne/Hectare,Saline / Alkaline,44.4,Alluvial,Inceptisols,Vertic Haplustepts,Clayey,Moderately deep,Well drained,Others,,9
Maharashtra,Chandrapur,2021-2022,other oilseeds,Summer,10.4,9.21,0.89,Hectare,Tonnes,Tonne/Hectare,Saline / Alkaline,44.4,Alluvial,Inceptisols,Vertic Haplustepts,Clayey,Moderately deep,Well drained,Others,,9
Maharashtra,Chhatrapati Sambhajinagar,2021-2022,Arhar/Tur,Kharif,40863.31,25200.4,0.62,Hectare,Tonnes,Tonne/Hectare,Black (Regur),88.9,Saline / Alkaline,Entisols,Lithic Ustorthents,Loamy,Shallow,Well drained,Neutral,Basalt,9
Maharashtra,Chhatrapati Sambhajinagar,2021-2022,Bajra,Kharif,58339.77,34805.51,0.6,Hectare,Tonnes,Tonne/Hectare,Black (Regur),88.9,Saline / Alkaline,Entisols,Lithic Ustorthents,Loamy,Shallow,Well drained,Neutral,Basalt,9
Maharashtra,Chhatrapati Sambhajinagar,2021-2022,Bajra,Summer,3007.0,2255.25,0.75,Hectare,Tonnes,Tonne/Hectare,Black (Regur),88.9,Saline / Alkaline,Entisols,Lithic Ustorthents,Loamy,Shallow,Well drained,Neutral,Basalt,9
Maharashtra,Chhatrapati Sambhajinagar,2021-2022,Cotton(lint),Kharif,454600.0,498700.0,1.1,Hectare,Bales,Bales/Hectare,Black (Regur),88.9,Saline / Alkaline,Entisols,Lithic Ustorthents,Loamy,Shallow,Well drained,Neutral,Basalt,9
Maharashtra,Chhatrapati Sambhajinagar,2021-2022,Gram,Rabi,67451.19,54669.86,0.81,Hectare,Tonnes,Tonne/Hectare,Black (Regur),88.9,Saline / Alkaline,Entisols,Lithic Ustorthents,Loamy,Shallow,Well drained,Neutral,Basalt,9
Maharashtra,Chhatrapati Sambhajinagar,2021-2022,Groundnut,Kharif,9722.72,5850.16,0.6,Hectare,Tonnes,Tonne/Hectare,Black (Regur),88.9,Saline / Alkaline,Entisols,Lithic Ustorthents,Loamy,Shallow,Well drained,Neutral,Basalt,9
Maharashtra,Chhatrapati Sambhajinagar,2021-2022,Groundnut,Summer,1302.0,1577.37,1.21,Hectare,Tonnes,Tonne/Hectare,Black (Regur),88.9,Saline / Alkaline,Entisols,Lithic Ustorthents,Loamy,Shallow,Well drained,Neutral,Basalt,9
Maharashtra,Chhatrapati Sambhajinagar,2021-2022,Jowar,Kharif,985.41,392.69,0.4,Hectare,Tonnes,Tonne/Hectare,Black (Regur),88.9,Saline / Alkaline,Entisols,Lithic Ustorthents,Loamy,Shallow,Well drained,Neutral,Basalt,9
Maharashtra,Chhatrapati Sambhajinagar,2021-2022,Jowar,Rabi,58474.16,43690.14,0.75,Hectare,Tonnes,Tonne/Hectare,Black (Regur),88.9,Saline / Alkaline,Entisols,Lithic Ustorthents,Loamy,Shallow,Well drained,Neutral,Basalt,9
Maharashtra,Chhatrapati Sambhajinagar,2021-2022,Jowar,Summer,206.0,171.27,0.83,Hectare,Tonnes,Tonne/Hectare,Black (Regur),88.9,Saline / Alkaline,Entisols,Lithic Ustorthents,Loamy,Shallow,Well drained,Neutral,Basalt,9
Maharashtra,Chhatrapati Sambhajinagar,2021-2022,Maize,Kharif,47147.75,91655.23,1.94,Hectare,Tonnes,Tonne/Hectare,Black (Regur),88.9,Saline / Alkaline,Entisols,Lithic Ustorthents,Loamy,Shallow,Well drained,Neutral,Basalt,9
Maharashtra,Chhatrapati Sambhajinagar,2021-2022,Maize,Rabi,42345.0,134796.84,3.18,Hectare,Tonnes,Tonne/Hectare,Black (Regur),88.9,Saline / Alkaline,Entisols,Lithic Ustorthents,Loamy,Shallow,Well drained,Neutral,Basalt,9
Maharashtra,Chhatrapati Sambhajinagar,2021-2022,Maize,Summer,9750.0,8970.0,0.92,Hectare,Tonnes,Tonne/Hectare,Black (Regur),88.9,Saline / Alkaline,Entisols,Lithic Ustorthents,Loamy,Shallow,Well drained,Neutral,Basalt,9
Maharashtra,Chhatrapati Sambhajinagar,2021-2022,Moong(Green Gram),Kharif,9911.95,2576.12,0.26,Hectare,Tonnes,Tonne/Hectare,Black (Regur),88.9,Saline / Alkaline,Entisols,Lithic Ustorthents,Loamy,Shallow,Well drained,Neutral,Basalt,9
Maharashtra,Chhatrapati Sambhajinagar,2021-2022,Moong(Green Gram),Summer,21.0,3.87,0.18,Hectare,Tonnes,Tonne/Hectare,Black (Regur),88.9,Saline / Alkaline,Entisols,Lithic Ustorthents,Loamy,Shallow,Well drained,Neutral,Basalt,9
Maharashtra,Chhatrapati Sambhajinagar,2021-2022,Niger seed,Kharif,3.6,0.43,0.12,Hectare,Tonnes,Tonne/Hectare,Black (Regur),88.9,Saline / Alkaline,Entisols,Lithic Ustorthents,Loamy,Shallow,Well drained,Neutral,Basalt,9
Maharashtra,Chhatrapati Sambhajinagar,2021-2022,Other Cereals,Kharif,4617.0,2018.69,0.44,Hectare,Tonnes,Tonne/Hectare,Black (Regur),88.9,Saline / Alkaline,Entisols,Lithic Ustorthents,Loamy,Shallow,Well drained,Neutral,Basalt,9
Maharashtra,Chhatrapati Sambhajinagar,2021-2022,Other Cereals,Rabi,2273.0,519.52,0.23,Hectare,Tonnes,Tonne/Hectare,Black (Regur),88.9,Saline / Alkaline,Entisols,Lithic Ustorthents,Loamy,Shallow,Well drained,Neutral,Basalt,9
Maharashtra,Chhatrapati Sambhajinagar,2021-2022,Other Cereals,Summer,178.0,142.4,0.8,Hectare,Tonnes,Tonne/Hectare,Black (Regur),88.9,Saline / Alkaline,Entisols,Lithic Ustorthents,Loamy,Shallow,Well drained,Neutral,Basalt,9
Maharashtra,Chhatrapati Sambhajinagar,2021-2022,Other Kharif pulses,Kharif,434.0,115.07,0.27,Hectare,Tonnes,Tonne/Hectare,Black (Regur),88.9,Saline / Alkaline,Entisols,Lithic Ustorthents,Loamy,Shallow,Well drained,Neutral,Basalt,9
Maharashtra,Chhatrapati Sambhajinagar,2021-2022,Other Rabi pulses,Rabi,181.0,44.69,0.25,Hectare,Tonnes,Tonne/Hectare,Black (Regur),88.9,Saline / Alkaline,Entisols,Lithic Ustorthents,Loamy,Shallow,Well drained,Neutral,Basalt,9
Maharashtra,Chhatrapati Sambhajinagar,2021-2022,Other Summer Pulses,Summer,0.4,0.14,0.35,Hectare,Tonnes,Tonne/Hectare,Black (Regur),88.9,Saline / Alkaline,Entisols,Lithic Ustorthents,Loamy,Shallow,Well drained,Neutral,Basalt,9
Maharashtra,Chhatrapati Sambhajinagar,2021-2022,Safflower,Rabi,76.43,40.45,0.53,Hectare,Tonnes,Tonne/Hectare,Black (Regur),88.9,Saline / Alkaline,Entisols,Lithic Ustorthents,Loamy,Shallow,Well drained,Neutral,Basalt,9
Maharashtra,Chhatrapati Sambhajinagar,2021-2022,Sesamum,Kharif,182.69,34.88,0.19,Hectare,Tonnes,Tonne/Hectare,Black (Regur),88.9,Saline / Alkaline,Entisols,Lithic Ustorthents,Loamy,Shallow,Well drained,Neutral,Basalt,9
Maharashtra,Chhatrapati Sambhajinagar,2021-2022,Sesamum,Rabi,5.0,3.57,0.71,Hectare,Tonnes,Tonne/Hectare,Black (Regur),88.9,Saline / Alkaline,Entisols,Lithic Ustorthents,Loamy,Shallow,Well drained,Neutral,Basalt,9
Maharashtra,Chhatrapati Sambhajinagar,2021-2022,Sesamum,Summer,6.0,0.9,0.15,Hectare,Tonnes,Tonne/Hectare,Black (Regur),88.9,Saline / Alkaline,Entisols,Lithic Ustorthents,Loamy,Shallow,Well drained,Neutral,Basalt,9
Maharashtra,Chhatrapati Sambhajinagar,2021-2022,Soyabean,Kharif,16746.39,12697.11,0.76,Hectare,Tonnes,Tonne/Hectare,Black (Regur),88.9,Saline / Alkaline,Entisols,Lithic Ustorthents,Loamy,Shallow,Well drained,Neutral,Basalt,9
Maharashtra,Chhatrapati Sambhajinagar,2021-2022,Soyabean,Summer,2952.1,2361.68,0.8,Hectare,Tonnes,Tonne/Hectare,Black (Regur),88.9,Saline / Alkaline,Entisols,Lithic Ustorthents,Loamy,Shallow,Well drained,Neutral,Basalt,9
Maharashtra,Chhatrapati Sambhajinagar,2021-2022,Sugarcane,Whole Year,40030.0,2287961.28,57.16,Hectare,Tonnes,Tonne/Hectare,Black (Regur),88.9,Saline / Alkaline,Entisols,Lithic Ustorthents,Loamy,Shallow,Well drained,Neutral,Basalt,9
Maharashtra,Chhatrapati Sambhajinagar,2021-2022,Sunflower,Kharif,4.85,1.85,0.38,Hectare,Tonnes,Tonne/Hectare,Black (Regur),88.9,Saline / Alkaline,Entisols,Lithic Ustorthents,Loamy,Shallow,Well drained,Neutral,Basalt,9
Maharashtra,Chhatrapati Sambhajinagar,2021-2022,Sunflower,Rabi,212.35,171.22,0.81,Hectare,Tonnes,Tonne/Hectare,Black (Regur),88.9,Saline / Alkaline,Entisols,Lithic Ustorthents,Loamy,Shallow,Well drained,Neutral,Basalt,9
Maharashtra,Chhatrapati Sambhajinagar,2021-2022,Sunflower,Summer,136.0,107.07,0.79,Hectare,Tonnes,Tonne/Hectare,Black (Regur),88.9,Saline / Alkaline,Entisols,Lithic Ustorthents,Loamy,Shallow,Well drained,Neutral,Basalt,9
Maharashtra,Chhatrapati Sambhajinagar,2021-2022,Urad,Kharif,2959.07,782.08,0.26,Hectare,Tonnes,Tonne/Hectare,Black (Regur),88.9,Saline / Alkaline,Entisols,Lithic Ustorthents,Loamy,Shallow,Well drained,Neutral,Basalt,9
Maharashtra,Chhatrapati Sambhajinagar,2021-2022,Wheat,Rabi,47569.97,89950.06,1.89,Hectare,Tonnes,Tonne/Hectare,Black (Regur),88.9,Saline / Alkaline,Entisols,Lithic Ustorthents,Loamy,Shallow,Well drained,Neutral,Basalt,9
Maharashtra,Chhatrapati Sambhajinagar,2021-2022,other oilseeds,Kharif,285.0,46.0,0.16,Hectare,Tonnes,Tonne/Hectare,Black (Regur),88.9,Saline / Alkaline,Entisols,Lithic Ustorthents,Loamy,Shallow,Well drained,Neutral,Basalt,9
Maharashtra,Chhatrapati Sambhajinagar,2021-2022,other oilseeds,Rabi,1676.8,335.36,0.2,Hectare,Tonnes,Tonne/Hectare,Black (Regur),88.9,Saline / Alkaline,Entisols,Lithic Ustorthents,Loamy,Shallow,Well drained,Neutral,Basalt,9
Maharashtra,Dharashiv,2021-2022,Arhar/Tur,Kharif,69628.55,49450.19,0.71,Hectare,Tonnes,Tonne/Hectare,Black (Regur),55.6,Red & Yellow,Entisols,Lithic Ustorthents,Clayey,Shallow,Well drained,Slightly alkaline,Basalt,9
Maharashtra,Dharashiv,2021-2022,Bajra,Kharif,6302.77,2412.7,0.38,Hectare,Tonnes,Tonne/Hectare,Black (Regur),55.6,Red & Yellow,Entisols,Lithic Ustorthents,Clayey,Shallow,Well drained,Slightly alkaline,Basalt,9
Maharashtra,Dharashiv,2021-2022,Cotton(lint),Kharif,12900.0,17900.0,1.39,Hectare,Bales,Bales/Hectare,Black (Regur),55.6,Red & Yellow,Entisols,Lithic Ustorthents,Clayey,Shallow,Well drained,Slightly alkaline,Basalt,9
Maharashtra,Dharashiv,2021-2022,Gram,Rabi,227885.51,214410.64,0.94,Hectare,Tonnes,Tonne/Hectare,Black (Regur),55.6,Red & Yellow,Entisols,Lithic Ustorthents,Clayey,Shallow,Well drained,Slightly alkaline,Basalt,9
Maharashtra,Dharashiv,2021-2022,Groundnut,Kharif,4187.26,3701.95,0.88,Hectare,Tonnes,Tonne/Hectare,Black (Regur),55.6,Red & Yellow,Entisols,Lithic Ustorthents,Clayey,Shallow,Well drained,Slightly alkaline,Basalt,9
Maharashtra,Dharashiv,2021-2022,Groundnut,Summer,2992.97,4198.9,1.4,Hectare,Tonnes,Tonne/Hectare,Black (Regur),55.6,Red & Yellow,Entisols,Lithic Ustorthents,Clayey,Shallow,Well drained,Slightly alkaline,Basalt,9
Maharashtra,Dharashiv,2021-2022,Jowar,Kharif,11153.82,3446.53,0.31,Hectare,Tonnes,Tonne/Hectare,Black (Regur),55.6,Red & Yellow,Entisols,Lithic Ustorthents,Clayey,Shallow,Well drained,Slightly alkaline,Basalt,9
Maharashtra,Dharashiv,2021-2022,Jowar,Rabi,155522.02,178229.79,1.15,Hectare,Tonnes,Tonne/Hectare,Black (Regur),55.6,Red & Yellow,Entisols,Lithic Ustorthents,Clayey,Shallow,Well drained,Slightly alkaline,Basalt,9
Maharashtra,Dharashiv,2021-2022,Jowar,Summer,274.0,227.81,0.83,Hectare,Tonnes,Tonne/Hectare,Black (Regur),55.6,Red & Yellow,Entisols,Lithic Ustorthents,Clayey,Shallow,Well drained,Slightly alkaline,Basalt,9
Maharashtra,Dharashiv,2021-2022,Linseed,Rabi,764.97,522.48,0.68,Hectare,Tonnes,Tonne/Hectare,Black (Regur),55.6,Red & Yellow,Entisols,Lithic Ustorthents,Clayey,Shallow,Well drained,Slightly alkaline,Basalt,9
Maharashtra,Dharashiv,2021-2022,Maize,Kharif,21393.6,18334.31,0.86,Hectare,Tonnes,Tonne/Hectare,Black (Regur),55.6,Red & Yellow,Entisols,Lithic Ustorthents,Clayey,Shallow,Well drained,Slightly alkaline,Basalt,9
Maharashtra,Dharashiv,2021-2022,Maize,Rabi,8982.98,9936.07,1.11,Hectare,Tonnes,Tonne/Hectare,Black (Regur),55.6,Red & Yellow,Entisols,Lithic Ustorthents,Clayey,Shallow,Well drained,Slightly alkaline,Basalt,9
Maharashtra,Dharashiv,2021-2022,Maize,Summer,2468.89,1897.1,0.77,Hectare,Tonnes,Tonne/Hectare,Black (Regur),55.6,Red & Yellow,Entisols,Lithic Ustorthents,Clayey,Shallow,Well drained,Slightly alkaline,Basalt,9
Maharashtra,Dharashiv,2021-2022,Moong(Green Gram),Kharif,19242.89,14133.9,0.73,Hectare,Tonnes,Tonne/Hectare,Black (Regur),55.6,Red & Yellow,Entisols,Lithic Ustorthents,Clayey,Shallow,Well drained,Slightly alkaline,Basalt,9
Maharashtra,Dharashiv,2021-2022,Moong(Green Gram),Summer,78.0,14.37,0.18,Hectare,Tonnes,Tonne/Hectare,Black (Regur),55.6,Red & Yellow,Entisols,Lithic Ustorthents,Clayey,Shallow,Well drained,Slightly alkaline,Basalt,9
Maharashtra,Dharashiv,2021-2022,Niger seed,Kharif,523.72,62.01,0.12,Hectare,Tonnes,Tonne/Hectare,Black (Regur),55.6,Red & Yellow,Entisols,Lithic Ustorthents,Clayey,Shallow,Well drained,Slightly alkaline,Basalt,9
Maharashtra,Dharashiv,2021-2022,Other Cereals,Kharif,1332.0,327.67,0.25,Hectare,Tonnes,Tonne/Hectare,Black (Regur),55.6,Red & Yellow,Entisols,Lithic Ustorthents,Clayey,Shallow,Well drained,Slightly alkaline,Basalt,9
Maharashtra,Dharashiv,2021-2022,Other Cereals,Rabi,1101.0,344.12,0.31,Hectare,Tonnes,Tonne/Hectare,Black (Regur),55.6,Red & Yellow,Entisols,Lithic Ustorthents,Clayey,Shallow,Well drained,Slightly alkaline,Basalt,9
Maharashtra,Dharashiv,2021-2022,Other Cereals,Summer,620.7,496.56,0.8,Hectare,Tonnes,Tonne/Hectare,Black (Regur),55.6,Red & Yellow,Entisols,Lithic Ustorthents,Clayey,Shallow,Well drained,Slightly alkaline,Basalt,9
Maharashtra,Dharashiv,2021-2022,Other Kharif pulses,Kharif,1110.0,280.83,0.25,Hectare,Tonnes,Tonne/Hectare,Black (Regur),55.6,Red & Yellow,Entisols,Lithic Ustorthents,Clayey,Shallow,Well drained,Slightly alkaline,Basalt,9
Maharashtra,Dharashiv,2021-2022,Other Rabi pulses,Rabi,2409.0,739.52,0.31,Hectare,Tonnes,Tonne/Hectare,Black (Regur),55.6,Red & Yellow,Entisols,Lithic Ustorthents,Clayey,Shallow,Well drained,Slightly alkaline,Basalt,9
Maharashtra,Dharashiv,2021-2022,Other Summer Pulses,Summer,1012.6,354.11,0.35,Hectare,Tonnes,Tonne/Hectare,Black (Regur),55.6,Red & Yellow,Entisols,Lithic Ustorthents,Clayey,Shallow,Well drained,Slightly alkaline,Basalt,9
Maharashtra,Dharashiv,2021-2022,Ragi,Kharif,10.0,11.82,1.18,Hectare,Tonnes,Tonne/Hectare,Black (Regur),55.6,Red & Yellow,Entisols,Lithic Ustorthents,Clayey,Shallow,Well drained,Slightly alkaline,Basalt,9
Maharashtra,Dharashiv,2021-2022,Rice,Kharif,665.82,229.84,0.35,Hectare,Tonnes,Tonne/Hectare,Black (Regur),55.6,Red & Yellow,Entisols,Lithic Ustorthents,Clayey,Shallow,Well drained,Slightly alkaline,Basalt,9
Maharashtra,Dharashiv,2021-2022,Safflower,Rabi,6873.16,5664.17,0.82,Hectare,Tonnes,Tonne/Hectare,Black (Regur),55.6,Red & Yellow,Entisols,Lithic Ustorthents,Clayey,Shallow,Well drained,Slightly alkaline,Basalt,9
Maharashtra,Dharashiv,2021-2022,Sesamum,Kharif,878.16,139.63,0.16,Hectare,Tonnes,Tonne/Hectare,Black (Regur),55.6,Red & Yellow,Entisols,Lithic Ustorthents,Clayey,Shallow,Well drained,Slightly alkaline,Basalt,9
Maharashtra,Dharashiv,2021-2022,Sesamum,Rabi,1.04,0.74,0.71,Hectare,Tonnes,Tonne/Hectare,Black (Regur),55.6,Red & Yellow,Entisols,Lithic Ustorthents,Clayey,Shallow,Well drained,Slightly alkaline,Basalt,9
Maharashtra,Dharashiv,2021-2022,Soyabean,Kharif,266322.21,286269.74,1.07,Hectare,Tonnes,Tonne/Hectare,Black (Regur),55.6,Red & Yellow,Entisols,Lithic Ustorthents,Clayey,Shallow,Well drained,Slightly alkaline,Basalt,9
Maharashtra,Dharashiv,2021-2022,Soyabean,Summer,4441.4,2309.44,0.52,Hectare,Tonnes,Tonne/Hectare,Black (Regur),55.6,Red & Yellow,Entisols,Lithic Ustorthents,Clayey,Shallow,Well drained,Slightly alkaline,Basalt,9
Maharashtra,Dharashiv,2021-2022,Sugarcane,Whole Year,93396.0,6327878.46,67.75,Hectare,Tonnes,Tonne/Hectare,Black (Regur),55.6,Red & Yellow,Entisols,Lithic Ustorthents,Clayey,Shallow,Well drained,Slightly alkaline,Basalt,9
Maharashtra,Dharashiv,2021-2022,Sunflower,Kharif,6918.79,2633.98,0.38,Hectare,Tonnes,Tonne/Hectare,Black (Regur),55.6,Red & Yellow,Entisols,Lithic Ustorthents,Clayey,Shallow,Well drained,Slightly alkaline,Basalt,9
Maharashtra,Dharashiv,2021-2022,Sunflower,Rabi,1166.87,872.24,0.75,Hectare,Tonnes,Tonne/Hectare,Black (Regur),55.6,Red & Yellow,Entisols,Lithic Ustorthents,Clayey,Shallow,Well drained,Slightly alkaline,Basalt,9
Maharashtra,Dharashiv,2021-2022,Sunflower,Summer,4.15,3.27,0.79,Hectare,Tonnes,Tonne/Hectare,Black (Regur),55.6,Red & Yellow,Entisols,Lithic Ustorthents,Clayey,Shallow,Well drained,Slightly alkaline,Basalt,9
Maharashtra,Dharashiv,2021-2022,Urad,Kharif,44177.61,33292.25,0.75,Hectare,Tonnes,Tonne/Hectare,Black (Regur),55.6,Red & Yellow,Entisols,Lithic Ustorthents,Clayey,Shallow,Well drained,Slightly alkaline,Basalt,9
Maharashtra,Dharashiv,2021-2022,Wheat,Rabi,28375.82,27050.1,0.95,Hectare,Tonnes,Tonne/Hectare,Black (Regur),55.6,Red & Yellow,Entisols,Lithic Ustorthents,Clayey,Shallow,Well drained,Slightly alkaline,Basalt,9
Maharashtra,Dharashiv,2021-2022,other oilseeds,Kharif,658.0,136.0,0.21,Hectare,Tonnes,Tonne/Hectare,Black (Regur),55.6,Red & Yellow,Entisols,Lithic Ustorthents,Clayey,Shallow,Well drained,Slightly alkaline,Basalt,9
Maharashtra,Dharashiv,2021-2022,other oilseeds,Rabi,1004.0,258.25,0.26,Hectare,Tonnes,Tonne/Hectare,Black (Regur),55.6,Red & Yellow,Entisols,Lithic Ustorthents,Clayey,Shallow,Well drained,Slightly alkaline,Basalt,9
Maharashtra,Dhule,2021-2022,Arhar/Tur,Kharif,17541.57,9916.25,0.57,Hectare,Tonnes,Tonne/Hectare,Black (Regur),66.7,Saline / Alkaline,Entisols,Lithic Ustorthents,Loamy,Shallow,Well drained,Neutral,Basalt,9
Maharashtra,Dhule,2021-2022,Bajra,Kharif,54622.98,38945.17,0.71,Hectare,Tonnes,Tonne/Hectare,Black (Regur),66.7,Saline / Alkaline,Entisols,Lithic Ustorthents,Loamy,Shallow,Well drained,Neutral,Basalt,9
Maharashtra,Dhule,2021-2022,Bajra,Summer,830.0,755.3,0.91,Hectare,Tonnes,Tonne/Hectare,Black (Regur),66.7,Saline / Alkaline,Entisols,Lithic Ustorthents,Loamy,Shallow,Well drained,Neutral,Basalt,9
Maharashtra,Dhule,2021-2022,Cotton(lint),Kharif,250600.0,295900.0,1.18,Hectare,Bales,Bales/Hectare,Black (Regur),66.7,Saline / Alkaline,Entisols,Lithic Ustorthents,Loamy,Shallow,Well drained,Neutral,Basalt,9
Maharashtra,Dhule,2021-2022,Gram,Rabi,66688.94,75890.01,1.14,Hectare,Tonnes,Tonne/Hectare,Black (Regur),66.7,Saline / Alkaline,Entisols,Lithic Ustorthents,Loamy,Shallow,Well drained,Neutral,Basalt,9
Maharashtra,Dhule,2021-2022,Groundnut,Kharif,20311.41,11660.78,0.57,Hectare,Tonnes,Tonne/Hectare,Black (Regur),66.7,Saline / Alkaline,Entisols,Lithic Ustorthents,Loamy,Shallow,Well drained,Neutral,Basalt,9
Maharashtra,Dhule,2021-2022,Groundnut,Summer,3486.17,2940.42,0.84,Hectare,Tonnes,Tonne/Hectare,Black (Regur),66.7,Saline / Alkaline,Entisols,Lithic Ustorthents,Loamy,Shallow,Well drained,Neutral,Basalt,9
Maharashtra,Dhule,2021-2022,Jowar,Kharif,7406.71,5513.55,0.74,Hectare,Tonnes,Tonne/Hectare,Black (Regur),66.7,Saline / Alkaline,Entisols,Lithic Ustorthents,Loamy,Shallow,Well drained,Neutral,Basalt,9
Maharashtra,Dhule,2021-2022,Jowar,Rabi,15382.63,23660.02,1.54,Hectare,Tonnes,Tonne/Hectare,Black (Regur),66.7,Saline / Alkaline,Entisols,Lithic Ustorthents,Loamy,Shallow,Well drained,Neutral,Basalt,9
Maharashtra,Dhule,2021-2022,Maize,Kharif,56927.32,94243.17,1.66,Hectare,Tonnes,Tonne/Hectare,Black (Regur),66.7,Saline / Alkaline,Entisols,Lithic Ustorthents,Loamy,Shallow,Well drained,Neutral,Basalt,9
Maharashtra,Dhule,2021-2022,Maize,Rabi,8489.85,38348.65,4.52,Hectare,Tonnes,Tonne/Hectare,Black (Regur),66.7,Saline / Alkaline,Entisols,Lithic Ustorthents,Loamy,Shallow,Well drained,Neutral,Basalt,9
Maharashtra,Dhule,2021-2022,Maize,Summer,4400.02,8118.04,1.85,Hectare,Tonnes,Tonne/Hectare,Black (Regur),66.7,Saline / Alkaline,Entisols,Lithic Ustorthents,Loamy,Shallow,Well drained,Neutral,Basalt,9
Maharashtra,Dhule,2021-2022,Moong(Green Gram),Kharif,31261.3,3116.75,0.1,Hectare,Tonnes,Tonne/Hectare,Black (Regur),66.7,Saline / Alkaline,Entisols,Lithic Ustorthents,Loamy,Shallow,Well drained,Neutral,Basalt,9
Maharashtra,Dhule,2021-2022,Moong(Green Gram),Summer,105.0,19.34,0.18,Hectare,Tonnes,Tonne/Hectare,Black (Regur),66.7,Saline / Alkaline,Entisols,Lithic Ustorthents,Loamy,Shallow,Well drained,Neutral,Basalt,9
Maharashtra,Dhule,2021-2022,Other Cereals,Kharif,854.0,128.1,0.15,Hectare,Tonnes,Tonne/Hectare,Black (Regur),66.7,Saline / Alkaline,Entisols,Lithic Ustorthents,Loamy,Shallow,Well drained,Neutral,Basalt,9
Maharashtra,Dhule,2021-2022,Other Cereals,Rabi,87.0,34.34,0.39,Hectare,Tonnes,Tonne/Hectare,Black (Regur),66.7,Saline / Alkaline,Entisols,Lithic Ustorthents,Loamy,Shallow,Well drained,Neutral,Basalt,9
Maharashtra,Dhule,2021-2022,Other Cereals,Summer,389.0,378.63,0.97,Hectare,Tonnes,Tonne/Hectare,Black (Regur),66.7,Saline / Alkaline,Entisols,Lithic Ustorthents,Loamy,Shallow,Well drained,Neutral,Basalt,9
Maharashtra,Dhule,2021-2022,Other Kharif pulses,Kharif,473.0,47.3,0.1,Hectare,Tonnes,Tonne/Hectare,Black (Regur),66.7,Saline / Alkaline,Entisols,Lithic Ustorthents,Loamy,Shallow,Well drained,Neutral,Basalt,9
Maharashtra,Dhule,2021-2022,Other Rabi pulses,Rabi,1328.0,588.97,0.44,Hectare,Tonnes,Tonne/Hectare,Black (Regur),66.7,Saline / Alkaline,Entisols,Lithic Ustorthents,Loamy,Shallow,Well drained,Neutral,Basalt,9
Maharashtra,Dhule,2021-2022,Other Summer Pulses,Summer,10.0,4.11,0.41,Hectare,Tonnes,Tonne/Hectare,Black (Regur),66.7,Saline / Alkaline,Entisols,Lithic Ustorthents,Loamy,Shallow,Well drained,Neutral,Basalt,9
Maharashtra,Dhule,2021-2022,Ragi,Kharif,1343.22,828.76,0.62,Hectare,Tonnes,Tonne/Hectare,Black (Regur),66.7,Saline / Alkaline,Entisols,Lithic Ustorthents,Loamy,Shallow,Well drained,Neutral,Basalt,9
Maharashtra,Dhule,2021-2022,Rice,Kharif,6983.93,8236.14,1.18,Hectare,Tonnes,Tonne/Hectare,Black (Regur),66.7,Saline / Alkaline,Entisols,Lithic Ustorthents,Loamy,Shallow,Well drained,Neutral,Basalt,9
Maharashtra,Dhule,2021-2022,Rice,Summer,24.0,64.44,2.69,Hectare,Tonnes,Tonne/Hectare,Black (Regur),66.7,Saline / Alkaline,Entisols,Lithic Ustorthents,Loamy,Shallow,Well drained,Neutral,Basalt,9
Maharashtra,Dhule,2021-2022,Sesamum,Kharif,282.9,44.84,0.16,Hectare,Tonnes,Tonne/Hectare,Black (Regur),66.7,Saline / Alkaline,Entisols,Lithic Ustorthents,Loamy,Shallow,Well drained,Neutral,Basalt,9
Maharashtra,Dhule,2021-2022,Sesamum,Rabi,79.93,57.11,0.71,Hectare,Tonnes,Tonne/Hectare,Black (Regur),66.7,Saline / Alkaline,Entisols,Lithic Ustorthents,Loamy,Shallow,Well drained,Neutral,Basalt,9
Maharashtra,Dhule,2021-2022,Sesamum,Summer,95.0,14.25,0.15,Hectare,Tonnes,Tonne/Hectare,Black (Regur),66.7,Saline / Alkaline,Entisols,Lithic Ustorthents,Loamy,Shallow,Well drained,Neutral,Basalt,9
Maharashtra,Dhule,2021-2022,Soyabean,Kharif,21418.46,26982.97,1.26,Hectare,Tonnes,Tonne/Hectare,Black (Regur),66.7,Saline / Alkaline,Entisols,Lithic Ustorthents,Loamy,Shallow,Well drained,Neutral,Basalt,9
Maharashtra,Dhule,2021-2022,Soyabean,Summer,545.0,817.5,1.5,Hectare,Tonnes,Tonne/Hectare,Black (Regur),66.7,Saline / Alkaline,Entisols,Lithic Ustorthents,Loamy,Shallow,Well drained,Neutral,Basalt,9
Maharashtra,Dhule,2021-2022,Sugarcane,Whole Year,4000.0,373437.61,93.36,Hectare,Tonnes,Tonne/Hectare,Black (Regur),66.7,Saline / Alkaline,Entisols,Lithic Ustorthents,Loamy,Shallow,Well drained,Neutral,Basalt,9
Maharashtra,Dhule,2021-2022,Sunflower,Rabi,92.0,121.32,1.32,Hectare,Tonnes,Tonne/Hectare,Black (Regur),66.7,Saline / Alkaline,Entisols,Lithic Ustorthents,Loamy,Shallow,Well drained,Neutral,Basalt,9
Maharashtra,Dhule,2021-2022,Sunflower,Summer,12.0,11.08,0.92,Hectare,Tonnes,Tonne/Hectare,Black (Regur),66.7,Saline / Alkaline,Entisols,Lithic Ustorthents,Loamy,Shallow,Well drained,Neutral,Basalt,9
Maharashtra,Dhule,2021-2022,Urad,Kharif,12113.24,1269.47,0.1,Hectare,Tonnes,Tonne/Hectare,Black (Regur),66.7,Saline / Alkaline,Entisols,Lithic Ustorthents,Loamy,Shallow,Well drained,Neutral,Basalt,9
Maharashtra,Dhule,2021-2022,Wheat,Rabi,61801.54,100169.79,1.62,Hectare,Tonnes,Tonne/Hectare,Black (Regur),66.7,Saline / Alkaline,Entisols,Lithic Ustorthents,Loamy,Shallow,Well drained,Neutral,Basalt,9
Maharashtra,Dhule,2021-2022,other oilseeds,Kharif,172.0,26.0,0.15,Hectare,Tonnes,Tonne/Hectare,Black (Regur),66.7,Saline / Alkaline,Entisols,Lithic Ustorthents,Loamy,Shallow,Well drained,Neutral,Basalt,9
Maharashtra,Dhule,2021-2022,other oilseeds,Rabi,715.0,213.11,0.3,Hectare,Tonnes,Tonne/Hectare,Black (Regur),66.7,Saline / Alkaline,Entisols,Lithic Ustorthents,Loamy,Shallow,Well drained,Neutral,Basalt,9
Maharashtra,Dhule,2021-2022,other oilseeds,Summer,27.0,17.15,0.64,Hectare,Tonnes,Tonne/Hectare,Black (Regur),66.7,Saline / Alkaline,Entisols,Lithic Ustorthents,Loamy,Shallow,Well drained,Neutral,Basalt,9
Maharashtra,Gadchiroli,2021-2022,Arhar/Tur,Kharif,5362.21,6396.58,1.19,Hectare,Tonnes,Tonne/Hectare,Alluvial,66.7,Red & Yellow,Inceptisols,Typic Haplustepts,Loamy,Very deep,Well drained,Slightly acidic,Alluvium,9
Maharashtra,Gadchiroli,2021-2022,Cotton(lint),Kharif,7200.0,17100.0,2.38,Hectare,Bales,Bales/Hectare,Alluvial,66.7,Red & Yellow,Inceptisols,Typic Haplustepts,Loamy,Very deep,Well drained,Slightly acidic,Alluvium,9
Maharashtra,Gadchiroli,2021-2022,Gram,Rabi,16601.69,7862.06,0.47,Hectare,Tonnes,Tonne/Hectare,Alluvial,66.7,Red & Yellow,Inceptisols,Typic Haplustepts,Loamy,Very deep,Well drained,Slightly acidic,Alluvium,9
Maharashtra,Gadchiroli,2021-2022,Groundnut,Kharif,12.05,13.3,1.1,Hectare,Tonnes,Tonne/Hectare,Alluvial,66.7,Red & Yellow,Inceptisols,Typic Haplustepts,Loamy,Very deep,Well drained,Slightly acidic,Alluvium,9
Maharashtra,Gadchiroli,2021-2022,Groundnut,Summer,5.0,10.01,2.0,Hectare,Tonnes,Tonne/Hectare,Alluvial,66.7,Red & Yellow,Inceptisols,Typic Haplustepts,Loamy,Very deep,Well drained,Slightly acidic,Alluvium,9
Maharashtra,Gadchiroli,2021-2022,Jowar,Kharif,7.86,4.72,0.6,Hectare,Tonnes,Tonne/Hectare,Alluvial,66.7,Red & Yellow,Inceptisols,Typic Haplustepts,Loamy,Very deep,Well drained,Slightly acidic,Alluvium,9
Maharashtra,Gadchiroli,2021-2022,Jowar,Rabi,2192.62,1814.81,0.83,Hectare,Tonnes,Tonne/Hectare,Alluvial,66.7,Red & Yellow,Inceptisols,Typic Haplustepts,Loamy,Very deep,Well drained,Slightly acidic,Alluvium,9
Maharashtra,Gadchiroli,2021-2022,Linseed,Rabi,671.64,180.94,0.27,Hectare,Tonnes,Tonne/Hectare,Alluvial,66.7,Red & Yellow,Inceptisols,Typic Haplustepts,Loamy,Very deep,Well drained,Slightly acidic,Alluvium,9
Maharashtra,Gadchiroli,2021-2022,Maize,Kharif,1205.58,3558.28,2.95,Hectare,Tonnes,Tonne/Hectare,Alluvial,66.7,Red & Yellow,Inceptisols,Typic Haplustepts,Loamy,Very deep,Well drained,Slightly acidic,Alluvium,9
Maharashtra,Gadchiroli,2021-2022,Maize,Rabi,3071.89,6685.97,2.18,Hectare,Tonnes,Tonne/Hectare,Alluvial,66.7,Red & Yellow,Inceptisols,Typic Haplustepts,Loamy,Very deep,Well drained,Slightly acidic,Alluvium,9
Maharashtra,Gadchiroli,2021-2022,Maize,Summer,910.66,1420.45,1.56,Hectare,Tonnes,Tonne/Hectare,Alluvial,66.7,Red & Yellow,Inceptisols,Typic Haplustepts,Loamy,Very deep,Well drained,Slightly acidic,Alluvium,9
Maharashtra,Gadchiroli,2021-2022,Moong(Green Gram),Kharif,35.25,17.42,0.49,Hectare,Tonnes,Tonne/Hectare,Alluvial,66.7,Red & Yellow,Inceptisols,Typic Haplustepts,Loamy,Very deep,Well drained,Slightly acidic,Alluvium,9
Maharashtra,Gadchiroli,2021-2022,Moong(Green Gram),Summer,192.9,35.53,0.18,Hectare,Tonnes,Tonne/Hectare,Alluvial,66.7,Red & Yellow,Inceptisols,Typic Haplustepts,Loamy,Very deep,Well drained,Slightly acidic,Alluvium,9
Maharashtra,Gadchiroli,2021-2022,Other Kharif pulses,Kharif,1.5,0.4,0.27,Hectare,Tonnes,Tonne/Hectare,Alluvial,66.7,Red & Yellow,Inceptisols,Typic Haplustepts,Loamy,Very deep,Well drained,Slightly acidic,Alluvium,9
Maharashtra,Gadchiroli,2021-2022,Other Rabi pulses,Rabi,14498.3,3189.63,0.22,Hectare,Tonnes,Tonne/Hectare,Alluvial,66.7,Red & Yellow,Inceptisols,Typic Haplustepts,Loamy,Very deep,Well drained,Slightly acidic,Alluvium,9
Maharashtra,Gadchiroli,2021-2022,Other Summer Pulses,Summer,5.2,1.48,0.28,Hectare,Tonnes,Tonne/Hectare,Alluvial,66.7,Red & Yellow,Inceptisols,Typic Haplustepts,Loamy,Very deep,Well drained,Slightly acidic,Alluvium,9
Maharashtra,Gadchiroli,2021-2022,Rice,Kharif,175277.08,266085.07,1.52,Hectare,Tonnes,Tonne/Hectare,Alluvial,66.7,Red & Yellow,Inceptisols,Typic Haplustepts,Loamy,Very deep,Well drained,Slightly acidic,Alluvium,9
Maharashtra,Gadchiroli,2021-2022,Rice,Summer,15321.14,35246.28,2.3,Hectare,Tonnes,Tonne/Hectare,Alluvial,66.7,Red & Yellow,Inceptisols,Typic Haplustepts,Loamy,Very deep,Well drained,Slightly acidic,Alluvium,9
Maharashtra,Gadchiroli,2021-2022,Safflower,Rabi,1236.5,1016.16,0.82,Hectare,Tonnes,Tonne/Hectare,Alluvial,66.7,Red & Yellow,Inceptisols,Typic Haplustepts,Loamy,Very deep,Well drained,Slightly acidic,Alluvium,9
Maharashtra,Gadchiroli,2021-2022,Sesamum,Kharif,333.12,45.54,0.14,Hectare,Tonnes,Tonne/Hectare,Alluvial,66.7,Red & Yellow,Inceptisols,Typic Haplustepts,Loamy,Very deep,Well drained,Slightly acidic,Alluvium,9
Maharashtra,Gadchiroli,2021-2022,Sesamum,Rabi,119.2,58.11,0.49,Hectare,Tonnes,Tonne/Hectare,Alluvial,66.7,Red & Yellow,Inceptisols,Typic Haplustepts,Loamy,Very deep,Well drained,Slightly acidic,Alluvium,9
Maharashtra,Gadchiroli,2021-2022,Soyabean,Kharif,3.09,4.33,1.4,Hectare,Tonnes,Tonne/Hectare,Alluvial,66.7,Red & Yellow,Inceptisols,Typic Haplustepts,Loamy,Very deep,Well drained,Slightly acidic,Alluvium,9
Maharashtra,Gadchiroli,2021-2022,Soyabean,Summer,6.0,3.6,0.6,Hectare,Tonnes,Tonne/Hectare,Alluvial,66.7,Red & Yellow,Inceptisols,Typic Haplustepts,Loamy,Very deep,Well drained,Slightly acidic,Alluvium,9
Maharashtra,Gadchiroli,2021-2022,Urad,Kharif,49.83,19.75,0.4,Hectare,Tonnes,Tonne/Hectare,Alluvial,66.7,Red & Yellow,Inceptisols,Typic Haplustepts,Loamy,Very deep,Well drained,Slightly acidic,Alluvium,9
Maharashtra,Gadchiroli,2021-2022,Urad,Summer,3.7,1.99,0.54,Hectare,Tonnes,Tonne/Hectare,Alluvial,66.7,Red & Yellow,Inceptisols,Typic Haplustepts,Loamy,Very deep,Well drained,Slightly acidic,Alluvium,9
Maharashtra,Gadchiroli,2021-2022,Wheat,Rabi,598.59,660.0,1.1,Hectare,Tonnes,Tonne/Hectare,Alluvial,66.7,Red & Yellow,Inceptisols,Typic Haplustepts,Loamy,Very deep,Well drained,Slightly acidic,Alluvium,9
Maharashtra,Gadchiroli,2021-2022,other oilseeds,Kharif,7.0,1.0,0.14,Hectare,Tonnes,Tonne/Hectare,Alluvial,66.7,Red & Yellow,Inceptisols,Typic Haplustepts,Loamy,Very deep,Well drained,Slightly acidic,Alluvium,9
Maharashtra,Gadchiroli,2021-2022,other oilseeds,Rabi,1098.89,296.17,0.27,Hectare,Tonnes,Tonne/Hectare,Alluvial,66.7,Red & Yellow,Inceptisols,Typic Haplustepts,Loamy,Very deep,Well drained,Slightly acidic,Alluvium,9
Maharashtra,Gondia,2021-2022,Arhar/Tur,Kharif,5860.25,6990.7,1.19,Hectare,Tonnes,Tonne/Hectare,Black (Regur),71.4,Alluvial,Vertisols,Chromic Haplusterts,Clayey,Very deep,Moderately well drained,Slightly acidic,Alluvium,7
Maharashtra,Gondia,2021-2022,Cotton(lint),Kharif,8.0,22.0,2.75,Hectare,Bales,Bales/Hectare,Black (Regur),71.4,Alluvial,Vertisols,Chromic Haplusterts,Clayey,Very deep,Moderately well drained,Slightly acidic,Alluvium,7
Maharashtra,Gondia,2021-2022,Gram,Rabi,7235.06,4290.03,0.59,Hectare,Tonnes,Tonne/Hectare,Black (Regur),71.4,Alluvial,Vertisols,Chromic Haplusterts,Clayey,Very deep,Moderately well drained,Slightly acidic,Alluvium,7
Maharashtra,Gondia,2021-2022,Groundnut,Kharif,2.0,2.21,1.1,Hectare,Tonnes,Tonne/Hectare,Black (Regur),71.4,Alluvial,Vertisols,Chromic Haplusterts,Clayey,Very deep,Moderately well drained,Slightly acidic,Alluvium,7
Maharashtra,Gondia,2021-2022,Groundnut,Summer,9.0,16.95,1.88,Hectare,Tonnes,Tonne/Hectare,Black (Regur),71.4,Alluvial,Vertisols,Chromic Haplusterts,Clayey,Very deep,Moderately well drained,Slightly acidic,Alluvium,7
Maharashtra,Gondia,2021-2022,Jowar,Rabi,149.8,121.2,0.81,Hectare,Tonnes,Tonne/Hectare,Black (Regur),71.4,Alluvial,Vertisols,Chromic Haplusterts,Clayey,Very deep,Moderately well drained,Slightly acidic,Alluvium,7
Maharashtra,Gondia,2021-2022,Linseed,Rabi,2065.34,420.3,0.2,Hectare,Tonnes,Tonne/Hectare,Black (Regur),71.4,Alluvial,Vertisols,Chromic Haplusterts,Clayey,Very deep,Moderately well drained,Slightly acidic,Alluvium,7
Maharashtra,Gondia,2021-2022,Maize,Kharif,2.89,8.53,2.95,Hectare,Tonnes,Tonne/Hectare,Black (Regur),71.4,Alluvial,Vertisols,Chromic Haplusterts,Clayey,Very deep,Moderately well drained,Slightly acidic,Alluvium,7
Maharashtra,Gondia,2021-2022,Maize,Rabi,895.25,1948.51,2.18,Hectare,Tonnes,Tonne/Hectare,Black (Regur),71.4,Alluvial,Vertisols,Chromic Haplusterts,Clayey,Very deep,Moderately well drained,Slightly acidic,Alluvium,7
Maharashtra,Gondia,2021-2022,Maize,Summer,375.76,217.94,0.58,Hectare,Tonnes,Tonne/Hectare,Black (Regur),71.4,Alluvial,Vertisols,Chromic Haplusterts,Clayey,Very deep,Moderately well drained,Slightly acidic,Alluvium,7
Maharashtra,Gondia,2021-2022,Moong(Green Gram),Kharif,4.93,2.44,0.49,Hectare,Tonnes,Tonne/Hectare,Black (Regur),71.4,Alluvial,Vertisols,Chromic Haplusterts,Clayey,Very deep,Moderately well drained,Slightly acidic,Alluvium,7
Maharashtra,Gondia,2021-2022,Moong(Green Gram),Summer,482.7,88.91,0.18,Hectare,Tonnes,Tonne/Hectare,Black (Regur),71.4,Alluvial,Vertisols,Chromic Haplusterts,Clayey,Very deep,Moderately well drained,Slightly acidic,Alluvium,7
Maharashtra,Gondia,2021-2022,Other Cereals,Rabi,16.3,7.11,0.44,Hectare,Tonnes,Tonne/Hectare,Black (Regur),71.4,Alluvial,Vertisols,Chromic Haplusterts,Clayey,Very deep,Moderately well drained,Slightly acidic,Alluvium,7
Maharashtra,Gondia,2021-2022,Other Kharif pulses,Kharif,125.0,71.75,0.57,Hectare,Tonnes,Tonne/Hectare,Black (Regur),71.4,Alluvial,Vertisols,Chromic Haplusterts,Clayey,Very deep,Moderately well drained,Slightly acidic,Alluvium,7
Maharashtra,Gondia,2021-2022,Other Rabi pulses,Rabi,9002.5,4249.18,0.47,Hectare,Tonnes,Tonne/Hectare,Black (Regur),71.4,Alluvial,Vertisols,Chromic Haplusterts,Clayey,Very deep,Moderately well drained,Slightly acidic,Alluvium,7
Maharashtra,Gondia,2021-2022,Rice,Kharif,153446.3,310499.37,2.02,Hectare,Tonnes,Tonne/Hectare,Black (Regur),71.4,Alluvial,Vertisols,Chromic Haplusterts,Clayey,Very deep,Moderately well drained,Slightly acidic,Alluvium,7
Maharashtra,Gondia,2021-2022,Rice,Summer,57946.99,191291.13,3.3,Hectare,Tonnes,Tonne/Hectare,Black (Regur),71.4,Alluvial,Vertisols,Chromic Haplusterts,Clayey,Very deep,Moderately well drained,Slightly acidic,Alluvium,7
Maharashtra,Gondia,2021-2022,Safflower,Rabi,323.5,265.85,0.82,Hectare,Tonnes,Tonne/Hectare,Black (Regur),71.4,Alluvial,Vertisols,Chromic Haplusterts,Clayey,Very deep,Moderately well drained,Slightly acidic,Alluvium,7
Maharashtra,Gondia,2021-2022,Sesamum,Kharif,1291.55,176.56,0.14,Hectare,Tonnes,Tonne/Hectare,Black (Regur),71.4,Alluvial,Vertisols,Chromic Haplusterts,Clayey,Very deep,Moderately well drained,Slightly acidic,Alluvium,7
Maharashtra,Gondia,2021-2022,Sesamum,Rabi,34.56,16.85,0.49,Hectare,Tonnes,Tonne/Hectare,Black (Regur),71.4,Alluvial,Vertisols,Chromic Haplusterts,Clayey,Very deep,Moderately well drained,Slightly acidic,Alluvium,7
Maharashtra,Gondia,2021-2022,Sesamum,Summer,11.0,2.11,0.19,Hectare,Tonnes,Tonne/Hectare,Black (Regur),71.4,Alluvial,Vertisols,Chromic Haplusterts,Clayey,Very deep,Moderately well drained,Slightly acidic,Alluvium,7
Maharashtra,Gondia,2021-2022,Urad,Kharif,30.66,12.15,0.4,Hectare,Tonnes,Tonne/Hectare,Black (Regur),71.4,Alluvial,Vertisols,Chromic Haplusterts,Clayey,Very deep,Moderately well drained,Slightly acidic,Alluvium,7
Maharashtra,Gondia,2021-2022,Wheat,Rabi,2415.72,2930.0,1.21,Hectare,Tonnes,Tonne/Hectare,Black (Regur),71.4,Alluvial,Vertisols,Chromic Haplusterts,Clayey,Very deep,Moderately well drained,Slightly acidic,Alluvium,7
Maharashtra,Gondia,2021-2022,other oilseeds,Rabi,833.3,316.65,0.38,Hectare,Tonnes,Tonne/Hectare,Black (Regur),71.4,Alluvial,Vertisols,Chromic Haplusterts,Clayey,Very deep,Moderately well drained,Slightly acidic,Alluvium,7
Maharashtra,Hingoli,2021-2022,Arhar/Tur,Kharif,45690.81,45028.29,0.99,Hectare,Tonnes,Tonne/Hectare,Saline / Alkaline,77.8,Black (Regur),Vertisols,Chromic Haplusterts,Clayey,Deep,Imperfectly drained,Others,,9
Maharashtra,Hingoli,2021-2022,Bajra,Kharif,10.5,3.8,0.36,Hectare,Tonnes,Tonne/Hectare,Saline / Alkaline,77.8,Black (Regur),Vertisols,Chromic Haplusterts,Clayey,Deep,Imperfectly drained,Others,,9
Maharashtra,Hingoli,2021-2022,Cotton(lint),Kharif,44900.0,78700.0,1.75,Hectare,Bales,Bales/Hectare,Saline / Alkaline,77.8,Black (Regur),Vertisols,Chromic Haplusterts,Clayey,Deep,Imperfectly drained,Others,,9
Maharashtra,Hingoli,2021-2022,Gram,Rabi,111511.95,137799.78,1.24,Hectare,Tonnes,Tonne/Hectare,Saline / Alkaline,77.8,Black (Regur),Vertisols,Chromic Haplusterts,Clayey,Deep,Imperfectly drained,Others,,9
Maharashtra,Hingoli,2021-2022,Groundnut,Kharif,578.95,425.88,0.74,Hectare,Tonnes,Tonne/Hectare,Saline / Alkaline,77.8,Black (Regur),Vertisols,Chromic Haplusterts,Clayey,Deep,Imperfectly drained,Others,,9
Maharashtra,Hingoli,2021-2022,Groundnut,Summer,651.58,838.14,1.29,Hectare,Tonnes,Tonne/Hectare,Saline / Alkaline,77.8,Black (Regur),Vertisols,Chromic Haplusterts,Clayey,Deep,Imperfectly drained,Others,,9
Maharashtra,Hingoli,2021-2022,Jowar,Kharif,42176.56,15213.08,0.36,Hectare,Tonnes,Tonne/Hectare,Saline / Alkaline,77.8,Black (Regur),Vertisols,Chromic Haplusterts,Clayey,Deep,Imperfectly drained,Others,,9
Maharashtra,Hingoli,2021-2022,Jowar,Rabi,7901.54,7330.02,0.93,Hectare,Tonnes,Tonne/Hectare,Saline / Alkaline,77.8,Black (Regur),Vertisols,Chromic Haplusterts,Clayey,Deep,Imperfectly drained,Others,,9
Maharashtra,Hingoli,2021-2022,Jowar,Summer,299.0,248.6,0.83,Hectare,Tonnes,Tonne/Hectare,Saline / Alkaline,77.8,Black (Regur),Vertisols,Chromic Haplusterts,Clayey,Deep,Imperfectly drained,Others,,9
Maharashtra,Hingoli,2021-2022,Maize,Kharif,1023.11,876.8,0.86,Hectare,Tonnes,Tonne/Hectare,Saline / Alkaline,77.8,Black (Regur),Vertisols,Chromic Haplusterts,Clayey,Deep,Imperfectly drained,Others,,9
Maharashtra,Hingoli,2021-2022,Maize,Rabi,811.7,1766.67,2.18,Hectare,Tonnes,Tonne/Hectare,Saline / Alkaline,77.8,Black (Regur),Vertisols,Chromic Haplusterts,Clayey,Deep,Imperfectly drained,Others,,9
Maharashtra,Hingoli,2021-2022,Maize,Summer,1175.26,1023.36,0.87,Hectare,Tonnes,Tonne/Hectare,Saline / Alkaline,77.8,Black (Regur),Vertisols,Chromic Haplusterts,Clayey,Deep,Imperfectly drained,Others,,9
Maharashtra,Hingoli,2021-2022,Moong(Green Gram),Kharif,8642.7,4398.27,0.51,Hectare,Tonnes,Tonne/Hectare,Saline / Alkaline,77.8,Black (Regur),Vertisols,Chromic Haplusterts,Clayey,Deep,Imperfectly drained,Others,,9
Maharashtra,Hingoli,2021-2022,Moong(Green Gram),Summer,378.2,69.66,0.18,Hectare,Tonnes,Tonne/Hectare,Saline / Alkaline,77.8,Black (Regur),Vertisols,Chromic Haplusterts,Clayey,Deep,Imperfectly drained,Others,,9
Maharashtra,Hingoli,2021-2022,Other Cereals,Kharif,7.0,1.9,0.27,Hectare,Tonnes,Tonne/Hectare,Saline / Alkaline,77.8,Black (Regur),Vertisols,Chromic Haplusterts,Clayey,Deep,Imperfectly drained,Others,,9
Maharashtra,Hingoli,2021-2022,Other Cereals,Rabi,1143.0,474.38,0.42,Hectare,Tonnes,Tonne/Hectare,Saline / Alkaline,77.8,Black (Regur),Vertisols,Chromic Haplusterts,Clayey,Deep,Imperfectly drained,Others,,9
Maharashtra,Hingoli,2021-2022,Other Kharif pulses,Kharif,20.0,1.56,0.08,Hectare,Tonnes,Tonne/Hectare,Saline / Alkaline,77.8,Black (Regur),Vertisols,Chromic Haplusterts,Clayey,Deep,Imperfectly drained,Others,,9
Maharashtra,Hingoli,2021-2022,Other Rabi pulses,Rabi,310.0,90.8,0.29,Hectare,Tonnes,Tonne/Hectare,Saline / Alkaline,77.8,Black (Regur),Vertisols,Chromic Haplusterts,Clayey,Deep,Imperfectly drained,Others,,9
Maharashtra,Hingoli,2021-2022,Safflower,Rabi,1433.27,572.45,0.4,Hectare,Tonnes,Tonne/Hectare,Saline / Alkaline,77.8,Black (Regur),Vertisols,Chromic Haplusterts,Clayey,Deep,Imperfectly drained,Others,,9
Maharashtra,Hingoli,2021-2022,Sesamum,Kharif,1.74,0.31,0.18,Hectare,Tonnes,Tonne/Hectare,Saline / Alkaline,77.8,Black (Regur),Vertisols,Chromic Haplusterts,Clayey,Deep,Imperfectly drained,Others,,9
Maharashtra,Hingoli,2021-2022,Sesamum,Rabi,20.43,14.6,0.71,Hectare,Tonnes,Tonne/Hectare,Saline / Alkaline,77.8,Black (Regur),Vertisols,Chromic Haplusterts,Clayey,Deep,Imperfectly drained,Others,,9
Maharashtra,Hingoli,2021-2022,Sesamum,Summer,2.9,0.57,0.2,Hectare,Tonnes,Tonne/Hectare,Saline / Alkaline,77.8,Black (Regur),Vertisols,Chromic Haplusterts,Clayey,Deep,Imperfectly drained,Others,,9
Maharashtra,Hingoli,2021-2022,Soyabean,Kharif,252058.53,241824.95,0.96,Hectare,Tonnes,Tonne/Hectare,Saline / Alkaline,77.8,Black (Regur),Vertisols,Chromic Haplusterts,Clayey,Deep,Imperfectly drained,Others,,9
Maharashtra,Hingoli,2021-2022,Soyabean,Summer,4351.1,2262.49,0.52,Hectare,Tonnes,Tonne/Hectare,Saline / Alkaline,77.8,Black (Regur),Vertisols,Chromic Haplusterts,Clayey,Deep,Imperfectly drained,Others,,9
Maharashtra,Hingoli,2021-2022,Sugarcane,Whole Year,27968.0,2311725.13,82.66,Hectare,Tonnes,Tonne/Hectare,Saline / Alkaline,77.8,Black (Regur),Vertisols,Chromic Haplusterts,Clayey,Deep,Imperfectly drained,Others,,9
Maharashtra,Hingoli,2021-2022,Sunflower,Summer,7.0,5.51,0.79,Hectare,Tonnes,Tonne/Hectare,Saline / Alkaline,77.8,Black (Regur),Vertisols,Chromic Haplusterts,Clayey,Deep,Imperfectly drained,Others,,9
Maharashtra,Hingoli,2021-2022,Urad,Kharif,20620.65,7571.9,0.37,Hectare,Tonnes,Tonne/Hectare,Saline / Alkaline,77.8,Black (Regur),Vertisols,Chromic Haplusterts,Clayey,Deep,Imperfectly drained,Others,,9
Maharashtra,Hingoli,2021-2022,Urad,Summer,89.5,48.23,0.54,Hectare,Tonnes,Tonne/Hectare,Saline / Alkaline,77.8,Black (Regur),Vertisols,Chromic Haplusterts,Clayey,Deep,Imperfectly drained,Others,,9
Maharashtra,Hingoli,2021-2022,Wheat,Rabi,30677.44,45740.06,1.49,Hectare,Tonnes,Tonne/Hectare,Saline / Alkaline,77.8,Black (Regur),Vertisols,Chromic Haplusterts,Clayey,Deep,Imperfectly drained,Others,,9
Maharashtra,Hingoli,2021-2022,other oilseeds,Kharif,30.0,5.0,0.17,Hectare,Tonnes,Tonne/Hectare,Saline / Alkaline,77.8,Black (Regur),Vertisols,Chromic Haplusterts,Clayey,Deep,Imperfectly drained,Others,,9
Maharashtra,Hingoli,2021-2022,other oilseeds,Rabi,772.0,96.87,0.13,Hectare,Tonnes,Tonne/Hectare,Saline / Alkaline,77.8,Black (Regur),Vertisols,Chromic Haplusterts,Clayey,Deep,Imperfectly drained,Others,,9
Maharashtra,Jalgaon,2021-2022,Arhar/Tur,Kharif,22786.21,13156.76,0.58,Hectare,Tonnes,Tonne/Hectare,Black (Regur),100.0,,Vertisols,Chromic Haplusterts,Clayey,Very deep,Well drained,Slightly alkaline,Alluvium,9
Maharashtra,Jalgaon,2021-2022,Bajra,Kharif,10717.73,5182.02,0.48,Hectare,Tonnes,Tonne/Hectare,Black (Regur),100.0,,Vertisols,Chromic Haplusterts,Clayey,Very deep,Well drained,Slightly alkaline,Alluvium,9
Maharashtra,Jalgaon,2021-2022,Bajra,Summer,7257.0,6603.87,0.91,Hectare,Tonnes,Tonne/Hectare,Black (Regur),100.0,,Vertisols,Chromic Haplusterts,Clayey,Very deep,Well drained,Slightly alkaline,Alluvium,9
Maharashtra,Jalgaon,2021-2022,Cotton(lint),Kharif,489400.0,731200.0,1.49,Hectare,Bales,Bales/Hectare,Black (Regur),100.0,,Vertisols,Chromic Haplusterts,Clayey,Very deep,Well drained,Slightly alkaline,Alluvium,9
Maharashtra,Jalgaon,2021-2022,Gram,Rabi,86095.29,130880.34,1.52,Hectare,Tonnes,Tonne/Hectare,Black (Regur),100.0,,Vertisols,Chromic Haplusterts,Clayey,Very deep,Well drained,Slightly alkaline,Alluvium,9
Maharashtra,Jalgaon,2021-2022,Groundnut,Kharif,3280.23,2309.61,0.7,Hectare,Tonnes,Tonne/Hectare,Black (Regur),100.0,,Vertisols,Chromic Haplusterts,Clayey,Very deep,Well drained,Slightly alkaline,Alluvium,9
Maharashtra,Jalgaon,2021-2022,Groundnut,Summer,1471.41,2472.98,1.68,Hectare,Tonnes,Tonne/Hectare,Black (Regur),100.0,,Vertisols,Chromic Haplusterts,Clayey,Very deep,Well drained,Slightly alkaline,Alluvium,9
Maharashtra,Jalgaon,2021-2022,Jowar,Kharif,36062.99,37685.82,1.05,Hectare,Tonnes,Tonne/Hectare,Black (Regur),100.0,,Vertisols,Chromic Haplusterts,Clayey,Very deep,Well drained,Slightly alkaline,Alluvium,9
Maharashtra,Jalgaon,2021-2022,Jowar,Rabi,53429.19,91629.99,1.71,Hectare,Tonnes,Tonne/Hectare,Black (Regur),100.0,,Vertisols,Chromic Haplusterts,Clayey,Very deep,Well drained,Slightly alkaline,Alluvium,9
Maharashtra,Jalgaon,2021-2022,Jowar,Summer,229.0,190.4,0.83,Hectare,Tonnes,Tonne/Hectare,Black (Regur),100.0,,Vertisols,Chromic Haplusterts,Clayey,Very deep,Well drained,Slightly alkaline,Alluvium,9
Maharashtra,Jalgaon,2021-2022,Maize,Kharif,132530.7,256844.49,1.94,Hectare,Tonnes,Tonne/Hectare,Black (Regur),100.0,,Vertisols,Chromic Haplusterts,Clayey,Very deep,Well drained,Slightly alkaline,Alluvium,9
Maharashtra,Jalgaon,2021-2022,Maize,Rabi,80321.92,382910.66,4.77,Hectare,Tonnes,Tonne/Hectare,Black (Regur),100.0,,Vertisols,Chromic Haplusterts,Clayey,Very deep,Well drained,Slightly alkaline,Alluvium,9
Maharashtra,Jalgaon,2021-2022,Maize,Summer,7635.0,15728.1,2.06,Hectare,Tonnes,Tonne/Hectare,Black (Regur),100.0,,Vertisols,Chromic Haplusterts,Clayey,Very deep,Well drained,Slightly alkaline,Alluvium,9
Maharashtra,Jalgaon,2021-2022,Moong(Green Gram),Kharif,24888.61,5838.87,0.23,Hectare,Tonnes,Tonne/Hectare,Black (Regur),100.0,,Vertisols,Chromic Haplusterts,Clayey,Very deep,Well drained,Slightly alkaline,Alluvium,9
Maharashtra,Jalgaon,2021-2022,Moong(Green Gram),Summer,2605.0,479.82,0.18,Hectare,Tonnes,Tonne/Hectare,Black (Regur),100.0,,Vertisols,Chromic Haplusterts,Clayey,Very deep,Well drained,Slightly alkaline,Alluvium,9
Maharashtra,Jalgaon,2021-2022,Other Cereals,Kharif,1419.0,1419.0,1.0,Hectare,Tonnes,Tonne/Hectare,Black (Regur),100.0,,Vertisols,Chromic Haplusterts,Clayey,Very deep,Well drained,Slightly alkaline,Alluvium,9
Maharashtra,Jalgaon,2021-2022,Other Cereals,Rabi,1060.0,686.5,0.65,Hectare,Tonnes,Tonne/Hectare,Black (Regur),100.0,,Vertisols,Chromic Haplusterts,Clayey,Very deep,Well drained,Slightly alkaline,Alluvium,9
Maharashtra,Jalgaon,2021-2022,Other Cereals,Summer,78.0,64.62,0.83,Hectare,Tonnes,Tonne/Hectare,Black (Regur),100.0,,Vertisols,Chromic Haplusterts,Clayey,Very deep,Well drained,Slightly alkaline,Alluvium,9
Maharashtra,Jalgaon,2021-2022,Other Kharif pulses,Kharif,339.0,16.95,0.05,Hectare,Tonnes,Tonne/Hectare,Black (Regur),100.0,,Vertisols,Chromic Haplusterts,Clayey,Very deep,Well drained,Slightly alkaline,Alluvium,9
Maharashtra,Jalgaon,2021-2022,Other Rabi pulses,Rabi,42.0,32.32,0.77,Hectare,Tonnes,Tonne/Hectare,Black (Regur),100.0,,Vertisols,Chromic Haplusterts,Clayey,Very deep,Well drained,Slightly alkaline,Alluvium,9
Maharashtra,Jalgaon,2021-2022,Other Summer Pulses,Summer,8.0,2.51,0.31,Hectare,Tonnes,Tonne/Hectare,Black (Regur),100.0,,Vertisols,Chromic Haplusterts,Clayey,Very deep,Well drained,Slightly alkaline,Alluvium,9
Maharashtra,Jalgaon,2021-2022,Sesamum,Kharif,2284.69,445.29,0.19,Hectare,Tonnes,Tonne/Hectare,Black (Regur),100.0,,Vertisols,Chromic Haplusterts,Clayey,Very deep,Well drained,Slightly alkaline,Alluvium,9
Maharashtra,Jalgaon,2021-2022,Sesamum,Rabi,135.64,96.92,0.71,Hectare,Tonnes,Tonne/Hectare,Black (Regur),100.0,,Vertisols,Chromic Haplusterts,Clayey,Very deep,Well drained,Slightly alkaline,Alluvium,9
Maharashtra,Jalgaon,2021-2022,Sesamum,Summer,807.4,121.11,0.15,Hectare,Tonnes,Tonne/Hectare,Black (Regur),100.0,,Vertisols,Chromic Haplusterts,Clayey,Very deep,Well drained,Slightly alkaline,Alluvium,9
Maharashtra,Jalgaon,2021-2022,Soyabean,Kharif,28319.61,16159.17,0.57,Hectare,Tonnes,Tonne/Hectare,Black (Regur),100.0,,Vertisols,Chromic Haplusterts,Clayey,Very deep,Well drained,Slightly alkaline,Alluvium,9
Maharashtra,Jalgaon,2021-2022,Soyabean,Summer,1430.4,2145.6,1.5,Hectare,Tonnes,Tonne/Hectare,Black (Regur),100.0,,Vertisols,Chromic Haplusterts,Clayey,Very deep,Well drained,Slightly alkaline,Alluvium,9
Maharashtra,Jalgaon,2021-2022,Sugarcane,Whole Year,12035.0,731795.42,60.81,Hectare,Tonnes,Tonne/Hectare,Black (Regur),100.0,,Vertisols,Chromic Haplusterts,Clayey,Very deep,Well drained,Slightly alkaline,Alluvium,9
Maharashtra,Jalgaon,2021-2022,Sunflower,Rabi,837.29,1104.13,1.32,Hectare,Tonnes,Tonne/Hectare,Black (Regur),100.0,,Vertisols,Chromic Haplusterts,Clayey,Very deep,Well drained,Slightly alkaline,Alluvium,9
Maharashtra,Jalgaon,2021-2022,Sunflower,Summer,297.68,274.74,0.92,Hectare,Tonnes,Tonne/Hectare,Black (Regur),100.0,,Vertisols,Chromic Haplusterts,Clayey,Very deep,Well drained,Slightly alkaline,Alluvium,9
Maharashtra,Jalgaon,2021-2022,Urad,Kharif,34388.1,7324.67,0.21,Hectare,Tonnes,Tonne/Hectare,Black (Regur),100.0,,Vertisols,Chromic Haplusterts,Clayey,Very deep,Well drained,Slightly alkaline,Alluvium,9
Maharashtra,Jalgaon,2021-2022,Urad,Summer,21.0,11.32,0.54,Hectare,Tonnes,Tonne/Hectare,Black (Regur),100.0,,Vertisols,Chromic Haplusterts,Clayey,Very deep,Well drained,Slightly alkaline,Alluvium,9
Maharashtra,Jalgaon,2021-2022,Wheat,Rabi,79731.24,122840.33,1.54,Hectare,Tonnes,Tonne/Hectare,Black (Regur),100.0,,Vertisols,Chromic Haplusterts,Clayey,Very deep,Well drained,Slightly alkaline,Alluvium,9
Maharashtra,Jalgaon,2021-2022,other oilseeds,Kharif,81.0,24.0,0.3,Hectare,Tonnes,Tonne/Hectare,Black (Regur),100.0,,Vertisols,Chromic Haplusterts,Clayey,Very deep,Well drained,Slightly alkaline,Alluvium,9
Maharashtra,Jalgaon,2021-2022,other oilseeds,Rabi,437.0,300.08,0.69,Hectare,Tonnes,Tonne/Hectare,Black (Regur),100.0,,Vertisols,Chromic Haplusterts,Clayey,Very deep,Well drained,Slightly alkaline,Alluvium,9
Maharashtra,Jalna,2021-2022,Arhar/Tur,Kharif,61715.52,69226.3,1.12,Hectare,Tonnes,Tonne/Hectare,Black (Regur),100.0,,Entisols,Lithic Ustorthents,Loamy,Shallow,Well drained,Neutral,Basalt,9
Maharashtra,Jalna,2021-2022,Bajra,Kharif,14817.92,9098.62,0.61,Hectare,Tonnes,Tonne/Hectare,Black (Regur),100.0,,Entisols,Lithic Ustorthents,Loamy,Shallow,Well drained,Neutral,Basalt,9
Maharashtra,Jalna,2021-2022,Bajra,Summer,73.0,54.75,0.75,Hectare,Tonnes,Tonne/Hectare,Black (Regur),100.0,,Entisols,Lithic Ustorthents,Loamy,Shallow,Well drained,Neutral,Basalt,9
Maharashtra,Jalna,2021-2022,Cotton(lint),Kharif,333880.0,610800.0,1.83,Hectare,Bales,Bales/Hectare,Black (Regur),100.0,,Entisols,Lithic Ustorthents,Loamy,Shallow,Well drained,Neutral,Basalt,9
Maharashtra,Jalna,2021-2022,Gram,Rabi,43046.97,56779.81,1.32,Hectare,Tonnes,Tonne/Hectare,Black (Regur),100.0,,Entisols,Lithic Ustorthents,Loamy,Shallow,Well drained,Neutral,Basalt,9
Maharashtra,Jalna,2021-2022,Groundnut,Kharif,1560.09,1078.65,0.69,Hectare,Tonnes,Tonne/Hectare,Black (Regur),100.0,,Entisols,Lithic Ustorthents,Loamy,Shallow,Well drained,Neutral,Basalt,9
Maharashtra,Jalna,2021-2022,Groundnut,Summer,2019.0,2446.02,1.21,Hectare,Tonnes,Tonne/Hectare,Black (Regur),100.0,,Entisols,Lithic Ustorthents,Loamy,Shallow,Well drained,Neutral,Basalt,9
Maharashtra,Jalna,2021-2022,Jowar,Kharif,268.96,143.76,0.53,Hectare,Tonnes,Tonne/Hectare,Black (Regur),100.0,,Entisols,Lithic Ustorthents,Loamy,Shallow,Well drained,Neutral,Basalt,9
Maharashtra,Jalna,2021-2022,Jowar,Rabi,124345.8,136760.49,1.1,Hectare,Tonnes,Tonne/Hectare,Black (Regur),100.0,,Entisols,Lithic Ustorthents,Loamy,Shallow,Well drained,Neutral,Basalt,9
Maharashtra,Jalna,2021-2022,Maize,Kharif,42238.6,117778.12,2.79,Hectare,Tonnes,Tonne/Hectare,Black (Regur),100.0,,Entisols,Lithic Ustorthents,Loamy,Shallow,Well drained,Neutral,Basalt,9
Maharashtra,Jalna,2021-2022,Maize,Rabi,15215.25,93677.25,6.16,Hectare,Tonnes,Tonne/Hectare,Black (Regur),100.0,,Entisols,Lithic Ustorthents,Loamy,Shallow,Well drained,Neutral,Basalt,9
Maharashtra,Jalna,2021-2022,Maize,Summer,6177.0,9265.5,1.5,Hectare,Tonnes,Tonne/Hectare,Black (Regur),100.0,,Entisols,Lithic Ustorthents,Loamy,Shallow,Well drained,Neutral,Basalt,9
Maharashtra,Jalna,2021-2022,Moong(Green Gram),Kharif,27961.21,12308.53,0.44,Hectare,Tonnes,Tonne/Hectare,Black (Regur),100.0,,Entisols,Lithic Ustorthents,Loamy,Shallow,Well drained,Neutral,Basalt,9
Maharashtra,Jalna,2021-2022,Niger seed,Kharif,70.4,8.34,0.12,Hectare,Tonnes,Tonne/Hectare,Black (Regur),100.0,,Entisols,Lithic Ustorthents,Loamy,Shallow,Well drained,Neutral,Basalt,9
Maharashtra,Jalna,2021-2022,Other Cereals,Kharif,436.0,348.8,0.8,Hectare,Tonnes,Tonne/Hectare,Black (Regur),100.0,,Entisols,Lithic Ustorthents,Loamy,Shallow,Well drained,Neutral,Basalt,9
Maharashtra,Jalna,2021-2022,Other Cereals,Rabi,917.0,733.6,0.8,Hectare,Tonnes,Tonne/Hectare,Black (Regur),100.0,,Entisols,Lithic Ustorthents,Loamy,Shallow,Well drained,Neutral,Basalt,9
Maharashtra,Jalna,2021-2022,Other Cereals,Summer,2525.0,2020.0,0.8,Hectare,Tonnes,Tonne/Hectare,Black (Regur),100.0,,Entisols,Lithic Ustorthents,Loamy,Shallow,Well drained,Neutral,Basalt,9
Maharashtra,Jalna,2021-2022,Other Kharif pulses,Kharif,673.0,201.9,0.3,Hectare,Tonnes,Tonne/Hectare,Black (Regur),100.0,,Entisols,Lithic Ustorthents,Loamy,Shallow,Well drained,Neutral,Basalt,9
Maharashtra,Jalna,2021-2022,Other Rabi pulses,Rabi,166.0,66.4,0.4,Hectare,Tonnes,Tonne/Hectare,Black (Regur),100.0,,Entisols,Lithic Ustorthents,Loamy,Shallow,Well drained,Neutral,Basalt,9
Maharashtra,Jalna,2021-2022,Other Summer Pulses,Summer,189.6,66.36,0.35,Hectare,Tonnes,Tonne/Hectare,Black (Regur),100.0,,Entisols,Lithic Ustorthents,Loamy,Shallow,Well drained,Neutral,Basalt,9
Maharashtra,Jalna,2021-2022,Safflower,Rabi,897.58,1097.29,1.22,Hectare,Tonnes,Tonne/Hectare,Black (Regur),100.0,,Entisols,Lithic Ustorthents,Loamy,Shallow,Well drained,Neutral,Basalt,9
Maharashtra,Jalna,2021-2022,Sesamum,Kharif,182.34,34.81,0.19,Hectare,Tonnes,Tonne/Hectare,Black (Regur),100.0,,Entisols,Lithic Ustorthents,Loamy,Shallow,Well drained,Neutral,Basalt,9
Maharashtra,Jalna,2021-2022,Sesamum,Rabi,89.15,63.7,0.71,Hectare,Tonnes,Tonne/Hectare,Black (Regur),100.0,,Entisols,Lithic Ustorthents,Loamy,Shallow,Well drained,Neutral,Basalt,9
Maharashtra,Jalna,2021-2022,Sesamum,Summer,22.6,3.39,0.15,Hectare,Tonnes,Tonne/Hectare,Black (Regur),100.0,,Entisols,Lithic Ustorthents,Loamy,Shallow,Well drained,Neutral,Basalt,9
Maharashtra,Jalna,2021-2022,Soyabean,Kharif,180552.44,241326.39,1.34,Hectare,Tonnes,Tonne/Hectare,Black (Regur),100.0,,Entisols,Lithic Ustorthents,Loamy,Shallow,Well drained,Neutral,Basalt,9
Maharashtra,Jalna,2021-2022,Soyabean,Summer,4601.0,4601.0,1.0,Hectare,Tonnes,Tonne/Hectare,Black (Regur),100.0,,Entisols,Lithic Ustorthents,Loamy,Shallow,Well drained,Neutral,Basalt,9
Maharashtra,Jalna,2021-2022,Sugarcane,Whole Year,34434.0,2001481.13,58.13,Hectare,Tonnes,Tonne/Hectare,Black (Regur),100.0,,Entisols,Lithic Ustorthents,Loamy,Shallow,Well drained,Neutral,Basalt,9
Maharashtra,Jalna,2021-2022,Sunflower,Kharif,7.35,2.8,0.38,Hectare,Tonnes,Tonne/Hectare,Black (Regur),100.0,,Entisols,Lithic Ustorthents,Loamy,Shallow,Well drained,Neutral,Basalt,9
Maharashtra,Jalna,2021-2022,Sunflower,Rabi,159.29,128.44,0.81,Hectare,Tonnes,Tonne/Hectare,Black (Regur),100.0,,Entisols,Lithic Ustorthents,Loamy,Shallow,Well drained,Neutral,Basalt,9
Maharashtra,Jalna,2021-2022,Sunflower,Summer,282.0,222.02,0.79,Hectare,Tonnes,Tonne/Hectare,Black (Regur),100.0,,Entisols,Lithic Ustorthents,Loamy,Shallow,Well drained,Neutral,Basalt,9
Maharashtra,Jalna,2021-2022,Urad,Kharif,12640.97,5620.18,0.44,Hectare,Tonnes,Tonne/Hectare,Black (Regur),100.0,,Entisols,Lithic Ustorthents,Loamy,Shallow,Well drained,Neutral,Basalt,9
Maharashtra,Jalna,2021-2022,Wheat,Rabi,24166.43,44840.09,1.86,Hectare,Tonnes,Tonne/Hectare,Black (Regur),100.0,,Entisols,Lithic Ustorthents,Loamy,Shallow,Well drained,Neutral,Basalt,9
Maharashtra,Jalna,2021-2022,other oilseeds,Kharif,100.0,20.0,0.2,Hectare,Tonnes,Tonne/Hectare,Black (Regur),100.0,,Entisols,Lithic Ustorthents,Loamy,Shallow,Well drained,Neutral,Basalt,9
Maharashtra,Jalna,2021-2022,other oilseeds,Rabi,5696.9,2848.45,0.5,Hectare,Tonnes,Tonne/Hectare,Black (Regur),100.0,,Entisols,Lithic Ustorthents,Loamy,Shallow,Well drained,Neutral,Basalt,9
Maharashtra,Jalna,2021-2022,other oilseeds,Summer,5541.5,1108.3,0.2,Hectare,Tonnes,Tonne/Hectare,Black (Regur),100.0,,Entisols,Lithic Ustorthents,Loamy,Shallow,Well drained,Neutral,Basalt,9
Maharashtra,Kolhapur,2021-2022,Arhar/Tur,Kharif,888.16,1284.19,1.45,Hectare,Tonnes,Tonne/Hectare,Red & Yellow,44.4,Mountain / Forest,Entisols,Lithic Ustorthents,Loamy,Shallow,Excessively drained,Others,,9
Maharashtra,Kolhapur,2021-2022,Gram,Rabi,4817.59,4850.01,1.01,Hectare,Tonnes,Tonne/Hectare,Red & Yellow,44.4,Mountain / Forest,Entisols,Lithic Ustorthents,Loamy,Shallow,Excessively drained,Others,,9
Maharashtra,Kolhapur,2021-2022,Groundnut,Kharif,42143.39,71597.41,1.7,Hectare,Tonnes,Tonne/Hectare,Red & Yellow,44.4,Mountain / Forest,Entisols,Lithic Ustorthents,Loamy,Shallow,Excessively drained,Others,,9
Maharashtra,Kolhapur,2021-2022,Groundnut,Summer,1240.41,2212.06,1.78,Hectare,Tonnes,Tonne/Hectare,Red & Yellow,44.4,Mountain / Forest,Entisols,Lithic Ustorthents,Loamy,Shallow,Excessively drained,Others,,9
Maharashtra,Kolhapur,2021-2022,Jowar,Kharif,2362.87,4292.86,1.82,Hectare,Tonnes,Tonne/Hectare,Red & Yellow,44.4,Mountain / Forest,Entisols,Lithic Ustorthents,Loamy,Shallow,Excessively drained,Others,,9
Maharashtra,Kolhapur,2021-2022,Jowar,Rabi,12143.68,20780.02,1.71,Hectare,Tonnes,Tonne/Hectare,Red & Yellow,44.4,Mountain / Forest,Entisols,Lithic Ustorthents,Loamy,Shallow,Excessively drained,Others,,9
Maharashtra,Kolhapur,2021-2022,Maize,Kharif,1044.3,3203.19,3.07,Hectare,Tonnes,Tonne/Hectare,Red & Yellow,44.4,Mountain / Forest,Entisols,Lithic Ustorthents,Loamy,Shallow,Excessively drained,Others,,9
Maharashtra,Kolhapur,2021-2022,Maize,Rabi,2181.4,4341.64,1.99,Hectare,Tonnes,Tonne/Hectare,Red & Yellow,44.4,Mountain / Forest,Entisols,Lithic Ustorthents,Loamy,Shallow,Excessively drained,Others,,9
Maharashtra,Kolhapur,2021-2022,Maize,Summer,1250.83,3127.08,2.5,Hectare,Tonnes,Tonne/Hectare,Red & Yellow,44.4,Mountain / Forest,Entisols,Lithic Ustorthents,Loamy,Shallow,Excessively drained,Others,,9
Maharashtra,Kolhapur,2021-2022,Moong(Green Gram),Kharif,966.84,789.43,0.82,Hectare,Tonnes,Tonne/Hectare,Red & Yellow,44.4,Mountain / Forest,Entisols,Lithic Ustorthents,Loamy,Shallow,Excessively drained,Others,,9
Maharashtra,Kolhapur,2021-2022,Moong(Green Gram),Summer,715.0,339.63,0.48,Hectare,Tonnes,Tonne/Hectare,Red & Yellow,44.4,Mountain / Forest,Entisols,Lithic Ustorthents,Loamy,Shallow,Excessively drained,Others,,9
Maharashtra,Kolhapur,2021-2022,Niger seed,Kharif,409.09,70.0,0.17,Hectare,Tonnes,Tonne/Hectare,Red & Yellow,44.4,Mountain / Forest,Entisols,Lithic Ustorthents,Loamy,Shallow,Excessively drained,Others,,9
Maharashtra,Kolhapur,2021-2022,Other Cereals,Kharif,611.0,274.95,0.45,Hectare,Tonnes,Tonne/Hectare,Red & Yellow,44.4,Mountain / Forest,Entisols,Lithic Ustorthents,Loamy,Shallow,Excessively drained,Others,,9
Maharashtra,Kolhapur,2021-2022,Other Cereals,Rabi,230.0,83.58,0.36,Hectare,Tonnes,Tonne/Hectare,Red & Yellow,44.4,Mountain / Forest,Entisols,Lithic Ustorthents,Loamy,Shallow,Excessively drained,Others,,9
Maharashtra,Kolhapur,2021-2022,Other Cereals,Summer,48.0,52.25,1.09,Hectare,Tonnes,Tonne/Hectare,Red & Yellow,44.4,Mountain / Forest,Entisols,Lithic Ustorthents,Loamy,Shallow,Excessively drained,Others,,9
Maharashtra,Kolhapur,2021-2022,Other Kharif pulses,Kharif,1313.0,695.89,0.53,Hectare,Tonnes,Tonne/Hectare,Red & Yellow,44.4,Mountain / Forest,Entisols,Lithic Ustorthents,Loamy,Shallow,Excessively drained,Others,,9
Maharashtra,Kolhapur,2021-2022,Other Rabi pulses,Rabi,995.0,422.88,0.43,Hectare,Tonnes,Tonne/Hectare,Red & Yellow,44.4,Mountain / Forest,Entisols,Lithic Ustorthents,Loamy,Shallow,Excessively drained,Others,,9
Maharashtra,Kolhapur,2021-2022,Other Summer Pulses,Summer,89.0,42.2,0.47,Hectare,Tonnes,Tonne/Hectare,Red & Yellow,44.4,Mountain / Forest,Entisols,Lithic Ustorthents,Loamy,Shallow,Excessively drained,Others,,9
Maharashtra,Kolhapur,2021-2022,Ragi,Kharif,19128.22,37694.07,1.97,Hectare,Tonnes,Tonne/Hectare,Red & Yellow,44.4,Mountain / Forest,Entisols,Lithic Ustorthents,Loamy,Shallow,Excessively drained,Others,,9
Maharashtra,Kolhapur,2021-2022,Rice,Kharif,95182.0,319462.31,3.36,Hectare,Tonnes,Tonne/Hectare,Red & Yellow,44.4,Mountain / Forest,Entisols,Lithic Ustorthents,Loamy,Shallow,Excessively drained,Others,,9
Maharashtra,Kolhapur,2021-2022,Rice,Summer,423.71,1318.99,3.11,Hectare,Tonnes,Tonne/Hectare,Red & Yellow,44.4,Mountain / Forest,Entisols,Lithic Ustorthents,Loamy,Shallow,Excessively drained,Others,,9
Maharashtra,Kolhapur,2021-2022,Soyabean,Kharif,41711.31,93324.89,2.24,Hectare,Tonnes,Tonne/Hectare,Red & Yellow,44.4,Mountain / Forest,Entisols,Lithic Ustorthents,Loamy,Shallow,Excessively drained,Others,,9
Maharashtra,Kolhapur,2021-2022,Soyabean,Summer,1961.0,3725.9,1.9,Hectare,Tonnes,Tonne/Hectare,Red & Yellow,44.4,Mountain / Forest,Entisols,Lithic Ustorthents,Loamy,Shallow,Excessively drained,Others,,9
Maharashtra,Kolhapur,2021-2022,Sugarcane,Whole Year,178091.0,17146726.25,96.28,Hectare,Tonnes,Tonne/Hectare,Red & Yellow,44.4,Mountain / Forest,Entisols,Lithic Ustorthents,Loamy,Shallow,Excessively drained,Others,,9
Maharashtra,Kolhapur,2021-2022,Sunflower,Rabi,15.0,19.78,1.32,Hectare,Tonnes,Tonne/Hectare,Red & Yellow,44.4,Mountain / Forest,Entisols,Lithic Ustorthents,Loamy,Shallow,Excessively drained,Others,,9
Maharashtra,Kolhapur,2021-2022,Sunflower,Summer,181.69,241.08,1.33,Hectare,Tonnes,Tonne/Hectare,Red & Yellow,44.4,Mountain / Forest,Entisols,Lithic Ustorthents,Loamy,Shallow,Excessively drained,Others,,9
Maharashtra,Kolhapur,2021-2022,Tobacco,Whole Year,527.0,792.87,1.5,Hectare,Tonnes,Tonne/Hectare,Red & Yellow,44.4,Mountain / Forest,Entisols,Lithic Ustorthents,Loamy,Shallow,Excessively drained,Others,,9
Maharashtra,Kolhapur,2021-2022,Urad,Kharif,955.72,365.85,0.38,Hectare,Tonnes,Tonne/Hectare,Red & Yellow,44.4,Mountain / Forest,Entisols,Lithic Ustorthents,Loamy,Shallow,Excessively drained,Others,,9
Maharashtra,Kolhapur,2021-2022,Wheat,Rabi,1531.41,4000.0,2.61,Hectare,Tonnes,Tonne/Hectare,Red & Yellow,44.4,Mountain / Forest,Entisols,Lithic Ustorthents,Loamy,Shallow,Excessively drained,Others,,9
Maharashtra,Kolhapur,2021-2022,other oilseeds,Kharif,8.0,2.0,0.25,Hectare,Tonnes,Tonne/Hectare,Red & Yellow,44.4,Mountain / Forest,Entisols,Lithic Ustorthents,Loamy,Shallow,Excessively drained,Others,,9
Maharashtra,Kolhapur,2021-2022,other oilseeds,Rabi,21.0,3.68,0.18,Hectare,Tonnes,Tonne/Hectare,Red & Yellow,44.4,Mountain / Forest,Entisols,Lithic Ustorthents,Loamy,Shallow,Excessively drained,Others,,9
Maharashtra,Latur,2021-2022,Arhar/Tur,Kharif,115458.26,73916.38,0.64,Hectare,Tonnes,Tonne/Hectare,Black (Regur),55.6,Alluvial,Entisols,Lithic Ustorthents,Clayey,Shallow,Well drained,Slightly alkaline,Basalt,9
Maharashtra,Latur,2021-2022,Bajra,Kharif,918.36,115.08,0.13,Hectare,Tonnes,Tonne/Hectare,Black (Regur),55.6,Alluvial,Entisols,Lithic Ustorthents,Clayey,Shallow,Well drained,Slightly alkaline,Basalt,9
Maharashtra,Latur,2021-2022,Cotton(lint),Kharif,7900.0,12600.0,1.59,Hectare,Bales,Bales/Hectare,Black (Regur),55.6,Alluvial,Entisols,Lithic Ustorthents,Clayey,Shallow,Well drained,Slightly alkaline,Basalt,9
Maharashtra,Latur,2021-2022,Gram,Rabi,233114.31,235270.62,1.01,Hectare,Tonnes,Tonne/Hectare,Black (Regur),55.6,Alluvial,Entisols,Lithic Ustorthents,Clayey,Shallow,Well drained,Slightly alkaline,Basalt,9
Maharashtra,Latur,2021-2022,Groundnut,Kharif,1214.8,271.75,0.22,Hectare,Tonnes,Tonne/Hectare,Black (Regur),55.6,Alluvial,Entisols,Lithic Ustorthents,Clayey,Shallow,Well drained,Slightly alkaline,Basalt,9
Maharashtra,Latur,2021-2022,Groundnut,Summer,2105.95,2618.71,1.24,Hectare,Tonnes,Tonne/Hectare,Black (Regur),55.6,Alluvial,Entisols,Lithic Ustorthents,Clayey,Shallow,Well drained,Slightly alkaline,Basalt,9
Maharashtra,Latur,2021-2022,Jowar,Kharif,57358.52,32952.47,0.57,Hectare,Tonnes,Tonne/Hectare,Black (Regur),55.6,Alluvial,Entisols,Lithic Ustorthents,Clayey,Shallow,Well drained,Slightly alkaline,Basalt,9
Maharashtra,Latur,2021-2022,Jowar,Rabi,40790.24,49780.0,1.22,Hectare,Tonnes,Tonne/Hectare,Black (Regur),55.6,Alluvial,Entisols,Lithic Ustorthents,Clayey,Shallow,Well drained,Slightly alkaline,Basalt,9
Maharashtra,Latur,2021-2022,Linseed,Rabi,325.16,222.08,0.68,Hectare,Tonnes,Tonne/Hectare,Black (Regur),55.6,Alluvial,Entisols,Lithic Ustorthents,Clayey,Shallow,Well drained,Slightly alkaline,Basalt,9
Maharashtra,Latur,2021-2022,Maize,Kharif,6086.26,5215.93,0.86,Hectare,Tonnes,Tonne/Hectare,Black (Regur),55.6,Alluvial,Entisols,Lithic Ustorthents,Clayey,Shallow,Well drained,Slightly alkaline,Basalt,9
Maharashtra,Latur,2021-2022,Maize,Rabi,5222.47,11366.71,2.18,Hectare,Tonnes,Tonne/Hectare,Black (Regur),55.6,Alluvial,Entisols,Lithic Ustorthents,Clayey,Shallow,Well drained,Slightly alkaline,Basalt,9
Maharashtra,Latur,2021-2022,Maize,Summer,327.0,257.1,0.79,Hectare,Tonnes,Tonne/Hectare,Black (Regur),55.6,Alluvial,Entisols,Lithic Ustorthents,Clayey,Shallow,Well drained,Slightly alkaline,Basalt,9
Maharashtra,Latur,2021-2022,Moong(Green Gram),Kharif,12086.59,8268.44,0.68,Hectare,Tonnes,Tonne/Hectare,Black (Regur),55.6,Alluvial,Entisols,Lithic Ustorthents,Clayey,Shallow,Well drained,Slightly alkaline,Basalt,9
Maharashtra,Latur,2021-2022,Niger seed,Kharif,567.46,67.19,0.12,Hectare,Tonnes,Tonne/Hectare,Black (Regur),55.6,Alluvial,Entisols,Lithic Ustorthents,Clayey,Shallow,Well drained,Slightly alkaline,Basalt,9
Maharashtra,Latur,2021-2022,Other Cereals,Kharif,136.0,31.69,0.23,Hectare,Tonnes,Tonne/Hectare,Black (Regur),55.6,Alluvial,Entisols,Lithic Ustorthents,Clayey,Shallow,Well drained,Slightly alkaline,Basalt,9
Maharashtra,Latur,2021-2022,Other Cereals,Rabi,86.0,15.11,0.18,Hectare,Tonnes,Tonne/Hectare,Black (Regur),55.6,Alluvial,Entisols,Lithic Ustorthents,Clayey,Shallow,Well drained,Slightly alkaline,Basalt,9
Maharashtra,Latur,2021-2022,Other Kharif pulses,Kharif,19.0,5.15,0.27,Hectare,Tonnes,Tonne/Hectare,Black (Regur),55.6,Alluvial,Entisols,Lithic Ustorthents,Clayey,Shallow,Well drained,Slightly alkaline,Basalt,9
Maharashtra,Latur,2021-2022,Other Rabi pulses,Rabi,31.0,6.77,0.22,Hectare,Tonnes,Tonne/Hectare,Black (Regur),55.6,Alluvial,Entisols,Lithic Ustorthents,Clayey,Shallow,Well drained,Slightly alkaline,Basalt,9
Maharashtra,Latur,2021-2022,Rice,Kharif,611.36,209.99,0.34,Hectare,Tonnes,Tonne/Hectare,Black (Regur),55.6,Alluvial,Entisols,Lithic Ustorthents,Clayey,Shallow,Well drained,Slightly alkaline,Basalt,9
Maharashtra,Latur,2021-2022,Safflower,Rabi,7749.16,4496.84,0.58,Hectare,Tonnes,Tonne/Hectare,Black (Regur),55.6,Alluvial,Entisols,Lithic Ustorthents,Clayey,Shallow,Well drained,Slightly alkaline,Basalt,9
Maharashtra,Latur,2021-2022,Sesamum,Kharif,2308.18,434.17,0.19,Hectare,Tonnes,Tonne/Hectare,Black (Regur),55.6,Alluvial,Entisols,Lithic Ustorthents,Clayey,Shallow,Well drained,Slightly alkaline,Basalt,9
Maharashtra,Latur,2021-2022,Sesamum,Rabi,24.0,17.15,0.71,Hectare,Tonnes,Tonne/Hectare,Black (Regur),55.6,Alluvial,Entisols,Lithic Ustorthents,Clayey,Shallow,Well drained,Slightly alkaline,Basalt,9
Maharashtra,Latur,2021-2022,Soyabean,Kharif,475381.11,583720.46,1.23,Hectare,Tonnes,Tonne/Hectare,Black (Regur),55.6,Alluvial,Entisols,Lithic Ustorthents,Clayey,Shallow,Well drained,Slightly alkaline,Basalt,9
Maharashtra,Latur,2021-2022,Soyabean,Summer,2349.7,1221.8,0.52,Hectare,Tonnes,Tonne/Hectare,Black (Regur),55.6,Alluvial,Entisols,Lithic Ustorthents,Clayey,Shallow,Well drained,Slightly alkaline,Basalt,9
Maharashtra,Latur,2021-2022,Sugarcane,Whole Year,71218.0,6304898.62,88.53,Hectare,Tonnes,Tonne/Hectare,Black (Regur),55.6,Alluvial,Entisols,Lithic Ustorthents,Clayey,Shallow,Well drained,Slightly alkaline,Basalt,9
Maharashtra,Latur,2021-2022,Sunflower,Kharif,305.68,116.37,0.38,Hectare,Tonnes,Tonne/Hectare,Black (Regur),55.6,Alluvial,Entisols,Lithic Ustorthents,Clayey,Shallow,Well drained,Slightly alkaline,Basalt,9
Maharashtra,Latur,2021-2022,Sunflower,Rabi,407.02,304.25,0.75,Hectare,Tonnes,Tonne/Hectare,Black (Regur),55.6,Alluvial,Entisols,Lithic Ustorthents,Clayey,Shallow,Well drained,Slightly alkaline,Basalt,9
Maharashtra,Latur,2021-2022,Sunflower,Summer,19.33,15.22,0.79,Hectare,Tonnes,Tonne/Hectare,Black (Regur),55.6,Alluvial,Entisols,Lithic Ustorthents,Clayey,Shallow,Well drained,Slightly alkaline,Basalt,9
Maharashtra,Latur,2021-2022,Urad,Kharif,6702.98,4564.73,0.68,Hectare,Tonnes,Tonne/Hectare,Black (Regur),55.6,Alluvial,Entisols,Lithic Ustorthents,Clayey,Shallow,Well drained,Slightly alkaline,Basalt,9
Maharashtra,Latur,2021-2022,Wheat,Rabi,14749.25,17939.96,1.22,Hectare,Tonnes,Tonne/Hectare,Black (Regur),55.6,Alluvial,Entisols,Lithic Ustorthents,Clayey,Shallow,Well drained,Slightly alkaline,Basalt,9
Maharashtra,Latur,2021-2022,other oilseeds,Kharif,55.0,11.0,0.2,Hectare,Tonnes,Tonne/Hectare,Black (Regur),55.6,Alluvial,Entisols,Lithic Ustorthents,Clayey,Shallow,Well drained,Slightly alkaline,Basalt,9
Maharashtra,Latur,2021-2022,other oilseeds,Rabi,965.0,179.48,0.19,Hectare,Tonnes,Tonne/Hectare,Black (Regur),55.6,Alluvial,Entisols,Lithic Ustorthents,Clayey,Shallow,Well drained,Slightly alkaline,Basalt,9
Maharashtra,Latur,2021-2022,other oilseeds,Summer,165.2,33.04,0.2,Hectare,Tonnes,Tonne/Hectare,Black (Regur),55.6,Alluvial,Entisols,Lithic Ustorthents,Clayey,Shallow,Well drained,Slightly alkaline,Basalt,9
Maharashtra,Nagpur,2021-2022,Arhar/Tur,Kharif,78135.08,98426.76,1.26,Hectare,Tonnes,Tonne/Hectare,Black (Regur),100.0,,Vertisols,Chromic Haplusterts,Clayey,Very deep,Moderately well drained,Neutral,Alluvium,9
Maharashtra,Nagpur,2021-2022,Cotton(lint),Kharif,158900.0,451800.0,2.84,Hectare,Bales,Bales/Hectare,Black (Regur),100.0,,Vertisols,Chromic Haplusterts,Clayey,Very deep,Moderately well drained,Neutral,Alluvium,9
Maharashtra,Nagpur,2021-2022,Gram,Rabi,67699.91,119549.92,1.77,Hectare,Tonnes,Tonne/Hectare,Black (Regur),100.0,,Vertisols,Chromic Haplusterts,Clayey,Very deep,Moderately well drained,Neutral,Alluvium,9
Maharashtra,Nagpur,2021-2022,Groundnut,Kharif,1105.2,1140.12,1.03,Hectare,Tonnes,Tonne/Hectare,Black (Regur),100.0,,Vertisols,Chromic Haplusterts,Clayey,Very deep,Moderately well drained,Neutral,Alluvium,9
Maharashtra,Nagpur,2021-2022,Groundnut,Summer,886.73,1428.93,1.61,Hectare,Tonnes,Tonne/Hectare,Black (Regur),100.0,,Vertisols,Chromic Haplusterts,Clayey,Very deep,Moderately well drained,Neutral,Alluvium,9
Maharashtra,Nagpur,2021-2022,Jowar,Kharif,1719.97,1280.86,0.74,Hectare,Tonnes,Tonne/Hectare,Black (Regur),100.0,,Vertisols,Chromic Haplusterts,Clayey,Very deep,Moderately well drained,Neutral,Alluvium,9
Maharashtra,Nagpur,2021-2022,Jowar,Rabi,35.98,31.28,0.87,Hectare,Tonnes,Tonne/Hectare,Black (Regur),100.0,,Vertisols,Chromic Haplusterts,Clayey,Very deep,Moderately well drained,Neutral,Alluvium,9
Maharashtra,Nagpur,2021-2022,Linseed,Rabi,8.84,4.42,0.5,Hectare,Tonnes,Tonne/Hectare,Black (Regur),100.0,,Vertisols,Chromic Haplusterts,Clayey,Very deep,Moderately well drained,Neutral,Alluvium,9
Maharashtra,Nagpur,2021-2022,Maize,Kharif,421.32,1243.52,2.95,Hectare,Tonnes,Tonne/Hectare,Black (Regur),100.0,,Vertisols,Chromic Haplusterts,Clayey,Very deep,Moderately well drained,Neutral,Alluvium,9
Maharashtra,Nagpur,2021-2022,Maize,Rabi,228.74,497.85,2.18,Hectare,Tonnes,Tonne/Hectare,Black (Regur),100.0,,Vertisols,Chromic Haplusterts,Clayey,Very deep,Moderately well drained,Neutral,Alluvium,9
Maharashtra,Nagpur,2021-2022,Maize,Summer,152.0,130.69,0.86,Hectare,Tonnes,Tonne/Hectare,Black (Regur),100.0,,Vertisols,Chromic Haplusterts,Clayey,Very deep,Moderately well drained,Neutral,Alluvium,9
Maharashtra,Nagpur,2021-2022,Moong(Green Gram),Kharif,1370.5,677.44,0.49,Hectare,Tonnes,Tonne/Hectare,Black (Regur),100.0,,Vertisols,Chromic Haplusterts,Clayey,Very deep,Moderately well drained,Neutral,Alluvium,9
Maharashtra,Nagpur,2021-2022,Moong(Green Gram),Summer,197.5,36.38,0.18,Hectare,Tonnes,Tonne/Hectare,Black (Regur),100.0,,Vertisols,Chromic Haplusterts,Clayey,Very deep,Moderately well drained,Neutral,Alluvium,9
Maharashtra,Nagpur,2021-2022,Other Cereals,Kharif,255.9,80.86,0.32,Hectare,Tonnes,Tonne/Hectare,Black (Regur),100.0,,Vertisols,Chromic Haplusterts,Clayey,Very deep,Moderately well drained,Neutral,Alluvium,9
Maharashtra,Nagpur,2021-2022,Other Cereals,Rabi,176.0,36.09,0.21,Hectare,Tonnes,Tonne/Hectare,Black (Regur),100.0,,Vertisols,Chromic Haplusterts,Clayey,Very deep,Moderately well drained,Neutral,Alluvium,9
Maharashtra,Nagpur,2021-2022,Other Kharif pulses,Kharif,113.5,40.29,0.36,Hectare,Tonnes,Tonne/Hectare,Black (Regur),100.0,,Vertisols,Chromic Haplusterts,Clayey,Very deep,Moderately well drained,Neutral,Alluvium,9
Maharashtra,Nagpur,2021-2022,Other Rabi pulses,Rabi,390.9,161.65,0.41,Hectare,Tonnes,Tonne/Hectare,Black (Regur),100.0,,Vertisols,Chromic Haplusterts,Clayey,Very deep,Moderately well drained,Neutral,Alluvium,9
Maharashtra,Nagpur,2021-2022,Rice,Kharif,98433.3,221412.3,2.25,Hectare,Tonnes,Tonne/Hectare,Black (Regur),100.0,,Vertisols,Chromic Haplusterts,Clayey,Very deep,Moderately well drained,Neutral,Alluvium,9
Maharashtra,Nagpur,2021-2022,Rice,Summer,69.55,206.59,2.97,Hectare,Tonnes,Tonne/Hectare,Black (Regur),100.0,,Vertisols,Chromic Haplusterts,Clayey,Very deep,Moderately well drained,Neutral,Alluvium,9
Maharashtra,Nagpur,2021-2022,Safflower,Rabi,123.4,101.41,0.82,Hectare,Tonnes,Tonne/Hectare,Black (Regur),100.0,,Vertisols,Chromic Haplusterts,Clayey,Very deep,Moderately well drained,Neutral,Alluvium,9
Maharashtra,Nagpur,2021-2022,Sesamum,Kharif,26.0,3.55,0.14,Hectare,Tonnes,Tonne/Hectare,Black (Regur),100.0,,Vertisols,Chromic Haplusterts,Clayey,Very deep,Moderately well drained,Neutral,Alluvium,9
Maharashtra,Nagpur,2021-2022,Soyabean,Kharif,145228.46,110881.93,0.76,Hectare,Tonnes,Tonne/Hectare,Black (Regur),100.0,,Vertisols,Chromic Haplusterts,Clayey,Very deep,Moderately well drained,Neutral,Alluvium,9
Maharashtra,Nagpur,2021-2022,Soyabean,Summer,703.1,421.86,0.6,Hectare,Tonnes,Tonne/Hectare,Black (Regur),100.0,,Vertisols,Chromic Haplusterts,Clayey,Very deep,Moderately well drained,Neutral,Alluvium,9
Maharashtra,Nagpur,2021-2022,Sugarcane,Whole Year,3526.0,348897.65,98.95,Hectare,Tonnes,Tonne/Hectare,Black (Regur),100.0,,Vertisols,Chromic Haplusterts,Clayey,Very deep,Moderately well drained,Neutral,Alluvium,9
Maharashtra,Nagpur,2021-2022,Urad,Kharif,1071.43,424.61,0.4,Hectare,Tonnes,Tonne/Hectare,Black (Regur),100.0,,Vertisols,Chromic Haplusterts,Clayey,Very deep,Moderately well drained,Neutral,Alluvium,9
Maharashtra,Nagpur,2021-2022,Wheat,Rabi,116990.8,290409.77,2.48,Hectare,Tonnes,Tonne/Hectare,Black (Regur),100.0,,Vertisols,Chromic Haplusterts,Clayey,Very deep,Moderately well drained,Neutral,Alluvium,9
Maharashtra,Nagpur,2021-2022,other oilseeds,Kharif,57.0,27.0,0.47,Hectare,Tonnes,Tonne/Hectare,Black (Regur),100.0,,Vertisols,Chromic Haplusterts,Clayey,Very deep,Moderately well drained,Neutral,Alluvium,9
Maharashtra,Nagpur,2021-2022,other oilseeds,Rabi,1102.6,335.69,0.3,Hectare,Tonnes,Tonne/Hectare,Black (Regur),100.0,,Vertisols,Chromic Haplusterts,Clayey,Very deep,Moderately well drained,Neutral,Alluvium,9
Maharashtra,Nanded,2021-2022,Arhar/Tur,Kharif,90900.79,59667.28,0.66,Hectare,Tonnes,Tonne/Hectare,Black (Regur),88.9,Other,Vertisols,Chromic Haplusterts,Clayey,Very deep,Moderately well drained,Slightly alkaline,Alluvium,9
Maharashtra,Nanded,2021-2022,Bajra,Kharif,93.9,33.99,0.36,Hectare,Tonnes,Tonne/Hectare,Black (Regur),88.9,Other,Vertisols,Chromic Haplusterts,Clayey,Very deep,Moderately well drained,Slightly alkaline,Alluvium,9
Maharashtra,Nanded,2021-2022,Cotton(lint),Kharif,234600.0,307300.0,1.31,Hectare,Bales,Bales/Hectare,Black (Regur),88.9,Other,Vertisols,Chromic Haplusterts,Clayey,Very deep,Moderately well drained,Slightly alkaline,Alluvium,9
Maharashtra,Nanded,2021-2022,Gram,Rabi,158843.64,145940.77,0.92,Hectare,Tonnes,Tonne/Hectare,Black (Regur),88.9,Other,Vertisols,Chromic Haplusterts,Clayey,Very deep,Moderately well drained,Slightly alkaline,Alluvium,9
Maharashtra,Nanded,2021-2022,Groundnut,Kharif,101.94,74.99,0.74,Hectare,Tonnes,Tonne/Hectare,Black (Regur),88.9,Other,Vertisols,Chromic Haplusterts,Clayey,Very deep,Moderately well drained,Slightly alkaline,Alluvium,9
Maharashtra,Nanded,2021-2022,Groundnut,Summer,9518.77,11294.97,1.19,Hectare,Tonnes,Tonne/Hectare,Black (Regur),88.9,Other,Vertisols,Chromic Haplusterts,Clayey,Very deep,Moderately well drained,Slightly alkaline,Alluvium,9
Maharashtra,Nanded,2021-2022,Jowar,Kharif,32444.49,14700.6,0.45,Hectare,Tonnes,Tonne/Hectare,Black (Regur),88.9,Other,Vertisols,Chromic Haplusterts,Clayey,Very deep,Moderately well drained,Slightly alkaline,Alluvium,9
Maharashtra,Nanded,2021-2022,Jowar,Rabi,28148.69,26909.87,0.96,Hectare,Tonnes,Tonne/Hectare,Black (Regur),88.9,Other,Vertisols,Chromic Haplusterts,Clayey,Very deep,Moderately well drained,Slightly alkaline,Alluvium,9
Maharashtra,Nanded,2021-2022,Jowar,Summer,6391.0,5313.61,0.83,Hectare,Tonnes,Tonne/Hectare,Black (Regur),88.9,Other,Vertisols,Chromic Haplusterts,Clayey,Very deep,Moderately well drained,Slightly alkaline,Alluvium,9
Maharashtra,Nanded,2021-2022,Maize,Kharif,697.0,597.33,0.86,Hectare,Tonnes,Tonne/Hectare,Black (Regur),88.9,Other,Vertisols,Chromic Haplusterts,Clayey,Very deep,Moderately well drained,Slightly alkaline,Alluvium,9
Maharashtra,Nanded,2021-2022,Maize,Rabi,3812.81,17914.49,4.7,Hectare,Tonnes,Tonne/Hectare,Black (Regur),88.9,Other,Vertisols,Chromic Haplusterts,Clayey,Very deep,Moderately well drained,Slightly alkaline,Alluvium,9
Maharashtra,Nanded,2021-2022,Maize,Summer,3741.29,4332.41,1.16,Hectare,Tonnes,Tonne/Hectare,Black (Regur),88.9,Other,Vertisols,Chromic Haplusterts,Clayey,Very deep,Moderately well drained,Slightly alkaline,Alluvium,9
Maharashtra,Nanded,2021-2022,Moong(Green Gram),Kharif,31024.7,16027.36,0.52,Hectare,Tonnes,Tonne/Hectare,Black (Regur),88.9,Other,Vertisols,Chromic Haplusterts,Clayey,Very deep,Moderately well drained,Slightly alkaline,Alluvium,9
Maharashtra,Nanded,2021-2022,Niger seed,Kharif,447.0,52.93,0.12,Hectare,Tonnes,Tonne/Hectare,Black (Regur),88.9,Other,Vertisols,Chromic Haplusterts,Clayey,Very deep,Moderately well drained,Slightly alkaline,Alluvium,9
Maharashtra,Nanded,2021-2022,Other Cereals,Kharif,434.0,120.65,0.28,Hectare,Tonnes,Tonne/Hectare,Black (Regur),88.9,Other,Vertisols,Chromic Haplusterts,Clayey,Very deep,Moderately well drained,Slightly alkaline,Alluvium,9
Maharashtra,Nanded,2021-2022,Other Cereals,Rabi,383.0,95.49,0.25,Hectare,Tonnes,Tonne/Hectare,Black (Regur),88.9,Other,Vertisols,Chromic Haplusterts,Clayey,Very deep,Moderately well drained,Slightly alkaline,Alluvium,9
Maharashtra,Nanded,2021-2022,Other Kharif pulses,Kharif,7.0,2.02,0.29,Hectare,Tonnes,Tonne/Hectare,Black (Regur),88.9,Other,Vertisols,Chromic Haplusterts,Clayey,Very deep,Moderately well drained,Slightly alkaline,Alluvium,9
Maharashtra,Nanded,2021-2022,Other Rabi pulses,Rabi,2.0,0.46,0.23,Hectare,Tonnes,Tonne/Hectare,Black (Regur),88.9,Other,Vertisols,Chromic Haplusterts,Clayey,Very deep,Moderately well drained,Slightly alkaline,Alluvium,9
Maharashtra,Nanded,2021-2022,Rice,Kharif,595.93,1342.47,2.25,Hectare,Tonnes,Tonne/Hectare,Black (Regur),88.9,Other,Vertisols,Chromic Haplusterts,Clayey,Very deep,Moderately well drained,Slightly alkaline,Alluvium,9
Maharashtra,Nanded,2021-2022,Rice,Summer,319.54,994.72,3.11,Hectare,Tonnes,Tonne/Hectare,Black (Regur),88.9,Other,Vertisols,Chromic Haplusterts,Clayey,Very deep,Moderately well drained,Slightly alkaline,Alluvium,9
Maharashtra,Nanded,2021-2022,Safflower,Rabi,1322.4,797.94,0.6,Hectare,Tonnes,Tonne/Hectare,Black (Regur),88.9,Other,Vertisols,Chromic Haplusterts,Clayey,Very deep,Moderately well drained,Slightly alkaline,Alluvium,9
Maharashtra,Nanded,2021-2022,Sesamum,Kharif,215.41,23.16,0.11,Hectare,Tonnes,Tonne/Hectare,Black (Regur),88.9,Other,Vertisols,Chromic Haplusterts,Clayey,Very deep,Moderately well drained,Slightly alkaline,Alluvium,9
Maharashtra,Nanded,2021-2022,Sesamum,Rabi,44.0,31.44,0.71,Hectare,Tonnes,Tonne/Hectare,Black (Regur),88.9,Other,Vertisols,Chromic Haplusterts,Clayey,Very deep,Moderately well drained,Slightly alkaline,Alluvium,9
Maharashtra,Nanded,2021-2022,Sesamum,Summer,3304.0,647.58,0.2,Hectare,Tonnes,Tonne/Hectare,Black (Regur),88.9,Other,Vertisols,Chromic Haplusterts,Clayey,Very deep,Moderately well drained,Slightly alkaline,Alluvium,9
Maharashtra,Nanded,2021-2022,Soyabean,Kharif,416826.63,337796.3,0.81,Hectare,Tonnes,Tonne/Hectare,Black (Regur),88.9,Other,Vertisols,Chromic Haplusterts,Clayey,Very deep,Moderately well drained,Slightly alkaline,Alluvium,9
Maharashtra,Nanded,2021-2022,Soyabean,Summer,7908.0,4112.0,0.52,Hectare,Tonnes,Tonne/Hectare,Black (Regur),88.9,Other,Vertisols,Chromic Haplusterts,Clayey,Very deep,Moderately well drained,Slightly alkaline,Alluvium,9
Maharashtra,Nanded,2021-2022,Sugarcane,Whole Year,38052.0,3221788.46,84.67,Hectare,Tonnes,Tonne/Hectare,Black (Regur),88.9,Other,Vertisols,Chromic Haplusterts,Clayey,Very deep,Moderately well drained,Slightly alkaline,Alluvium,9
Maharashtra,Nanded,2021-2022,Sunflower,Kharif,72.5,27.6,0.38,Hectare,Tonnes,Tonne/Hectare,Black (Regur),88.9,Other,Vertisols,Chromic Haplusterts,Clayey,Very deep,Moderately well drained,Slightly alkaline,Alluvium,9
Maharashtra,Nanded,2021-2022,Sunflower,Rabi,197.57,147.68,0.75,Hectare,Tonnes,Tonne/Hectare,Black (Regur),88.9,Other,Vertisols,Chromic Haplusterts,Clayey,Very deep,Moderately well drained,Slightly alkaline,Alluvium,9
Maharashtra,Nanded,2021-2022,Sunflower,Summer,4.0,3.15,0.79,Hectare,Tonnes,Tonne/Hectare,Black (Regur),88.9,Other,Vertisols,Chromic Haplusterts,Clayey,Very deep,Moderately well drained,Slightly alkaline,Alluvium,9
Maharashtra,Nanded,2021-2022,Urad,Kharif,23595.07,10438.46,0.44,Hectare,Tonnes,Tonne/Hectare,Black (Regur),88.9,Other,Vertisols,Chromic Haplusterts,Clayey,Very deep,Moderately well drained,Slightly alkaline,Alluvium,9
Maharashtra,Nanded,2021-2022,Wheat,Rabi,24431.54,33759.99,1.38,Hectare,Tonnes,Tonne/Hectare,Black (Regur),88.9,Other,Vertisols,Chromic Haplusterts,Clayey,Very deep,Moderately well drained,Slightly alkaline,Alluvium,9
Maharashtra,Nanded,2021-2022,other oilseeds,Kharif,80.0,18.0,0.23,Hectare,Tonnes,Tonne/Hectare,Black (Regur),88.9,Other,Vertisols,Chromic Haplusterts,Clayey,Very deep,Moderately well drained,Slightly alkaline,Alluvium,9
Maharashtra,Nanded,2021-2022,other oilseeds,Rabi,541.0,115.81,0.21,Hectare,Tonnes,Tonne/Hectare,Black (Regur),88.9,Other,Vertisols,Chromic Haplusterts,Clayey,Very deep,Moderately well drained,Slightly alkaline,Alluvium,9
Maharashtra,Nandurbar,2021-2022,Arhar/Tur,Kharif,22471.21,7819.98,0.35,Hectare,Tonnes,Tonne/Hectare,Black (Regur),100.0,,Entisols,Lithic Ustorthents,Clayey,Shallow,Well drained,Slightly alkaline,Alluvium,8
Maharashtra,Nandurbar,2021-2022,Bajra,Kharif,6857.85,4522.6,0.66,Hectare,Tonnes,Tonne/Hectare,Black (Regur),100.0,,Entisols,Lithic Ustorthents,Clayey,Shallow,Well drained,Slightly alkaline,Alluvium,8
Maharashtra,Nandurbar,2021-2022,Bajra,Summer,615.4,560.01,0.91,Hectare,Tonnes,Tonne/Hectare,Black (Regur),100.0,,Entisols,Lithic Ustorthents,Clayey,Shallow,Well drained,Slightly alkaline,Alluvium,8
Maharashtra,Nandurbar,2021-2022,Cotton(lint),Kharif,125900.0,172600.0,1.37,Hectare,Bales,Bales/Hectare,Black (Regur),100.0,,Entisols,Lithic Ustorthents,Clayey,Shallow,Well drained,Slightly alkaline,Alluvium,8
Maharashtra,Nandurbar,2021-2022,Gram,Rabi,31046.67,38319.97,1.23,Hectare,Tonnes,Tonne/Hectare,Black (Regur),100.0,,Entisols,Lithic Ustorthents,Clayey,Shallow,Well drained,Slightly alkaline,Alluvium,8
Maharashtra,Nandurbar,2021-2022,Groundnut,Kharif,1808.01,1182.26,0.65,Hectare,Tonnes,Tonne/Hectare,Black (Regur),100.0,,Entisols,Lithic Ustorthents,Clayey,Shallow,Well drained,Slightly alkaline,Alluvium,8
Maharashtra,Nandurbar,2021-2022,Groundnut,Summer,6351.12,8136.69,1.28,Hectare,Tonnes,Tonne/Hectare,Black (Regur),100.0,,Entisols,Lithic Ustorthents,Clayey,Shallow,Well drained,Slightly alkaline,Alluvium,8
Maharashtra,Nandurbar,2021-2022,Jowar,Kharif,26829.36,35929.87,1.34,Hectare,Tonnes,Tonne/Hectare,Black (Regur),100.0,,Entisols,Lithic Ustorthents,Clayey,Shallow,Well drained,Slightly alkaline,Alluvium,8
Maharashtra,Nandurbar,2021-2022,Jowar,Rabi,8942.35,10840.01,1.21,Hectare,Tonnes,Tonne/Hectare,Black (Regur),100.0,,Entisols,Lithic Ustorthents,Clayey,Shallow,Well drained,Slightly alkaline,Alluvium,8
Maharashtra,Nandurbar,2021-2022,Jowar,Summer,55.0,45.73,0.83,Hectare,Tonnes,Tonne/Hectare,Black (Regur),100.0,,Entisols,Lithic Ustorthents,Clayey,Shallow,Well drained,Slightly alkaline,Alluvium,8
Maharashtra,Nandurbar,2021-2022,Maize,Kharif,48633.76,85177.16,1.75,Hectare,Tonnes,Tonne/Hectare,Black (Regur),100.0,,Entisols,Lithic Ustorthents,Clayey,Shallow,Well drained,Slightly alkaline,Alluvium,8
Maharashtra,Nandurbar,2021-2022,Maize,Rabi,6132.46,29234.66,4.77,Hectare,Tonnes,Tonne/Hectare,Black (Regur),100.0,,Entisols,Lithic Ustorthents,Clayey,Shallow,Well drained,Slightly alkaline,Alluvium,8
Maharashtra,Nandurbar,2021-2022,Maize,Summer,2609.83,4560.42,1.75,Hectare,Tonnes,Tonne/Hectare,Black (Regur),100.0,,Entisols,Lithic Ustorthents,Clayey,Shallow,Well drained,Slightly alkaline,Alluvium,8
Maharashtra,Nandurbar,2021-2022,Moong(Green Gram),Kharif,4165.93,904.42,0.22,Hectare,Tonnes,Tonne/Hectare,Black (Regur),100.0,,Entisols,Lithic Ustorthents,Clayey,Shallow,Well drained,Slightly alkaline,Alluvium,8
Maharashtra,Nandurbar,2021-2022,Moong(Green Gram),Summer,2826.6,520.63,0.18,Hectare,Tonnes,Tonne/Hectare,Black (Regur),100.0,,Entisols,Lithic Ustorthents,Clayey,Shallow,Well drained,Slightly alkaline,Alluvium,8
Maharashtra,Nandurbar,2021-2022,Other Cereals,Kharif,5964.0,2087.4,0.35,Hectare,Tonnes,Tonne/Hectare,Black (Regur),100.0,,Entisols,Lithic Ustorthents,Clayey,Shallow,Well drained,Slightly alkaline,Alluvium,8
Maharashtra,Nandurbar,2021-2022,Other Cereals,Rabi,741.8,322.48,0.43,Hectare,Tonnes,Tonne/Hectare,Black (Regur),100.0,,Entisols,Lithic Ustorthents,Clayey,Shallow,Well drained,Slightly alkaline,Alluvium,8
Maharashtra,Nandurbar,2021-2022,Other Cereals,Summer,114.0,104.79,0.92,Hectare,Tonnes,Tonne/Hectare,Black (Regur),100.0,,Entisols,Lithic Ustorthents,Clayey,Shallow,Well drained,Slightly alkaline,Alluvium,8
Maharashtra,Nandurbar,2021-2022,Other Kharif pulses,Kharif,525.18,120.79,0.23,Hectare,Tonnes,Tonne/Hectare,Black (Regur),100.0,,Entisols,Lithic Ustorthents,Clayey,Shallow,Well drained,Slightly alkaline,Alluvium,8
Maharashtra,Nandurbar,2021-2022,Other Rabi pulses,Rabi,668.55,252.03,0.38,Hectare,Tonnes,Tonne/Hectare,Black (Regur),100.0,,Entisols,Lithic Ustorthents,Clayey,Shallow,Well drained,Slightly alkaline,Alluvium,8
Maharashtra,Nandurbar,2021-2022,Other Summer Pulses,Summer,25.5,10.49,0.41,Hectare,Tonnes,Tonne/Hectare,Black (Regur),100.0,,Entisols,Lithic Ustorthents,Clayey,Shallow,Well drained,Slightly alkaline,Alluvium,8
Maharashtra,Nandurbar,2021-2022,Ragi,Kharif,6.05,4.7,0.78,Hectare,Tonnes,Tonne/Hectare,Black (Regur),100.0,,Entisols,Lithic Ustorthents,Clayey,Shallow,Well drained,Slightly alkaline,Alluvium,8
Maharashtra,Nandurbar,2021-2022,Rice,Kharif,30046.07,36090.1,1.2,Hectare,Tonnes,Tonne/Hectare,Black (Regur),100.0,,Entisols,Lithic Ustorthents,Clayey,Shallow,Well drained,Slightly alkaline,Alluvium,8
Maharashtra,Nandurbar,2021-2022,Rice,Summer,8.0,21.48,2.69,Hectare,Tonnes,Tonne/Hectare,Black (Regur),100.0,,Entisols,Lithic Ustorthents,Clayey,Shallow,Well drained,Slightly alkaline,Alluvium,8
Maharashtra,Nandurbar,2021-2022,Sesamum,Kharif,6.7,1.28,0.19,Hectare,Tonnes,Tonne/Hectare,Black (Regur),100.0,,Entisols,Lithic Ustorthents,Clayey,Shallow,Well drained,Slightly alkaline,Alluvium,8
Maharashtra,Nandurbar,2021-2022,Sesamum,Rabi,35.0,25.01,0.71,Hectare,Tonnes,Tonne/Hectare,Black (Regur),100.0,,Entisols,Lithic Ustorthents,Clayey,Shallow,Well drained,Slightly alkaline,Alluvium,8
Maharashtra,Nandurbar,2021-2022,Sesamum,Summer,142.0,21.3,0.15,Hectare,Tonnes,Tonne/Hectare,Black (Regur),100.0,,Entisols,Lithic Ustorthents,Clayey,Shallow,Well drained,Slightly alkaline,Alluvium,8
Maharashtra,Nandurbar,2021-2022,Soyabean,Kharif,29297.75,37055.8,1.26,Hectare,Tonnes,Tonne/Hectare,Black (Regur),100.0,,Entisols,Lithic Ustorthents,Clayey,Shallow,Well drained,Slightly alkaline,Alluvium,8
Maharashtra,Nandurbar,2021-2022,Soyabean,Summer,681.3,1021.95,1.5,Hectare,Tonnes,Tonne/Hectare,Black (Regur),100.0,,Entisols,Lithic Ustorthents,Clayey,Shallow,Well drained,Slightly alkaline,Alluvium,8
Maharashtra,Nandurbar,2021-2022,Sugarcane,Whole Year,23201.0,962023.58,41.46,Hectare,Tonnes,Tonne/Hectare,Black (Regur),100.0,,Entisols,Lithic Ustorthents,Clayey,Shallow,Well drained,Slightly alkaline,Alluvium,8
Maharashtra,Nandurbar,2021-2022,Sunflower,Kharif,83.83,48.06,0.57,Hectare,Tonnes,Tonne/Hectare,Black (Regur),100.0,,Entisols,Lithic Ustorthents,Clayey,Shallow,Well drained,Slightly alkaline,Alluvium,8
Maharashtra,Nandurbar,2021-2022,Sunflower,Rabi,142.19,187.51,1.32,Hectare,Tonnes,Tonne/Hectare,Black (Regur),100.0,,Entisols,Lithic Ustorthents,Clayey,Shallow,Well drained,Slightly alkaline,Alluvium,8
Maharashtra,Nandurbar,2021-2022,Sunflower,Summer,721.33,665.73,0.92,Hectare,Tonnes,Tonne/Hectare,Black (Regur),100.0,,Entisols,Lithic Ustorthents,Clayey,Shallow,Well drained,Slightly alkaline,Alluvium,8
Maharashtra,Nandurbar,2021-2022,Urad,Kharif,9455.47,3558.09,0.38,Hectare,Tonnes,Tonne/Hectare,Black (Regur),100.0,,Entisols,Lithic Ustorthents,Clayey,Shallow,Well drained,Slightly alkaline,Alluvium,8
Maharashtra,Nandurbar,2021-2022,Wheat,Rabi,23635.87,38179.97,1.62,Hectare,Tonnes,Tonne/Hectare,Black (Regur),100.0,,Entisols,Lithic Ustorthents,Clayey,Shallow,Well drained,Slightly alkaline,Alluvium,8
Maharashtra,Nandurbar,2021-2022,other oilseeds,Kharif,630.0,327.0,0.52,Hectare,Tonnes,Tonne/Hectare,Black (Regur),100.0,,Entisols,Lithic Ustorthents,Clayey,Shallow,Well drained,Slightly alkaline,Alluvium,8
Maharashtra,Nandurbar,2021-2022,other oilseeds,Rabi,2267.25,754.61,0.33,Hectare,Tonnes,Tonne/Hectare,Black (Regur),100.0,,Entisols,Lithic Ustorthents,Clayey,Shallow,Well drained,Slightly alkaline,Alluvium,8
Maharashtra,Nashik,2021-2022,Arhar/Tur,Kharif,6941.76,4762.05,0.69,Hectare,Tonnes,Tonne/Hectare,Black (Regur),77.8,Mountain / Forest,Vertisols,Chromic Haplusterts,Clayey,Very deep,Moderately well drained,Slightly alkaline,Alluvium,9
Maharashtra,Nashik,2021-2022,Bajra,Kharif,94922.71,118984.91,1.25,Hectare,Tonnes,Tonne/Hectare,Black (Regur),77.8,Mountain / Forest,Vertisols,Chromic Haplusterts,Clayey,Very deep,Moderately well drained,Slightly alkaline,Alluvium,9
Maharashtra,Nashik,2021-2022,Bajra,Summer,512.5,466.38,0.91,Hectare,Tonnes,Tonne/Hectare,Black (Regur),77.8,Mountain / Forest,Vertisols,Chromic Haplusterts,Clayey,Very deep,Moderately well drained,Slightly alkaline,Alluvium,9
Maharashtra,Nashik,2021-2022,Cotton(lint),Kharif,62200.0,125300.0,2.01,Hectare,Bales,Bales/Hectare,Black (Regur),77.8,Mountain / Forest,Vertisols,Chromic Haplusterts,Clayey,Very deep,Moderately well drained,Slightly alkaline,Alluvium,9
Maharashtra,Nashik,2021-2022,Gram,Rabi,65088.25,59659.89,0.92,Hectare,Tonnes,Tonne/Hectare,Black (Regur),77.8,Mountain / Forest,Vertisols,Chromic Haplusterts,Clayey,Very deep,Moderately well drained,Slightly alkaline,Alluvium,9
Maharashtra,Nashik,2021-2022,Groundnut,Kharif,27208.51,27962.18,1.03,Hectare,Tonnes,Tonne/Hectare,Black (Regur),77.8,Mountain / Forest,Vertisols,Chromic Haplusterts,Clayey,Very deep,Moderately well drained,Slightly alkaline,Alluvium,9
Maharashtra,Nashik,2021-2022,Groundnut,Summer,1629.67,2445.51,1.5,Hectare,Tonnes,Tonne/Hectare,Black (Regur),77.8,Mountain / Forest,Vertisols,Chromic Haplusterts,Clayey,Very deep,Moderately well drained,Slightly alkaline,Alluvium,9
Maharashtra,Nashik,2021-2022,Jowar,Kharif,724.39,1060.87,1.46,Hectare,Tonnes,Tonne/Hectare,Black (Regur),77.8,Mountain / Forest,Vertisols,Chromic Haplusterts,Clayey,Very deep,Moderately well drained,Slightly alkaline,Alluvium,9
Maharashtra,Nashik,2021-2022,Jowar,Rabi,4185.24,3870.01,0.92,Hectare,Tonnes,Tonne/Hectare,Black (Regur),77.8,Mountain / Forest,Vertisols,Chromic Haplusterts,Clayey,Very deep,Moderately well drained,Slightly alkaline,Alluvium,9
Maharashtra,Nashik,2021-2022,Jowar,Summer,75.0,62.36,0.83,Hectare,Tonnes,Tonne/Hectare,Black (Regur),77.8,Mountain / Forest,Vertisols,Chromic Haplusterts,Clayey,Very deep,Moderately well drained,Slightly alkaline,Alluvium,9
Maharashtra,Nashik,2021-2022,Maize,Kharif,199792.86,819909.96,4.1,Hectare,Tonnes,Tonne/Hectare,Black (Regur),77.8,Mountain / Forest,Vertisols,Chromic Haplusterts,Clayey,Very deep,Moderately well drained,Slightly alkaline,Alluvium,9
Maharashtra,Nashik,2021-2022,Maize,Rabi,4808.29,25046.38,5.21,Hectare,Tonnes,Tonne/Hectare,Black (Regur),77.8,Mountain / Forest,Vertisols,Chromic Haplusterts,Clayey,Very deep,Moderately well drained,Slightly alkaline,Alluvium,9
Maharashtra,Nashik,2021-2022,Maize,Summer,392.01,765.75,1.95,Hectare,Tonnes,Tonne/Hectare,Black (Regur),77.8,Mountain / Forest,Vertisols,Chromic Haplusterts,Clayey,Very deep,Moderately well drained,Slightly alkaline,Alluvium,9
Maharashtra,Nashik,2021-2022,Moong(Green Gram),Kharif,10053.85,7366.45,0.73,Hectare,Tonnes,Tonne/Hectare,Black (Regur),77.8,Mountain / Forest,Vertisols,Chromic Haplusterts,Clayey,Very deep,Moderately well drained,Slightly alkaline,Alluvium,9
Maharashtra,Nashik,2021-2022,Niger seed,Kharif,1290.43,190.85,0.15,Hectare,Tonnes,Tonne/Hectare,Black (Regur),77.8,Mountain / Forest,Vertisols,Chromic Haplusterts,Clayey,Very deep,Moderately well drained,Slightly alkaline,Alluvium,9
Maharashtra,Nashik,2021-2022,Other Cereals,Kharif,11092.55,3105.91,0.28,Hectare,Tonnes,Tonne/Hectare,Black (Regur),77.8,Mountain / Forest,Vertisols,Chromic Haplusterts,Clayey,Very deep,Moderately well drained,Slightly alkaline,Alluvium,9
Maharashtra,Nashik,2021-2022,Other Kharif pulses,Kharif,2552.6,867.88,0.34,Hectare,Tonnes,Tonne/Hectare,Black (Regur),77.8,Mountain / Forest,Vertisols,Chromic Haplusterts,Clayey,Very deep,Moderately well drained,Slightly alkaline,Alluvium,9
Maharashtra,Nashik,2021-2022,Other Rabi pulses,Rabi,3161.07,1506.06,0.48,Hectare,Tonnes,Tonne/Hectare,Black (Regur),77.8,Mountain / Forest,Vertisols,Chromic Haplusterts,Clayey,Very deep,Moderately well drained,Slightly alkaline,Alluvium,9
Maharashtra,Nashik,2021-2022,Ragi,Kharif,20855.2,16442.24,0.79,Hectare,Tonnes,Tonne/Hectare,Black (Regur),77.8,Mountain / Forest,Vertisols,Chromic Haplusterts,Clayey,Very deep,Moderately well drained,Slightly alkaline,Alluvium,9
Maharashtra,Nashik,2021-2022,Rice,Kharif,78129.45,134255.58,1.72,Hectare,Tonnes,Tonne/Hectare,Black (Regur),77.8,Mountain / Forest,Vertisols,Chromic Haplusterts,Clayey,Very deep,Moderately well drained,Slightly alkaline,Alluvium,9
Maharashtra,Nashik,2021-2022,Rice,Summer,6.0,16.11,2.69,Hectare,Tonnes,Tonne/Hectare,Black (Regur),77.8,Mountain / Forest,Vertisols,Chromic Haplusterts,Clayey,Very deep,Moderately well drained,Slightly alkaline,Alluvium,9
Maharashtra,Nashik,2021-2022,Sesamum,Kharif,2.0,0.38,0.19,Hectare,Tonnes,Tonne/Hectare,Black (Regur),77.8,Mountain / Forest,Vertisols,Chromic Haplusterts,Clayey,Very deep,Moderately well drained,Slightly alkaline,Alluvium,9
Maharashtra,Nashik,2021-2022,Sesamum,Rabi,32.2,23.01,0.71,Hectare,Tonnes,Tonne/Hectare,Black (Regur),77.8,Mountain / Forest,Vertisols,Chromic Haplusterts,Clayey,Very deep,Moderately well drained,Slightly alkaline,Alluvium,9
Maharashtra,Nashik,2021-2022,Soyabean,Kharif,86434.52,156385.97,1.81,Hectare,Tonnes,Tonne/Hectare,Black (Regur),77.8,Mountain / Forest,Vertisols,Chromic Haplusterts,Clayey,Very deep,Moderately well drained,Slightly alkaline,Alluvium,9
Maharashtra,Nashik,2021-2022,Soyabean,Summer,351.65,527.48,1.5,Hectare,Tonnes,Tonne/Hectare,Black (Regur),77.8,Mountain / Forest,Vertisols,Chromic Haplusterts,Clayey,Very deep,Moderately well drained,Slightly alkaline,Alluvium,9
Maharashtra,Nashik,2021-2022,Sugarcane,Whole Year,20923.0,1603003.29,76.61,Hectare,Tonnes,Tonne/Hectare,Black (Regur),77.8,Mountain / Forest,Vertisols,Chromic Haplusterts,Clayey,Very deep,Moderately well drained,Slightly alkaline,Alluvium,9
Maharashtra,Nashik,2021-2022,Sunflower,Summer,3.0,2.77,0.92,Hectare,Tonnes,Tonne/Hectare,Black (Regur),77.8,Mountain / Forest,Vertisols,Chromic Haplusterts,Clayey,Very deep,Moderately well drained,Slightly alkaline,Alluvium,9
Maharashtra,Nashik,2021-2022,Urad,Kharif,5027.15,3577.32,0.71,Hectare,Tonnes,Tonne/Hectare,Black (Regur),77.8,Mountain / Forest,Vertisols,Chromic Haplusterts,Clayey,Very deep,Moderately well drained,Slightly alkaline,Alluvium,9
Maharashtra,Nashik,2021-2022,Wheat,Rabi,85635.85,166600.26,1.95,Hectare,Tonnes,Tonne/Hectare,Black (Regur),77.8,Mountain / Forest,Vertisols,Chromic Haplusterts,Clayey,Very deep,Moderately well drained,Slightly alkaline,Alluvium,9
Maharashtra,Nashik,2021-2022,other oilseeds,Kharif,5.0,1.0,0.2,Hectare,Tonnes,Tonne/Hectare,Black (Regur),77.8,Mountain / Forest,Vertisols,Chromic Haplusterts,Clayey,Very deep,Moderately well drained,Slightly alkaline,Alluvium,9
Maharashtra,Nashik,2021-2022,other oilseeds,Rabi,185.0,52.44,0.28,Hectare,Tonnes,Tonne/Hectare,Black (Regur),77.8,Mountain / Forest,Vertisols,Chromic Haplusterts,Clayey,Very deep,Moderately well drained,Slightly alkaline,Alluvium,9
Maharashtra,Palghar,2021-2022,Arhar/Tur,Kharif,2903.3,1746.34,0.6,Hectare,Tonnes,Tonne/Hectare,Mountain / Forest,66.7,Black (Regur),Entisols,Lithic Ustorthents,Loamy,Shallow,Well drained,Slightly acidic,Basalt,9
Maharashtra,Palghar,2021-2022,Gram,Rabi,1008.7,926.69,0.92,Hectare,Tonnes,Tonne/Hectare,Mountain / Forest,66.7,Black (Regur),Entisols,Lithic Ustorthents,Loamy,Shallow,Well drained,Slightly acidic,Basalt,9
Maharashtra,Palghar,2021-2022,Groundnut,Kharif,22.1,19.29,0.87,Hectare,Tonnes,Tonne/Hectare,Mountain / Forest,66.7,Black (Regur),Entisols,Lithic Ustorthents,Loamy,Shallow,Well drained,Slightly acidic,Basalt,9
Maharashtra,Palghar,2021-2022,Maize,Rabi,28.1,69.23,2.46,Hectare,Tonnes,Tonne/Hectare,Mountain / Forest,66.7,Black (Regur),Entisols,Lithic Ustorthents,Loamy,Shallow,Well drained,Slightly acidic,Basalt,9
Maharashtra,Palghar,2021-2022,Maize,Summer,12.0,24.01,2.0,Hectare,Tonnes,Tonne/Hectare,Mountain / Forest,66.7,Black (Regur),Entisols,Lithic Ustorthents,Loamy,Shallow,Well drained,Slightly acidic,Basalt,9
Maharashtra,Palghar,2021-2022,Moong(Green Gram),Kharif,15.0,9.53,0.64,Hectare,Tonnes,Tonne/Hectare,Mountain / Forest,66.7,Black (Regur),Entisols,Lithic Ustorthents,Loamy,Shallow,Well drained,Slightly acidic,Basalt,9
Maharashtra,Palghar,2021-2022,Niger seed,Kharif,461.0,78.88,0.17,Hectare,Tonnes,Tonne/Hectare,Mountain / Forest,66.7,Black (Regur),Entisols,Lithic Ustorthents,Loamy,Shallow,Well drained,Slightly acidic,Basalt,9
Maharashtra,Palghar,2021-2022,Other Cereals,Kharif,7783.12,4195.1,0.54,Hectare,Tonnes,Tonne/Hectare,Mountain / Forest,66.7,Black (Regur),Entisols,Lithic Ustorthents,Loamy,Shallow,Well drained,Slightly acidic,Basalt,9
Maharashtra,Palghar,2021-2022,Other Cereals,Rabi,2.2,2.29,1.04,Hectare,Tonnes,Tonne/Hectare,Mountain / Forest,66.7,Black (Regur),Entisols,Lithic Ustorthents,Loamy,Shallow,Well drained,Slightly acidic,Basalt,9
Maharashtra,Palghar,2021-2022,Other Kharif pulses,Kharif,462.78,249.44,0.54,Hectare,Tonnes,Tonne/Hectare,Mountain / Forest,66.7,Black (Regur),Entisols,Lithic Ustorthents,Loamy,Shallow,Well drained,Slightly acidic,Basalt,9
Maharashtra,Palghar,2021-2022,Other Rabi pulses,Rabi,3246.89,2467.64,0.76,Hectare,Tonnes,Tonne/Hectare,Mountain / Forest,66.7,Black (Regur),Entisols,Lithic Ustorthents,Loamy,Shallow,Well drained,Slightly acidic,Basalt,9
Maharashtra,Palghar,2021-2022,Ragi,Kharif,12997.56,9644.19,0.74,Hectare,Tonnes,Tonne/Hectare,Mountain / Forest,66.7,Black (Regur),Entisols,Lithic Ustorthents,Loamy,Shallow,Well drained,Slightly acidic,Basalt,9
Maharashtra,Palghar,2021-2022,Rice,Kharif,76716.77,163879.92,2.14,Hectare,Tonnes,Tonne/Hectare,Mountain / Forest,66.7,Black (Regur),Entisols,Lithic Ustorthents,Loamy,Shallow,Well drained,Slightly acidic,Basalt,9
Maharashtra,Palghar,2021-2022,Rice,Summer,1324.8,2810.21,2.12,Hectare,Tonnes,Tonne/Hectare,Mountain / Forest,66.7,Black (Regur),Entisols,Lithic Ustorthents,Loamy,Shallow,Well drained,Slightly acidic,Basalt,9
Maharashtra,Palghar,2021-2022,Sesamum,Kharif,42.0,8.02,0.19,Hectare,Tonnes,Tonne/Hectare,Mountain / Forest,66.7,Black (Regur),Entisols,Lithic Ustorthents,Loamy,Shallow,Well drained,Slightly acidic,Basalt,9
Maharashtra,Palghar,2021-2022,Sesamum,Rabi,546.05,390.15,0.71,Hectare,Tonnes,Tonne/Hectare,Mountain / Forest,66.7,Black (Regur),Entisols,Lithic Ustorthents,Loamy,Shallow,Well drained,Slightly acidic,Basalt,9
Maharashtra,Palghar,2021-2022,Sunflower,Rabi,38.4,50.64,1.32,Hectare,Tonnes,Tonne/Hectare,Mountain / Forest,66.7,Black (Regur),Entisols,Lithic Ustorthents,Loamy,Shallow,Well drained,Slightly acidic,Basalt,9
Maharashtra,Palghar,2021-2022,Urad,Kharif,3206.6,1579.89,0.49,Hectare,Tonnes,Tonne/Hectare,Mountain / Forest,66.7,Black (Regur),Entisols,Lithic Ustorthents,Loamy,Shallow,Well drained,Slightly acidic,Basalt,9
Maharashtra,Palghar,2021-2022,Wheat,Rabi,22.3,31.23,1.4,Hectare,Tonnes,Tonne/Hectare,Mountain / Forest,66.7,Black (Regur),Entisols,Lithic Ustorthents,Loamy,Shallow,Well drained,Slightly acidic,Basalt,9
Maharashtra,Palghar,2021-2022,other oilseeds,Kharif,44.0,3.0,0.07,Hectare,Tonnes,Tonne/Hectare,Mountain / Forest,66.7,Black (Regur),Entisols,Lithic Ustorthents,Loamy,Shallow,Well drained,Slightly acidic,Basalt,9
Maharashtra,Palghar,2021-2022,other oilseeds,Rabi,23.3,13.75,0.59,Hectare,Tonnes,Tonne/Hectare,Mountain / Forest,66.7,Black (Regur),Entisols,Lithic Ustorthents,Loamy,Shallow,Well drained,Slightly acidic,Basalt,9
Maharashtra,Parbhani,2021-2022,Arhar/Tur,Kharif,48303.58,81241.8,1.68,Hectare,Tonnes,Tonne/Hectare,Black (Regur),100.0,,Vertisols,Chromic Haplusterts,Clayey,Very deep,Moderately well drained,Slightly alkaline,Alluvium,9
Maharashtra,Parbhani,2021-2022,Bajra,Kharif,641.32,318.54,0.5,Hectare,Tonnes,Tonne/Hectare,Black (Regur),100.0,,Vertisols,Chromic Haplusterts,Clayey,Very deep,Moderately well drained,Slightly alkaline,Alluvium,9
Maharashtra,Parbhani,2021-2022,Bajra,Summer,97.8,89.0,0.91,Hectare,Tonnes,Tonne/Hectare,Black (Regur),100.0,,Vertisols,Chromic Haplusterts,Clayey,Very deep,Moderately well drained,Slightly alkaline,Alluvium,9
Maharashtra,Parbhani,2021-2022,Cotton(lint),Kharif,219000.0,396400.0,1.81,Hectare,Bales,Bales/Hectare,Black (Regur),100.0,,Vertisols,Chromic Haplusterts,Clayey,Very deep,Moderately well drained,Slightly alkaline,Alluvium,9
Maharashtra,Parbhani,2021-2022,Gram,Rabi,66551.96,80929.85,1.22,Hectare,Tonnes,Tonne/Hectare,Black (Regur),100.0,,Vertisols,Chromic Haplusterts,Clayey,Very deep,Moderately well drained,Slightly alkaline,Alluvium,9
Maharashtra,Parbhani,2021-2022,Groundnut,Kharif,9.18,6.76,0.74,Hectare,Tonnes,Tonne/Hectare,Black (Regur),100.0,,Vertisols,Chromic Haplusterts,Clayey,Very deep,Moderately well drained,Slightly alkaline,Alluvium,9
Maharashtra,Parbhani,2021-2022,Groundnut,Summer,729.11,1287.72,1.77,Hectare,Tonnes,Tonne/Hectare,Black (Regur),100.0,,Vertisols,Chromic Haplusterts,Clayey,Very deep,Moderately well drained,Slightly alkaline,Alluvium,9
Maharashtra,Parbhani,2021-2022,Jowar,Kharif,6446.4,2555.35,0.4,Hectare,Tonnes,Tonne/Hectare,Black (Regur),100.0,,Vertisols,Chromic Haplusterts,Clayey,Very deep,Moderately well drained,Slightly alkaline,Alluvium,9
Maharashtra,Parbhani,2021-2022,Jowar,Rabi,114388.45,141579.73,1.24,Hectare,Tonnes,Tonne/Hectare,Black (Regur),100.0,,Vertisols,Chromic Haplusterts,Clayey,Very deep,Moderately well drained,Slightly alkaline,Alluvium,9
Maharashtra,Parbhani,2021-2022,Jowar,Summer,103.6,86.14,0.83,Hectare,Tonnes,Tonne/Hectare,Black (Regur),100.0,,Vertisols,Chromic Haplusterts,Clayey,Very deep,Moderately well drained,Slightly alkaline,Alluvium,9
Maharashtra,Parbhani,2021-2022,Linseed,Rabi,29.47,20.13,0.68,Hectare,Tonnes,Tonne/Hectare,Black (Regur),100.0,,Vertisols,Chromic Haplusterts,Clayey,Very deep,Moderately well drained,Slightly alkaline,Alluvium,9
Maharashtra,Parbhani,2021-2022,Maize,Kharif,1182.58,1013.47,0.86,Hectare,Tonnes,Tonne/Hectare,Black (Regur),100.0,,Vertisols,Chromic Haplusterts,Clayey,Very deep,Moderately well drained,Slightly alkaline,Alluvium,9
Maharashtra,Parbhani,2021-2022,Maize,Rabi,2217.1,4825.52,2.18,Hectare,Tonnes,Tonne/Hectare,Black (Regur),100.0,,Vertisols,Chromic Haplusterts,Clayey,Very deep,Moderately well drained,Slightly alkaline,Alluvium,9
Maharashtra,Parbhani,2021-2022,Maize,Summer,984.76,685.98,0.7,Hectare,Tonnes,Tonne/Hectare,Black (Regur),100.0,,Vertisols,Chromic Haplusterts,Clayey,Very deep,Moderately well drained,Slightly alkaline,Alluvium,9
Maharashtra,Parbhani,2021-2022,Moong(Green Gram),Kharif,23207.9,15423.97,0.66,Hectare,Tonnes,Tonne/Hectare,Black (Regur),100.0,,Vertisols,Chromic Haplusterts,Clayey,Very deep,Moderately well drained,Slightly alkaline,Alluvium,9
Maharashtra,Parbhani,2021-2022,Moong(Green Gram),Summer,134.5,24.77,0.18,Hectare,Tonnes,Tonne/Hectare,Black (Regur),100.0,,Vertisols,Chromic Haplusterts,Clayey,Very deep,Moderately well drained,Slightly alkaline,Alluvium,9
Maharashtra,Parbhani,2021-2022,Niger seed,Kharif,35.0,4.14,0.12,Hectare,Tonnes,Tonne/Hectare,Black (Regur),100.0,,Vertisols,Chromic Haplusterts,Clayey,Very deep,Moderately well drained,Slightly alkaline,Alluvium,9
Maharashtra,Parbhani,2021-2022,Other Cereals,Kharif,42.0,10.84,0.26,Hectare,Tonnes,Tonne/Hectare,Black (Regur),100.0,,Vertisols,Chromic Haplusterts,Clayey,Very deep,Moderately well drained,Slightly alkaline,Alluvium,9
Maharashtra,Parbhani,2021-2022,Other Cereals,Rabi,234.3,49.38,0.21,Hectare,Tonnes,Tonne/Hectare,Black (Regur),100.0,,Vertisols,Chromic Haplusterts,Clayey,Very deep,Moderately well drained,Slightly alkaline,Alluvium,9
Maharashtra,Parbhani,2021-2022,Other Kharif pulses,Kharif,5.0,1.2,0.24,Hectare,Tonnes,Tonne/Hectare,Black (Regur),100.0,,Vertisols,Chromic Haplusterts,Clayey,Very deep,Moderately well drained,Slightly alkaline,Alluvium,9
Maharashtra,Parbhani,2021-2022,Other Rabi pulses,Rabi,50.0,17.67,0.35,Hectare,Tonnes,Tonne/Hectare,Black (Regur),100.0,,Vertisols,Chromic Haplusterts,Clayey,Very deep,Moderately well drained,Slightly alkaline,Alluvium,9
Maharashtra,Parbhani,2021-2022,Safflower,Rabi,2372.01,2708.36,1.14,Hectare,Tonnes,Tonne/Hectare,Black (Regur),100.0,,Vertisols,Chromic Haplusterts,Clayey,Very deep,Moderately well drained,Slightly alkaline,Alluvium,9
Maharashtra,Parbhani,2021-2022,Sesamum,Kharif,241.8,42.44,0.18,Hectare,Tonnes,Tonne/Hectare,Black (Regur),100.0,,Vertisols,Chromic Haplusterts,Clayey,Very deep,Moderately well drained,Slightly alkaline,Alluvium,9
Maharashtra,Parbhani,2021-2022,Sesamum,Rabi,18.0,12.86,0.71,Hectare,Tonnes,Tonne/Hectare,Black (Regur),100.0,,Vertisols,Chromic Haplusterts,Clayey,Very deep,Moderately well drained,Slightly alkaline,Alluvium,9
Maharashtra,Parbhani,2021-2022,Sesamum,Summer,7.65,1.5,0.2,Hectare,Tonnes,Tonne/Hectare,Black (Regur),100.0,,Vertisols,Chromic Haplusterts,Clayey,Very deep,Moderately well drained,Slightly alkaline,Alluvium,9
Maharashtra,Parbhani,2021-2022,Soyabean,Kharif,257236.21,107138.88,0.42,Hectare,Tonnes,Tonne/Hectare,Black (Regur),100.0,,Vertisols,Chromic Haplusterts,Clayey,Very deep,Moderately well drained,Slightly alkaline,Alluvium,9
Maharashtra,Parbhani,2021-2022,Soyabean,Summer,9274.94,4822.78,0.52,Hectare,Tonnes,Tonne/Hectare,Black (Regur),100.0,,Vertisols,Chromic Haplusterts,Clayey,Very deep,Moderately well drained,Slightly alkaline,Alluvium,9
Maharashtra,Parbhani,2021-2022,Sugarcane,Whole Year,50898.0,4345889.15,85.38,Hectare,Tonnes,Tonne/Hectare,Black (Regur),100.0,,Vertisols,Chromic Haplusterts,Clayey,Very deep,Moderately well drained,Slightly alkaline,Alluvium,9
Maharashtra,Parbhani,2021-2022,Urad,Kharif,8941.21,4864.91,0.54,Hectare,Tonnes,Tonne/Hectare,Black (Regur),100.0,,Vertisols,Chromic Haplusterts,Clayey,Very deep,Moderately well drained,Slightly alkaline,Alluvium,9
Maharashtra,Parbhani,2021-2022,Urad,Summer,42.0,22.63,0.54,Hectare,Tonnes,Tonne/Hectare,Black (Regur),100.0,,Vertisols,Chromic Haplusterts,Clayey,Very deep,Moderately well drained,Slightly alkaline,Alluvium,9
Maharashtra,Parbhani,2021-2022,Wheat,Rabi,45028.22,79699.95,1.77,Hectare,Tonnes,Tonne/Hectare,Black (Regur),100.0,,Vertisols,Chromic Haplusterts,Clayey,Very deep,Moderately well drained,Slightly alkaline,Alluvium,9
Maharashtra,Parbhani,2021-2022,other oilseeds,Kharif,6.0,1.0,0.17,Hectare,Tonnes,Tonne/Hectare,Black (Regur),100.0,,Vertisols,Chromic Haplusterts,Clayey,Very deep,Moderately well drained,Slightly alkaline,Alluvium,9
Maharashtra,Parbhani,2021-2022,other oilseeds,Rabi,79.0,12.83,0.16,Hectare,Tonnes,Tonne/Hectare,Black (Regur),100.0,,Vertisols,Chromic Haplusterts,Clayey,Very deep,Moderately well drained,Slightly alkaline,Alluvium,9
Maharashtra,Pune,2021-2022,Arhar/Tur,Kharif,1986.17,1512.67,0.76,Hectare,Tonnes,Tonne/Hectare,Black (Regur),88.9,Mountain / Forest,Entisols,Lithic Ustorthents,Clayey,Shallow,Well drained,Slightly alkaline,Alluvium,9
Maharashtra,Pune,2021-2022,Bajra,Kharif,38326.07,64156.45,1.67,Hectare,Tonnes,Tonne/Hectare,Black (Regur),88.9,Mountain / Forest,Entisols,Lithic Ustorthents,Clayey,Shallow,Well drained,Slightly alkaline,Alluvium,9
Maharashtra,Pune,2021-2022,Bajra,Summer,2811.3,2558.28,0.91,Hectare,Tonnes,Tonne/Hectare,Black (Regur),88.9,Mountain / Forest,Entisols,Lithic Ustorthents,Clayey,Shallow,Well drained,Slightly alkaline,Alluvium,9
Maharashtra,Pune,2021-2022,Cotton(lint),Kharif,30.0,149.0,4.97,Hectare,Bales,Bales/Hectare,Black (Regur),88.9,Mountain / Forest,Entisols,Lithic Ustorthents,Clayey,Shallow,Well drained,Slightly alkaline,Alluvium,9
Maharashtra,Pune,2021-2022,Gram,Rabi,85922.87,90709.63,1.06,Hectare,Tonnes,Tonne/Hectare,Black (Regur),88.9,Mountain / Forest,Entisols,Lithic Ustorthents,Clayey,Shallow,Well drained,Slightly alkaline,Alluvium,9
Maharashtra,Pune,2021-2022,Groundnut,Kharif,20066.31,18198.14,0.91,Hectare,Tonnes,Tonne/Hectare,Black (Regur),88.9,Mountain / Forest,Entisols,Lithic Ustorthents,Clayey,Shallow,Well drained,Slightly alkaline,Alluvium,9
Maharashtra,Pune,2021-2022,Groundnut,Summer,8419.41,17828.67,2.12,Hectare,Tonnes,Tonne/Hectare,Black (Regur),88.9,Mountain / Forest,Entisols,Lithic Ustorthents,Clayey,Shallow,Well drained,Slightly alkaline,Alluvium,9
Maharashtra,Pune,2021-2022,Jowar,Kharif,1472.53,1662.59,1.13,Hectare,Tonnes,Tonne/Hectare,Black (Regur),88.9,Mountain / Forest,Entisols,Lithic Ustorthents,Clayey,Shallow,Well drained,Slightly alkaline,Alluvium,9
Maharashtra,Pune,2021-2022,Jowar,Rabi,148401.31,122919.32,0.83,Hectare,Tonnes,Tonne/Hectare,Black (Regur),88.9,Mountain / Forest,Entisols,Lithic Ustorthents,Clayey,Shallow,Well drained,Slightly alkaline,Alluvium,9
Maharashtra,Pune,2021-2022,Maize,Kharif,34886.15,95622.93,2.74,Hectare,Tonnes,Tonne/Hectare,Black (Regur),88.9,Mountain / Forest,Entisols,Lithic Ustorthents,Clayey,Shallow,Well drained,Slightly alkaline,Alluvium,9
Maharashtra,Pune,2021-2022,Maize,Rabi,15765.1,43901.07,2.78,Hectare,Tonnes,Tonne/Hectare,Black (Regur),88.9,Mountain / Forest,Entisols,Lithic Ustorthents,Clayey,Shallow,Well drained,Slightly alkaline,Alluvium,9
Maharashtra,Pune,2021-2022,Maize,Summer,2752.91,4239.48,1.54,Hectare,Tonnes,Tonne/Hectare,Black (Regur),88.9,Mountain / Forest,Entisols,Lithic Ustorthents,Clayey,Shallow,Well drained,Slightly alkaline,Alluvium,9
Maharashtra,Pune,2021-2022,Moong(Green Gram),Kharif,16219.46,14753.22,0.91,Hectare,Tonnes,Tonne/Hectare,Black (Regur),88.9,Mountain / Forest,Entisols,Lithic Ustorthents,Clayey,Shallow,Well drained,Slightly alkaline,Alluvium,9
Maharashtra,Pune,2021-2022,Moong(Green Gram),Summer,416.77,76.77,0.18,Hectare,Tonnes,Tonne/Hectare,Black (Regur),88.9,Mountain / Forest,Entisols,Lithic Ustorthents,Clayey,Shallow,Well drained,Slightly alkaline,Alluvium,9
Maharashtra,Pune,2021-2022,Niger seed,Kharif,457.77,78.33,0.17,Hectare,Tonnes,Tonne/Hectare,Black (Regur),88.9,Mountain / Forest,Entisols,Lithic Ustorthents,Clayey,Shallow,Well drained,Slightly alkaline,Alluvium,9
Maharashtra,Pune,2021-2022,Other Cereals,Kharif,1095.0,310.98,0.28,Hectare,Tonnes,Tonne/Hectare,Black (Regur),88.9,Mountain / Forest,Entisols,Lithic Ustorthents,Clayey,Shallow,Well drained,Slightly alkaline,Alluvium,9
Maharashtra,Pune,2021-2022,Other Cereals,Rabi,20.1,4.99,0.25,Hectare,Tonnes,Tonne/Hectare,Black (Regur),88.9,Mountain / Forest,Entisols,Lithic Ustorthents,Clayey,Shallow,Well drained,Slightly alkaline,Alluvium,9
Maharashtra,Pune,2021-2022,Other Cereals,Summer,53.65,58.4,1.09,Hectare,Tonnes,Tonne/Hectare,Black (Regur),88.9,Mountain / Forest,Entisols,Lithic Ustorthents,Clayey,Shallow,Well drained,Slightly alkaline,Alluvium,9
Maharashtra,Pune,2021-2022,Other Kharif pulses,Kharif,8561.64,3364.73,0.39,Hectare,Tonnes,Tonne/Hectare,Black (Regur),88.9,Mountain / Forest,Entisols,Lithic Ustorthents,Clayey,Shallow,Well drained,Slightly alkaline,Alluvium,9
Maharashtra,Pune,2021-2022,Other Rabi pulses,Rabi,3915.17,1133.44,0.29,Hectare,Tonnes,Tonne/Hectare,Black (Regur),88.9,Mountain / Forest,Entisols,Lithic Ustorthents,Clayey,Shallow,Well drained,Slightly alkaline,Alluvium,9
Maharashtra,Pune,2021-2022,Other Summer Pulses,Summer,3.4,1.93,0.57,Hectare,Tonnes,Tonne/Hectare,Black (Regur),88.9,Mountain / Forest,Entisols,Lithic Ustorthents,Clayey,Shallow,Well drained,Slightly alkaline,Alluvium,9
Maharashtra,Pune,2021-2022,Ragi,Kharif,2457.97,2906.06,1.18,Hectare,Tonnes,Tonne/Hectare,Black (Regur),88.9,Mountain / Forest,Entisols,Lithic Ustorthents,Clayey,Shallow,Well drained,Slightly alkaline,Alluvium,9
Maharashtra,Pune,2021-2022,Rice,Kharif,59746.08,166637.14,2.79,Hectare,Tonnes,Tonne/Hectare,Black (Regur),88.9,Mountain / Forest,Entisols,Lithic Ustorthents,Clayey,Shallow,Well drained,Slightly alkaline,Alluvium,9
Maharashtra,Pune,2021-2022,Rice,Summer,27.0,84.05,3.11,Hectare,Tonnes,Tonne/Hectare,Black (Regur),88.9,Mountain / Forest,Entisols,Lithic Ustorthents,Clayey,Shallow,Well drained,Slightly alkaline,Alluvium,9
Maharashtra,Pune,2021-2022,Safflower,Rabi,2.29,2.23,0.97,Hectare,Tonnes,Tonne/Hectare,Black (Regur),88.9,Mountain / Forest,Entisols,Lithic Ustorthents,Clayey,Shallow,Well drained,Slightly alkaline,Alluvium,9
Maharashtra,Pune,2021-2022,Sesamum,Kharif,797.11,152.17,0.19,Hectare,Tonnes,Tonne/Hectare,Black (Regur),88.9,Mountain / Forest,Entisols,Lithic Ustorthents,Clayey,Shallow,Well drained,Slightly alkaline,Alluvium,9
Maharashtra,Pune,2021-2022,Sesamum,Rabi,48.35,34.55,0.71,Hectare,Tonnes,Tonne/Hectare,Black (Regur),88.9,Mountain / Forest,Entisols,Lithic Ustorthents,Clayey,Shallow,Well drained,Slightly alkaline,Alluvium,9
Maharashtra,Pune,2021-2022,Soyabean,Kharif,28335.3,73850.29,2.61,Hectare,Tonnes,Tonne/Hectare,Black (Regur),88.9,Mountain / Forest,Entisols,Lithic Ustorthents,Clayey,Shallow,Well drained,Slightly alkaline,Alluvium,9
Maharashtra,Pune,2021-2022,Soyabean,Summer,1539.45,2309.18,1.5,Hectare,Tonnes,Tonne/Hectare,Black (Regur),88.9,Mountain / Forest,Entisols,Lithic Ustorthents,Clayey,Shallow,Well drained,Slightly alkaline,Alluvium,9
Maharashtra,Pune,2021-2022,Sugarcane,Whole Year,155265.0,17138495.27,110.38,Hectare,Tonnes,Tonne/Hectare,Black (Regur),88.9,Mountain / Forest,Entisols,Lithic Ustorthents,Clayey,Shallow,Well drained,Slightly alkaline,Alluvium,9
Maharashtra,Pune,2021-2022,Sunflower,Kharif,137.02,78.55,0.57,Hectare,Tonnes,Tonne/Hectare,Black (Regur),88.9,Mountain / Forest,Entisols,Lithic Ustorthents,Clayey,Shallow,Well drained,Slightly alkaline,Alluvium,9
Maharashtra,Pune,2021-2022,Sunflower,Rabi,116.68,153.87,1.32,Hectare,Tonnes,Tonne/Hectare,Black (Regur),88.9,Mountain / Forest,Entisols,Lithic Ustorthents,Clayey,Shallow,Well drained,Slightly alkaline,Alluvium,9
Maharashtra,Pune,2021-2022,Sunflower,Summer,13.0,11.05,0.85,Hectare,Tonnes,Tonne/Hectare,Black (Regur),88.9,Mountain / Forest,Entisols,Lithic Ustorthents,Clayey,Shallow,Well drained,Slightly alkaline,Alluvium,9
Maharashtra,Pune,2021-2022,Urad,Kharif,1567.23,1500.47,0.96,Hectare,Tonnes,Tonne/Hectare,Black (Regur),88.9,Mountain / Forest,Entisols,Lithic Ustorthents,Clayey,Shallow,Well drained,Slightly alkaline,Alluvium,9
Maharashtra,Pune,2021-2022,Urad,Summer,0.8,0.43,0.54,Hectare,Tonnes,Tonne/Hectare,Black (Regur),88.9,Mountain / Forest,Entisols,Lithic Ustorthents,Clayey,Shallow,Well drained,Slightly alkaline,Alluvium,9
Maharashtra,Pune,2021-2022,Wheat,Rabi,45702.83,96090.2,2.1,Hectare,Tonnes,Tonne/Hectare,Black (Regur),88.9,Mountain / Forest,Entisols,Lithic Ustorthents,Clayey,Shallow,Well drained,Slightly alkaline,Alluvium,9
Maharashtra,Pune,2021-2022,other oilseeds,Rabi,154.15,20.23,0.13,Hectare,Tonnes,Tonne/Hectare,Black (Regur),88.9,Mountain / Forest,Entisols,Lithic Ustorthents,Clayey,Shallow,Well drained,Slightly alkaline,Alluvium,9
Maharashtra,Raigad,2021-2022,Arhar/Tur,Kharif,1290.52,776.25,0.6,Hectare,Tonnes,Tonne/Hectare,Mountain / Forest,77.8,Red & Yellow,Inceptisols,Typic Haplustepts,Loamy,Shallow,Well drained,Slightly acidic,Basalt,9
Maharashtra,Raigad,2021-2022,Gram,Rabi,985.16,905.07,0.92,Hectare,Tonnes,Tonne/Hectare,Mountain / Forest,77.8,Red & Yellow,Inceptisols,Typic Haplustepts,Loamy,Shallow,Well drained,Slightly acidic,Basalt,9
Maharashtra,Raigad,2021-2022,Groundnut,Kharif,18.0,15.71,0.87,Hectare,Tonnes,Tonne/Hectare,Mountain / Forest,77.8,Red & Yellow,Inceptisols,Typic Haplustepts,Loamy,Shallow,Well drained,Slightly acidic,Basalt,9
Maharashtra,Raigad,2021-2022,Groundnut,Summer,9.0,32.02,3.56,Hectare,Tonnes,Tonne/Hectare,Mountain / Forest,77.8,Red & Yellow,Inceptisols,Typic Haplustepts,Loamy,Shallow,Well drained,Slightly acidic,Basalt,9
Maharashtra,Raigad,2021-2022,Moong(Green Gram),Summer,0.26,0.05,0.18,Hectare,Tonnes,Tonne/Hectare,Mountain / Forest,77.8,Red & Yellow,Inceptisols,Typic Haplustepts,Loamy,Shallow,Well drained,Slightly acidic,Basalt,9
Maharashtra,Raigad,2021-2022,Niger seed,Kharif,33.0,5.65,0.17,Hectare,Tonnes,Tonne/Hectare,Mountain / Forest,77.8,Red & Yellow,Inceptisols,Typic Haplustepts,Loamy,Shallow,Well drained,Slightly acidic,Basalt,9
Maharashtra,Raigad,2021-2022,Other Cereals,Kharif,371.93,158.07,0.42,Hectare,Tonnes,Tonne/Hectare,Mountain / Forest,77.8,Red & Yellow,Inceptisols,Typic Haplustepts,Loamy,Shallow,Well drained,Slightly acidic,Basalt,9
Maharashtra,Raigad,2021-2022,Other Rabi pulses,Rabi,12638.33,4423.42,0.35,Hectare,Tonnes,Tonne/Hectare,Mountain / Forest,77.8,Red & Yellow,Inceptisols,Typic Haplustepts,Loamy,Shallow,Well drained,Slightly acidic,Basalt,9
Maharashtra,Raigad,2021-2022,Other Summer Pulses,Summer,6.5,2.28,0.35,Hectare,Tonnes,Tonne/Hectare,Mountain / Forest,77.8,Red & Yellow,Inceptisols,Typic Haplustepts,Loamy,Shallow,Well drained,Slightly acidic,Basalt,9
Maharashtra,Raigad,2021-2022,Ragi,Kharif,5148.86,6216.74,1.21,Hectare,Tonnes,Tonne/Hectare,Mountain / Forest,77.8,Red & Yellow,Inceptisols,Typic Haplustepts,Loamy,Shallow,Well drained,Slightly acidic,Basalt,9
Maharashtra,Raigad,2021-2022,Rice,Kharif,95967.49,218410.2,2.28,Hectare,Tonnes,Tonne/Hectare,Mountain / Forest,77.8,Red & Yellow,Inceptisols,Typic Haplustepts,Loamy,Shallow,Well drained,Slightly acidic,Basalt,9
Maharashtra,Raigad,2021-2022,Rice,Summer,3124.3,9094.34,2.91,Hectare,Tonnes,Tonne/Hectare,Mountain / Forest,77.8,Red & Yellow,Inceptisols,Typic Haplustepts,Loamy,Shallow,Well drained,Slightly acidic,Basalt,9
Maharashtra,Raigad,2021-2022,Urad,Kharif,13.55,7.26,0.54,Hectare,Tonnes,Tonne/Hectare,Mountain / Forest,77.8,Red & Yellow,Inceptisols,Typic Haplustepts,Loamy,Shallow,Well drained,Slightly acidic,Basalt,9
Maharashtra,Raigad,2021-2022,other oilseeds,Rabi,11.2,5.04,0.45,Hectare,Tonnes,Tonne/Hectare,Mountain / Forest,77.8,Red & Yellow,Inceptisols,Typic Haplustepts,Loamy,Shallow,Well drained,Slightly acidic,Basalt,9
Maharashtra,Ratnagiri,2021-2022,Arhar/Tur,Kharif,45.67,27.47,0.6,Hectare,Tonnes,Tonne/Hectare,Red & Yellow,66.7,Black (Regur),Inceptisols,Typic Haplustepts,Clayey,Moderately deep,Well drained,Others,Colluvium,9
Maharashtra,Ratnagiri,2021-2022,Gram,Rabi,24.9,22.88,0.92,Hectare,Tonnes,Tonne/Hectare,Red & Yellow,66.7,Black (Regur),Inceptisols,Typic Haplustepts,Clayey,Moderately deep,Well drained,Others,Colluvium,9
Maharashtra,Ratnagiri,2021-2022,Groundnut,Kharif,11.0,9.6,0.87,Hectare,Tonnes,Tonne/Hectare,Red & Yellow,66.7,Black (Regur),Inceptisols,Typic Haplustepts,Clayey,Moderately deep,Well drained,Others,Colluvium,9
Maharashtra,Ratnagiri,2021-2022,Groundnut,Summer,59.0,96.29,1.63,Hectare,Tonnes,Tonne/Hectare,Red & Yellow,66.7,Black (Regur),Inceptisols,Typic Haplustepts,Clayey,Moderately deep,Well drained,Others,Colluvium,9
Maharashtra,Ratnagiri,2021-2022,Jowar,Summer,2.0,1.66,0.83,Hectare,Tonnes,Tonne/Hectare,Red & Yellow,66.7,Black (Regur),Inceptisols,Typic Haplustepts,Clayey,Moderately deep,Well drained,Others,Colluvium,9
Maharashtra,Ratnagiri,2021-2022,Maize,Rabi,35.4,87.21,2.46,Hectare,Tonnes,Tonne/Hectare,Red & Yellow,66.7,Black (Regur),Inceptisols,Typic Haplustepts,Clayey,Moderately deep,Well drained,Others,Colluvium,9
Maharashtra,Ratnagiri,2021-2022,Moong(Green Gram),Summer,0.51,0.09,0.18,Hectare,Tonnes,Tonne/Hectare,Red & Yellow,66.7,Black (Regur),Inceptisols,Typic Haplustepts,Clayey,Moderately deep,Well drained,Others,Colluvium,9
Maharashtra,Ratnagiri,2021-2022,Niger seed,Kharif,10.0,1.71,0.17,Hectare,Tonnes,Tonne/Hectare,Red & Yellow,66.7,Black (Regur),Inceptisols,Typic Haplustepts,Clayey,Moderately deep,Well drained,Others,Colluvium,9
Maharashtra,Ratnagiri,2021-2022,Other Cereals,Kharif,416.0,208.42,0.5,Hectare,Tonnes,Tonne/Hectare,Red & Yellow,66.7,Black (Regur),Inceptisols,Typic Haplustepts,Clayey,Moderately deep,Well drained,Others,Colluvium,9
Maharashtra,Ratnagiri,2021-2022,Other Cereals,Rabi,28.67,29.24,1.02,Hectare,Tonnes,Tonne/Hectare,Red & Yellow,66.7,Black (Regur),Inceptisols,Typic Haplustepts,Clayey,Moderately deep,Well drained,Others,Colluvium,9
Maharashtra,Ratnagiri,2021-2022,Other Kharif pulses,Kharif,313.36,163.01,0.52,Hectare,Tonnes,Tonne/Hectare,Red & Yellow,66.7,Black (Regur),Inceptisols,Typic Haplustepts,Clayey,Moderately deep,Well drained,Others,Colluvium,9
Maharashtra,Ratnagiri,2021-2022,Other Rabi pulses,Rabi,5892.55,4537.26,0.77,Hectare,Tonnes,Tonne/Hectare,Red & Yellow,66.7,Black (Regur),Inceptisols,Typic Haplustepts,Clayey,Moderately deep,Well drained,Others,Colluvium,9
Maharashtra,Ratnagiri,2021-2022,Other Summer Pulses,Summer,155.61,54.47,0.35,Hectare,Tonnes,Tonne/Hectare,Red & Yellow,66.7,Black (Regur),Inceptisols,Typic Haplustepts,Clayey,Moderately deep,Well drained,Others,Colluvium,9
Maharashtra,Ratnagiri,2021-2022,Ragi,Kharif,10282.82,17432.46,1.7,Hectare,Tonnes,Tonne/Hectare,Red & Yellow,66.7,Black (Regur),Inceptisols,Typic Haplustepts,Clayey,Moderately deep,Well drained,Others,Colluvium,9
Maharashtra,Ratnagiri,2021-2022,Rice,Kharif,77223.45,221160.16,2.86,Hectare,Tonnes,Tonne/Hectare,Red & Yellow,66.7,Black (Regur),Inceptisols,Typic Haplustepts,Clayey,Moderately deep,Well drained,Others,Colluvium,9
Maharashtra,Ratnagiri,2021-2022,Rice,Summer,14.0,37.59,2.69,Hectare,Tonnes,Tonne/Hectare,Red & Yellow,66.7,Black (Regur),Inceptisols,Typic Haplustepts,Clayey,Moderately deep,Well drained,Others,Colluvium,9
Maharashtra,Ratnagiri,2021-2022,Sesamum,Kharif,16.89,3.22,0.19,Hectare,Tonnes,Tonne/Hectare,Red & Yellow,66.7,Black (Regur),Inceptisols,Typic Haplustepts,Clayey,Moderately deep,Well drained,Others,Colluvium,9
Maharashtra,Ratnagiri,2021-2022,Urad,Kharif,17.81,9.54,0.54,Hectare,Tonnes,Tonne/Hectare,Red & Yellow,66.7,Black (Regur),Inceptisols,Typic Haplustepts,Clayey,Moderately deep,Well drained,Others,Colluvium,9
Maharashtra,Ratnagiri,2021-2022,Urad,Summer,0.1,0.05,0.54,Hectare,Tonnes,Tonne/Hectare,Red & Yellow,66.7,Black (Regur),Inceptisols,Typic Haplustepts,Clayey,Moderately deep,Well drained,Others,Colluvium,9
Maharashtra,Ratnagiri,2021-2022,other oilseeds,Kharif,12.0,4.0,0.33,Hectare,Tonnes,Tonne/Hectare,Red & Yellow,66.7,Black (Regur),Inceptisols,Typic Haplustepts,Clayey,Moderately deep,Well drained,Others,Colluvium,9
Maharashtra,Ratnagiri,2021-2022,other oilseeds,Rabi,72.73,28.0,0.38,Hectare,Tonnes,Tonne/Hectare,Red & Yellow,66.7,Black (Regur),Inceptisols,Typic Haplustepts,Clayey,Moderately deep,Well drained,Others,Colluvium,9
Maharashtra,Sangli,2021-2022,Arhar/Tur,Kharif,11929.24,7360.34,0.62,Hectare,Tonnes,Tonne/Hectare,Black (Regur),55.6,Red & Yellow,Entisols,Lithic Ustorthents,Clayey,Shallow,Well drained,Neutral,Basalt,9
Maharashtra,Sangli,2021-2022,Bajra,Kharif,60096.44,66247.39,1.1,Hectare,Tonnes,Tonne/Hectare,Black (Regur),55.6,Red & Yellow,Entisols,Lithic Ustorthents,Clayey,Shallow,Well drained,Neutral,Basalt,9
Maharashtra,Sangli,2021-2022,Gram,Rabi,24671.68,28409.93,1.15,Hectare,Tonnes,Tonne/Hectare,Black (Regur),55.6,Red & Yellow,Entisols,Lithic Ustorthents,Clayey,Shallow,Well drained,Neutral,Basalt,9
Maharashtra,Sangli,2021-2022,Groundnut,Kharif,36526.27,41366.01,1.13,Hectare,Tonnes,Tonne/Hectare,Black (Regur),55.6,Red & Yellow,Entisols,Lithic Ustorthents,Clayey,Shallow,Well drained,Neutral,Basalt,9
Maharashtra,Sangli,2021-2022,Groundnut,Summer,836.05,1089.81,1.3,Hectare,Tonnes,Tonne/Hectare,Black (Regur),55.6,Red & Yellow,Entisols,Lithic Ustorthents,Clayey,Shallow,Well drained,Neutral,Basalt,9
Maharashtra,Sangli,2021-2022,Jowar,Kharif,39563.0,46628.95,1.18,Hectare,Tonnes,Tonne/Hectare,Black (Regur),55.6,Red & Yellow,Entisols,Lithic Ustorthents,Clayey,Shallow,Well drained,Neutral,Basalt,9
Maharashtra,Sangli,2021-2022,Jowar,Rabi,137369.44,140420.42,1.02,Hectare,Tonnes,Tonne/Hectare,Black (Regur),55.6,Red & Yellow,Entisols,Lithic Ustorthents,Clayey,Shallow,Well drained,Neutral,Basalt,9
Maharashtra,Sangli,2021-2022,Maize,Kharif,46193.33,116818.31,2.53,Hectare,Tonnes,Tonne/Hectare,Black (Regur),55.6,Red & Yellow,Entisols,Lithic Ustorthents,Clayey,Shallow,Well drained,Neutral,Basalt,9
Maharashtra,Sangli,2021-2022,Maize,Rabi,19903.08,86705.78,4.36,Hectare,Tonnes,Tonne/Hectare,Black (Regur),55.6,Red & Yellow,Entisols,Lithic Ustorthents,Clayey,Shallow,Well drained,Neutral,Basalt,9
Maharashtra,Sangli,2021-2022,Maize,Summer,2463.83,5174.04,2.1,Hectare,Tonnes,Tonne/Hectare,Black (Regur),55.6,Red & Yellow,Entisols,Lithic Ustorthents,Clayey,Shallow,Well drained,Neutral,Basalt,9
Maharashtra,Sangli,2021-2022,Moong(Green Gram),Kharif,8355.64,5081.9,0.61,Hectare,Tonnes,Tonne/Hectare,Black (Regur),55.6,Red & Yellow,Entisols,Lithic Ustorthents,Clayey,Shallow,Well drained,Neutral,Basalt,9
Maharashtra,Sangli,2021-2022,Other Cereals,Kharif,2012.0,372.22,0.19,Hectare,Tonnes,Tonne/Hectare,Black (Regur),55.6,Red & Yellow,Entisols,Lithic Ustorthents,Clayey,Shallow,Well drained,Neutral,Basalt,9
Maharashtra,Sangli,2021-2022,Other Cereals,Rabi,212.0,26.5,0.13,Hectare,Tonnes,Tonne/Hectare,Black (Regur),55.6,Red & Yellow,Entisols,Lithic Ustorthents,Clayey,Shallow,Well drained,Neutral,Basalt,9
Maharashtra,Sangli,2021-2022,Other Kharif pulses,Kharif,8251.0,3019.87,0.37,Hectare,Tonnes,Tonne/Hectare,Black (Regur),55.6,Red & Yellow,Entisols,Lithic Ustorthents,Clayey,Shallow,Well drained,Neutral,Basalt,9
Maharashtra,Sangli,2021-2022,Other Rabi pulses,Rabi,136.0,71.54,0.53,Hectare,Tonnes,Tonne/Hectare,Black (Regur),55.6,Red & Yellow,Entisols,Lithic Ustorthents,Clayey,Shallow,Well drained,Neutral,Basalt,9
Maharashtra,Sangli,2021-2022,Ragi,Kharif,135.53,244.98,1.81,Hectare,Tonnes,Tonne/Hectare,Black (Regur),55.6,Red & Yellow,Entisols,Lithic Ustorthents,Clayey,Shallow,Well drained,Neutral,Basalt,9
Maharashtra,Sangli,2021-2022,Rice,Kharif,14931.0,36999.81,2.48,Hectare,Tonnes,Tonne/Hectare,Black (Regur),55.6,Red & Yellow,Entisols,Lithic Ustorthents,Clayey,Shallow,Well drained,Neutral,Basalt,9
Maharashtra,Sangli,2021-2022,Safflower,Rabi,49.0,11.7,0.24,Hectare,Tonnes,Tonne/Hectare,Black (Regur),55.6,Red & Yellow,Entisols,Lithic Ustorthents,Clayey,Shallow,Well drained,Neutral,Basalt,9
Maharashtra,Sangli,2021-2022,Sesamum,Kharif,2.0,0.38,0.19,Hectare,Tonnes,Tonne/Hectare,Black (Regur),55.6,Red & Yellow,Entisols,Lithic Ustorthents,Clayey,Shallow,Well drained,Neutral,Basalt,9
Maharashtra,Sangli,2021-2022,Soyabean,Kharif,51917.63,87595.43,1.69,Hectare,Tonnes,Tonne/Hectare,Black (Regur),55.6,Red & Yellow,Entisols,Lithic Ustorthents,Clayey,Shallow,Well drained,Neutral,Basalt,9
Maharashtra,Sangli,2021-2022,Soyabean,Summer,1315.25,1972.88,1.5,Hectare,Tonnes,Tonne/Hectare,Black (Regur),55.6,Red & Yellow,Entisols,Lithic Ustorthents,Clayey,Shallow,Well drained,Neutral,Basalt,9
Maharashtra,Sangli,2021-2022,Sugarcane,Whole Year,92715.0,9867440.05,106.43,Hectare,Tonnes,Tonne/Hectare,Black (Regur),55.6,Red & Yellow,Entisols,Lithic Ustorthents,Clayey,Shallow,Well drained,Neutral,Basalt,9
Maharashtra,Sangli,2021-2022,Sunflower,Kharif,278.41,159.61,0.57,Hectare,Tonnes,Tonne/Hectare,Black (Regur),55.6,Red & Yellow,Entisols,Lithic Ustorthents,Clayey,Shallow,Well drained,Neutral,Basalt,9
Maharashtra,Sangli,2021-2022,Sunflower,Rabi,26.0,34.29,1.32,Hectare,Tonnes,Tonne/Hectare,Black (Regur),55.6,Red & Yellow,Entisols,Lithic Ustorthents,Clayey,Shallow,Well drained,Neutral,Basalt,9
Maharashtra,Sangli,2021-2022,Sunflower,Summer,27.0,35.83,1.33,Hectare,Tonnes,Tonne/Hectare,Black (Regur),55.6,Red & Yellow,Entisols,Lithic Ustorthents,Clayey,Shallow,Well drained,Neutral,Basalt,9
Maharashtra,Sangli,2021-2022,Urad,Kharif,16299.38,13109.59,0.8,Hectare,Tonnes,Tonne/Hectare,Black (Regur),55.6,Red & Yellow,Entisols,Lithic Ustorthents,Clayey,Shallow,Well drained,Neutral,Basalt,9
Maharashtra,Sangli,2021-2022,Wheat,Rabi,20235.26,43759.96,2.16,Hectare,Tonnes,Tonne/Hectare,Black (Regur),55.6,Red & Yellow,Entisols,Lithic Ustorthents,Clayey,Shallow,Well drained,Neutral,Basalt,9
Maharashtra,Sangli,2021-2022,other oilseeds,Kharif,84.0,19.0,0.23,Hectare,Tonnes,Tonne/Hectare,Black (Regur),55.6,Red & Yellow,Entisols,Lithic Ustorthents,Clayey,Shallow,Well drained,Neutral,Basalt,9
Maharashtra,Sangli,2021-2022,other oilseeds,Rabi,8.0,1.0,0.13,Hectare,Tonnes,Tonne/Hectare,Black (Regur),55.6,Red & Yellow,Entisols,Lithic Ustorthents,Clayey,Shallow,Well drained,Neutral,Basalt,9
Maharashtra,Satara,2021-2022,Arhar/Tur,Kharif,1223.0,409.46,0.33,Hectare,Tonnes,Tonne/Hectare,Red & Yellow,77.8,Alluvial,Entisols,Lithic Ustorthents,Loamy,Shallow,Well drained,Others,,9
Maharashtra,Satara,2021-2022,Bajra,Kharif,50559.0,47375.23,0.94,Hectare,Tonnes,Tonne/Hectare,Red & Yellow,77.8,Alluvial,Entisols,Lithic Ustorthents,Loamy,Shallow,Well drained,Others,,9
Maharashtra,Satara,2021-2022,Cotton(lint),Kharif,162.0,243.0,1.5,Hectare,Bales,Bales/Hectare,Red & Yellow,77.8,Alluvial,Entisols,Lithic Ustorthents,Loamy,Shallow,Well drained,Others,,9
Maharashtra,Satara,2021-2022,Gram,Rabi,34108.66,39339.91,1.15,Hectare,Tonnes,Tonne/Hectare,Red & Yellow,77.8,Alluvial,Entisols,Lithic Ustorthents,Loamy,Shallow,Well drained,Others,,9
Maharashtra,Satara,2021-2022,Groundnut,Kharif,36418.0,60723.37,1.67,Hectare,Tonnes,Tonne/Hectare,Red & Yellow,77.8,Alluvial,Entisols,Lithic Ustorthents,Loamy,Shallow,Well drained,Others,,9
Maharashtra,Satara,2021-2022,Groundnut,Summer,2957.43,5371.37,1.82,Hectare,Tonnes,Tonne/Hectare,Red & Yellow,77.8,Alluvial,Entisols,Lithic Ustorthents,Loamy,Shallow,Well drained,Others,,9
Maharashtra,Satara,2021-2022,Jowar,Kharif,16553.0,22248.89,1.34,Hectare,Tonnes,Tonne/Hectare,Red & Yellow,77.8,Alluvial,Entisols,Lithic Ustorthents,Loamy,Shallow,Well drained,Others,,9
Maharashtra,Satara,2021-2022,Jowar,Rabi,111364.77,134409.48,1.21,Hectare,Tonnes,Tonne/Hectare,Red & Yellow,77.8,Alluvial,Entisols,Lithic Ustorthents,Loamy,Shallow,Well drained,Others,,9
Maharashtra,Satara,2021-2022,Maize,Kharif,18850.0,62593.31,3.32,Hectare,Tonnes,Tonne/Hectare,Red & Yellow,77.8,Alluvial,Entisols,Lithic Ustorthents,Loamy,Shallow,Well drained,Others,,9
Maharashtra,Satara,2021-2022,Maize,Rabi,24256.11,104296.42,4.3,Hectare,Tonnes,Tonne/Hectare,Red & Yellow,77.8,Alluvial,Entisols,Lithic Ustorthents,Loamy,Shallow,Well drained,Others,,9
Maharashtra,Satara,2021-2022,Maize,Summer,2691.19,8208.13,3.05,Hectare,Tonnes,Tonne/Hectare,Red & Yellow,77.8,Alluvial,Entisols,Lithic Ustorthents,Loamy,Shallow,Well drained,Others,,9
Maharashtra,Satara,2021-2022,Moong(Green Gram),Kharif,15698.24,8828.69,0.56,Hectare,Tonnes,Tonne/Hectare,Red & Yellow,77.8,Alluvial,Entisols,Lithic Ustorthents,Loamy,Shallow,Well drained,Others,,9
Maharashtra,Satara,2021-2022,Niger seed,Kharif,552.0,94.45,0.17,Hectare,Tonnes,Tonne/Hectare,Red & Yellow,77.8,Alluvial,Entisols,Lithic Ustorthents,Loamy,Shallow,Well drained,Others,,9
Maharashtra,Satara,2021-2022,Other Cereals,Kharif,387.0,193.5,0.5,Hectare,Tonnes,Tonne/Hectare,Red & Yellow,77.8,Alluvial,Entisols,Lithic Ustorthents,Loamy,Shallow,Well drained,Others,,9
Maharashtra,Satara,2021-2022,Other Cereals,Rabi,123.0,56.58,0.46,Hectare,Tonnes,Tonne/Hectare,Red & Yellow,77.8,Alluvial,Entisols,Lithic Ustorthents,Loamy,Shallow,Well drained,Others,,9
Maharashtra,Satara,2021-2022,Other Kharif pulses,Kharif,40426.0,56596.4,1.4,Hectare,Tonnes,Tonne/Hectare,Red & Yellow,77.8,Alluvial,Entisols,Lithic Ustorthents,Loamy,Shallow,Well drained,Others,,9
Maharashtra,Satara,2021-2022,Other Rabi pulses,Rabi,2905.0,1379.88,0.48,Hectare,Tonnes,Tonne/Hectare,Red & Yellow,77.8,Alluvial,Entisols,Lithic Ustorthents,Loamy,Shallow,Well drained,Others,,9
Maharashtra,Satara,2021-2022,Ragi,Kharif,5158.0,6206.11,1.2,Hectare,Tonnes,Tonne/Hectare,Red & Yellow,77.8,Alluvial,Entisols,Lithic Ustorthents,Loamy,Shallow,Well drained,Others,,9
Maharashtra,Satara,2021-2022,Rice,Kharif,45099.32,88918.68,1.97,Hectare,Tonnes,Tonne/Hectare,Red & Yellow,77.8,Alluvial,Entisols,Lithic Ustorthents,Loamy,Shallow,Well drained,Others,,9
Maharashtra,Satara,2021-2022,Sesamum,Kharif,35.0,6.68,0.19,Hectare,Tonnes,Tonne/Hectare,Red & Yellow,77.8,Alluvial,Entisols,Lithic Ustorthents,Loamy,Shallow,Well drained,Others,,9
Maharashtra,Satara,2021-2022,Soyabean,Kharif,74839.0,177450.75,2.37,Hectare,Tonnes,Tonne/Hectare,Red & Yellow,77.8,Alluvial,Entisols,Lithic Ustorthents,Loamy,Shallow,Well drained,Others,,9
Maharashtra,Satara,2021-2022,Soyabean,Summer,1637.0,2864.75,1.75,Hectare,Tonnes,Tonne/Hectare,Red & Yellow,77.8,Alluvial,Entisols,Lithic Ustorthents,Loamy,Shallow,Well drained,Others,,9
Maharashtra,Satara,2021-2022,Sugarcane,Whole Year,116626.0,13126135.11,112.55,Hectare,Tonnes,Tonne/Hectare,Red & Yellow,77.8,Alluvial,Entisols,Lithic Ustorthents,Loamy,Shallow,Well drained,Others,,9
Maharashtra,Satara,2021-2022,Sunflower,Kharif,129.41,74.19,0.57,Hectare,Tonnes,Tonne/Hectare,Red & Yellow,77.8,Alluvial,Entisols,Lithic Ustorthents,Loamy,Shallow,Well drained,Others,,9
Maharashtra,Satara,2021-2022,Sunflower,Rabi,34.0,44.84,1.32,Hectare,Tonnes,Tonne/Hectare,Red & Yellow,77.8,Alluvial,Entisols,Lithic Ustorthents,Loamy,Shallow,Well drained,Others,,9
Maharashtra,Satara,2021-2022,Urad,Kharif,4197.43,3248.39,0.77,Hectare,Tonnes,Tonne/Hectare,Red & Yellow,77.8,Alluvial,Entisols,Lithic Ustorthents,Loamy,Shallow,Well drained,Others,,9
Maharashtra,Satara,2021-2022,Wheat,Rabi,37957.18,92410.17,2.43,Hectare,Tonnes,Tonne/Hectare,Red & Yellow,77.8,Alluvial,Entisols,Lithic Ustorthents,Loamy,Shallow,Well drained,Others,,9
Maharashtra,Satara,2021-2022,other oilseeds,Kharif,85.0,26.0,0.31,Hectare,Tonnes,Tonne/Hectare,Red & Yellow,77.8,Alluvial,Entisols,Lithic Ustorthents,Loamy,Shallow,Well drained,Others,,9
Maharashtra,Satara,2021-2022,other oilseeds,Rabi,650.0,156.0,0.24,Hectare,Tonnes,Tonne/Hectare,Red & Yellow,77.8,Alluvial,Entisols,Lithic Ustorthents,Loamy,Shallow,Well drained,Others,,9
Maharashtra,Sindhudurg,2021-2022,Arhar/Tur,Kharif,2.0,1.2,0.6,Hectare,Tonnes,Tonne/Hectare,Red & Yellow,88.9,Mountain / Forest,Inceptisols,Typic Haplustepts,Loamy,Moderately deep,Well drained,Slightly acidic,Colluvium,9
Maharashtra,Sindhudurg,2021-2022,Groundnut,Kharif,541.45,472.58,0.87,Hectare,Tonnes,Tonne/Hectare,Red & Yellow,88.9,Mountain / Forest,Inceptisols,Typic Haplustepts,Loamy,Moderately deep,Well drained,Slightly acidic,Colluvium,9
Maharashtra,Sindhudurg,2021-2022,Groundnut,Summer,863.0,2042.55,2.37,Hectare,Tonnes,Tonne/Hectare,Red & Yellow,88.9,Mountain / Forest,Inceptisols,Typic Haplustepts,Loamy,Moderately deep,Well drained,Slightly acidic,Colluvium,9
Maharashtra,Sindhudurg,2021-2022,Maize,Rabi,383.0,943.56,2.46,Hectare,Tonnes,Tonne/Hectare,Red & Yellow,88.9,Mountain / Forest,Inceptisols,Typic Haplustepts,Loamy,Moderately deep,Well drained,Slightly acidic,Colluvium,9
Maharashtra,Sindhudurg,2021-2022,Moong(Green Gram),Kharif,74.0,47.01,0.64,Hectare,Tonnes,Tonne/Hectare,Red & Yellow,88.9,Mountain / Forest,Inceptisols,Typic Haplustepts,Loamy,Moderately deep,Well drained,Slightly acidic,Colluvium,9
Maharashtra,Sindhudurg,2021-2022,Other Cereals,Kharif,47.0,23.77,0.51,Hectare,Tonnes,Tonne/Hectare,Red & Yellow,88.9,Mountain / Forest,Inceptisols,Typic Haplustepts,Loamy,Moderately deep,Well drained,Slightly acidic,Colluvium,9
Maharashtra,Sindhudurg,2021-2022,Other Cereals,Rabi,221.0,212.16,0.96,Hectare,Tonnes,Tonne/Hectare,Red & Yellow,88.9,Mountain / Forest,Inceptisols,Typic Haplustepts,Loamy,Moderately deep,Well drained,Slightly acidic,Colluvium,9
Maharashtra,Sindhudurg,2021-2022,Other Cereals,Summer,58.0,52.2,0.9,Hectare,Tonnes,Tonne/Hectare,Red & Yellow,88.9,Mountain / Forest,Inceptisols,Typic Haplustepts,Loamy,Moderately deep,Well drained,Slightly acidic,Colluvium,9
Maharashtra,Sindhudurg,2021-2022,Other Kharif pulses,Kharif,416.0,187.62,0.45,Hectare,Tonnes,Tonne/Hectare,Red & Yellow,88.9,Mountain / Forest,Inceptisols,Typic Haplustepts,Loamy,Moderately deep,Well drained,Slightly acidic,Colluvium,9
Maharashtra,Sindhudurg,2021-2022,Other Rabi pulses,Rabi,5081.0,3455.08,0.68,Hectare,Tonnes,Tonne/Hectare,Red & Yellow,88.9,Mountain / Forest,Inceptisols,Typic Haplustepts,Loamy,Moderately deep,Well drained,Slightly acidic,Colluvium,9
Maharashtra,Sindhudurg,2021-2022,Ragi,Kharif,1284.32,2484.78,1.93,Hectare,Tonnes,Tonne/Hectare,Red & Yellow,88.9,Mountain / Forest,Inceptisols,Typic Haplustepts,Loamy,Moderately deep,Well drained,Slightly acidic,Colluvium,9
Maharashtra,Sindhudurg,2021-2022,Rice,Kharif,62063.18,160649.95,2.59,Hectare,Tonnes,Tonne/Hectare,Red & Yellow,88.9,Mountain / Forest,Inceptisols,Typic Haplustepts,Loamy,Moderately deep,Well drained,Slightly acidic,Colluvium,9
Maharashtra,Sindhudurg,2021-2022,Rice,Summer,1551.0,4136.81,2.67,Hectare,Tonnes,Tonne/Hectare,Red & Yellow,88.9,Mountain / Forest,Inceptisols,Typic Haplustepts,Loamy,Moderately deep,Well drained,Slightly acidic,Colluvium,9
Maharashtra,Sindhudurg,2021-2022,Sesamum,Summer,39.0,5.85,0.15,Hectare,Tonnes,Tonne/Hectare,Red & Yellow,88.9,Mountain / Forest,Inceptisols,Typic Haplustepts,Loamy,Moderately deep,Well drained,Slightly acidic,Colluvium,9
Maharashtra,Sindhudurg,2021-2022,Urad,Kharif,10.0,5.36,0.54,Hectare,Tonnes,Tonne/Hectare,Red & Yellow,88.9,Mountain / Forest,Inceptisols,Typic Haplustepts,Loamy,Moderately deep,Well drained,Slightly acidic,Colluvium,9
Maharashtra,Sindhudurg,2021-2022,other oilseeds,Rabi,7.0,4.34,0.62,Hectare,Tonnes,Tonne/Hectare,Red & Yellow,88.9,Mountain / Forest,Inceptisols,Typic Haplustepts,Loamy,Moderately deep,Well drained,Slightly acidic,Colluvium,9
Maharashtra,Sindhudurg,2021-2022,other oilseeds,Summer,94.0,18.8,0.2,Hectare,Tonnes,Tonne/Hectare,Red & Yellow,88.9,Mountain / Forest,Inceptisols,Typic Haplustepts,Loamy,Moderately deep,Well drained,Slightly acidic,Colluvium,9
Maharashtra,Solapur,2021-2022,Arhar/Tur,Kharif,60637.32,31379.81,0.52,Hectare,Tonnes,Tonne/Hectare,Black (Regur),55.6,Mountain / Forest,Vertisols,Chromic Haplusterts,Clayey,Very deep,Moderately well drained,Slightly alkaline,Alluvium,9
Maharashtra,Solapur,2021-2022,Bajra,Kharif,57132.06,23218.19,0.41,Hectare,Tonnes,Tonne/Hectare,Black (Regur),55.6,Mountain / Forest,Vertisols,Chromic Haplusterts,Clayey,Very deep,Moderately well drained,Slightly alkaline,Alluvium,9
Maharashtra,Solapur,2021-2022,Bajra,Summer,6.0,5.46,0.91,Hectare,Tonnes,Tonne/Hectare,Black (Regur),55.6,Mountain / Forest,Vertisols,Chromic Haplusterts,Clayey,Very deep,Moderately well drained,Slightly alkaline,Alluvium,9
Maharashtra,Solapur,2021-2022,Cotton(lint),Kharif,300.0,400.0,1.33,Hectare,Bales,Bales/Hectare,Black (Regur),55.6,Mountain / Forest,Vertisols,Chromic Haplusterts,Clayey,Very deep,Moderately well drained,Slightly alkaline,Alluvium,9
Maharashtra,Solapur,2021-2022,Gram,Rabi,76792.41,61579.83,0.8,Hectare,Tonnes,Tonne/Hectare,Black (Regur),55.6,Mountain / Forest,Vertisols,Chromic Haplusterts,Clayey,Very deep,Moderately well drained,Slightly alkaline,Alluvium,9
Maharashtra,Solapur,2021-2022,Groundnut,Kharif,2849.52,1815.14,0.64,Hectare,Tonnes,Tonne/Hectare,Black (Regur),55.6,Mountain / Forest,Vertisols,Chromic Haplusterts,Clayey,Very deep,Moderately well drained,Slightly alkaline,Alluvium,9
Maharashtra,Solapur,2021-2022,Groundnut,Summer,5433.09,7118.26,1.31,Hectare,Tonnes,Tonne/Hectare,Black (Regur),55.6,Mountain / Forest,Vertisols,Chromic Haplusterts,Clayey,Very deep,Moderately well drained,Slightly alkaline,Alluvium,9
Maharashtra,Solapur,2021-2022,Jowar,Kharif,1199.19,1353.97,1.13,Hectare,Tonnes,Tonne/Hectare,Black (Regur),55.6,Mountain / Forest,Vertisols,Chromic Haplusterts,Clayey,Very deep,Moderately well drained,Slightly alkaline,Alluvium,9
Maharashtra,Solapur,2021-2022,Jowar,Rabi,458397.74,374300.09,0.82,Hectare,Tonnes,Tonne/Hectare,Black (Regur),55.6,Mountain / Forest,Vertisols,Chromic Haplusterts,Clayey,Very deep,Moderately well drained,Slightly alkaline,Alluvium,9
Maharashtra,Solapur,2021-2022,Linseed,Rabi,191.39,180.39,0.94,Hectare,Tonnes,Tonne/Hectare,Black (Regur),55.6,Mountain / Forest,Vertisols,Chromic Haplusterts,Clayey,Very deep,Moderately well drained,Slightly alkaline,Alluvium,9
Maharashtra,Solapur,2021-2022,Maize,Kharif,38307.18,88623.66,2.31,Hectare,Tonnes,Tonne/Hectare,Black (Regur),55.6,Mountain / Forest,Vertisols,Chromic Haplusterts,Clayey,Very deep,Moderately well drained,Slightly alkaline,Alluvium,9
Maharashtra,Solapur,2021-2022,Maize,Rabi,56247.79,125275.08,2.23,Hectare,Tonnes,Tonne/Hectare,Black (Regur),55.6,Mountain / Forest,Vertisols,Chromic Haplusterts,Clayey,Very deep,Moderately well drained,Slightly alkaline,Alluvium,9
Maharashtra,Solapur,2021-2022,Maize,Summer,6237.04,8769.28,1.41,Hectare,Tonnes,Tonne/Hectare,Black (Regur),55.6,Mountain / Forest,Vertisols,Chromic Haplusterts,Clayey,Very deep,Moderately well drained,Slightly alkaline,Alluvium,9
Maharashtra,Solapur,2021-2022,Moong(Green Gram),Kharif,18548.52,9528.38,0.51,Hectare,Tonnes,Tonne/Hectare,Black (Regur),55.6,Mountain / Forest,Vertisols,Chromic Haplusterts,Clayey,Very deep,Moderately well drained,Slightly alkaline,Alluvium,9
Maharashtra,Solapur,2021-2022,Moong(Green Gram),Summer,8.0,1.47,0.18,Hectare,Tonnes,Tonne/Hectare,Black (Regur),55.6,Mountain / Forest,Vertisols,Chromic Haplusterts,Clayey,Very deep,Moderately well drained,Slightly alkaline,Alluvium,9
Maharashtra,Solapur,2021-2022,Niger seed,Kharif,28.0,4.79,0.17,Hectare,Tonnes,Tonne/Hectare,Black (Regur),55.6,Mountain / Forest,Vertisols,Chromic Haplusterts,Clayey,Very deep,Moderately well drained,Slightly alkaline,Alluvium,9
Maharashtra,Solapur,2021-2022,Other Cereals,Kharif,1.0,0.27,0.27,Hectare,Tonnes,Tonne/Hectare,Black (Regur),55.6,Mountain / Forest,Vertisols,Chromic Haplusterts,Clayey,Very deep,Moderately well drained,Slightly alkaline,Alluvium,9
Maharashtra,Solapur,2021-2022,Other Kharif pulses,Kharif,240.0,56.4,0.24,Hectare,Tonnes,Tonne/Hectare,Black (Regur),55.6,Mountain / Forest,Vertisols,Chromic Haplusterts,Clayey,Very deep,Moderately well drained,Slightly alkaline,Alluvium,9
Maharashtra,Solapur,2021-2022,Other Rabi pulses,Rabi,12.0,2.78,0.23,Hectare,Tonnes,Tonne/Hectare,Black (Regur),55.6,Mountain / Forest,Vertisols,Chromic Haplusterts,Clayey,Very deep,Moderately well drained,Slightly alkaline,Alluvium,9
Maharashtra,Solapur,2021-2022,Ragi,Kharif,4.0,4.73,1.18,Hectare,Tonnes,Tonne/Hectare,Black (Regur),55.6,Mountain / Forest,Vertisols,Chromic Haplusterts,Clayey,Very deep,Moderately well drained,Slightly alkaline,Alluvium,9
Maharashtra,Solapur,2021-2022,Rice,Kharif,52.0,20.0,0.38,Hectare,Tonnes,Tonne/Hectare,Black (Regur),55.6,Mountain / Forest,Vertisols,Chromic Haplusterts,Clayey,Very deep,Moderately well drained,Slightly alkaline,Alluvium,9
Maharashtra,Solapur,2021-2022,Rice,Summer,7.0,21.79,3.11,Hectare,Tonnes,Tonne/Hectare,Black (Regur),55.6,Mountain / Forest,Vertisols,Chromic Haplusterts,Clayey,Very deep,Moderately well drained,Slightly alkaline,Alluvium,9
Maharashtra,Solapur,2021-2022,Safflower,Rabi,1043.59,731.24,0.7,Hectare,Tonnes,Tonne/Hectare,Black (Regur),55.6,Mountain / Forest,Vertisols,Chromic Haplusterts,Clayey,Very deep,Moderately well drained,Slightly alkaline,Alluvium,9
Maharashtra,Solapur,2021-2022,Sesamum,Kharif,88.77,16.95,0.19,Hectare,Tonnes,Tonne/Hectare,Black (Regur),55.6,Mountain / Forest,Vertisols,Chromic Haplusterts,Clayey,Very deep,Moderately well drained,Slightly alkaline,Alluvium,9
Maharashtra,Solapur,2021-2022,Sesamum,Rabi,197.27,140.95,0.71,Hectare,Tonnes,Tonne/Hectare,Black (Regur),55.6,Mountain / Forest,Vertisols,Chromic Haplusterts,Clayey,Very deep,Moderately well drained,Slightly alkaline,Alluvium,9
Maharashtra,Solapur,2021-2022,Sesamum,Summer,0.8,0.15,0.19,Hectare,Tonnes,Tonne/Hectare,Black (Regur),55.6,Mountain / Forest,Vertisols,Chromic Haplusterts,Clayey,Very deep,Moderately well drained,Slightly alkaline,Alluvium,9
Maharashtra,Solapur,2021-2022,Soyabean,Kharif,50475.36,59061.22,1.17,Hectare,Tonnes,Tonne/Hectare,Black (Regur),55.6,Mountain / Forest,Vertisols,Chromic Haplusterts,Clayey,Very deep,Moderately well drained,Slightly alkaline,Alluvium,9
Maharashtra,Solapur,2021-2022,Soyabean,Summer,1017.9,1526.85,1.5,Hectare,Tonnes,Tonne/Hectare,Black (Regur),55.6,Mountain / Forest,Vertisols,Chromic Haplusterts,Clayey,Very deep,Moderately well drained,Slightly alkaline,Alluvium,9
Maharashtra,Solapur,2021-2022,Sugarcane,Whole Year,254125.0,26087769.41,102.66,Hectare,Tonnes,Tonne/Hectare,Black (Regur),55.6,Mountain / Forest,Vertisols,Chromic Haplusterts,Clayey,Very deep,Moderately well drained,Slightly alkaline,Alluvium,9
Maharashtra,Solapur,2021-2022,Sunflower,Kharif,2333.82,1311.61,0.56,Hectare,Tonnes,Tonne/Hectare,Black (Regur),55.6,Mountain / Forest,Vertisols,Chromic Haplusterts,Clayey,Very deep,Moderately well drained,Slightly alkaline,Alluvium,9
Maharashtra,Solapur,2021-2022,Sunflower,Rabi,479.37,632.19,1.32,Hectare,Tonnes,Tonne/Hectare,Black (Regur),55.6,Mountain / Forest,Vertisols,Chromic Haplusterts,Clayey,Very deep,Moderately well drained,Slightly alkaline,Alluvium,9
Maharashtra,Solapur,2021-2022,Sunflower,Summer,57.28,44.28,0.77,Hectare,Tonnes,Tonne/Hectare,Black (Regur),55.6,Mountain / Forest,Vertisols,Chromic Haplusterts,Clayey,Very deep,Moderately well drained,Slightly alkaline,Alluvium,9
Maharashtra,Solapur,2021-2022,Urad,Kharif,39998.47,23479.1,0.59,Hectare,Tonnes,Tonne/Hectare,Black (Regur),55.6,Mountain / Forest,Vertisols,Chromic Haplusterts,Clayey,Very deep,Moderately well drained,Slightly alkaline,Alluvium,9
Maharashtra,Solapur,2021-2022,Urad,Summer,2.0,1.08,0.54,Hectare,Tonnes,Tonne/Hectare,Black (Regur),55.6,Mountain / Forest,Vertisols,Chromic Haplusterts,Clayey,Very deep,Moderately well drained,Slightly alkaline,Alluvium,9
Maharashtra,Solapur,2021-2022,Wheat,Rabi,88879.6,126400.12,1.42,Hectare,Tonnes,Tonne/Hectare,Black (Regur),55.6,Mountain / Forest,Vertisols,Chromic Haplusterts,Clayey,Very deep,Moderately well drained,Slightly alkaline,Alluvium,9
Maharashtra,Solapur,2021-2022,other oilseeds,Kharif,19.0,6.0,0.32,Hectare,Tonnes,Tonne/Hectare,Black (Regur),55.6,Mountain / Forest,Vertisols,Chromic Haplusterts,Clayey,Very deep,Moderately well drained,Slightly alkaline,Alluvium,9
Maharashtra,Solapur,2021-2022,other oilseeds,Rabi,205.8,30.46,0.15,Hectare,Tonnes,Tonne/Hectare,Black (Regur),55.6,Mountain / Forest,Vertisols,Chromic Haplusterts,Clayey,Very deep,Moderately well drained,Slightly alkaline,Alluvium,9
Maharashtra,Thane,2021-2022,Arhar/Tur,Kharif,1244.09,748.32,0.6,Hectare,Tonnes,Tonne/Hectare,Mountain / Forest,66.7,Red & Yellow,Inceptisols,Typic Haplustepts,Loamy,Shallow,Well drained,Slightly acidic,Basalt,9
Maharashtra,Thane,2021-2022,Gram,Rabi,3148.2,2892.25,0.92,Hectare,Tonnes,Tonne/Hectare,Mountain / Forest,66.7,Red & Yellow,Inceptisols,Typic Haplustepts,Loamy,Shallow,Well drained,Slightly acidic,Basalt,9
Maharashtra,Thane,2021-2022,Groundnut,Summer,21.0,82.7,3.94,Hectare,Tonnes,Tonne/Hectare,Mountain / Forest,66.7,Red & Yellow,Inceptisols,Typic Haplustepts,Loamy,Shallow,Well drained,Slightly acidic,Basalt,9
Maharashtra,Thane,2021-2022,Maize,Rabi,101.8,250.79,2.46,Hectare,Tonnes,Tonne/Hectare,Mountain / Forest,66.7,Red & Yellow,Inceptisols,Typic Haplustepts,Loamy,Shallow,Well drained,Slightly acidic,Basalt,9
Maharashtra,Thane,2021-2022,Maize,Summer,15.0,30.01,2.0,Hectare,Tonnes,Tonne/Hectare,Mountain / Forest,66.7,Red & Yellow,Inceptisols,Typic Haplustepts,Loamy,Shallow,Well drained,Slightly acidic,Basalt,9
Maharashtra,Thane,2021-2022,Moong(Green Gram),Kharif,68.54,43.54,0.64,Hectare,Tonnes,Tonne/Hectare,Mountain / Forest,66.7,Red & Yellow,Inceptisols,Typic Haplustepts,Loamy,Shallow,Well drained,Slightly acidic,Basalt,9
Maharashtra,Thane,2021-2022,Niger seed,Kharif,81.0,13.86,0.17,Hectare,Tonnes,Tonne/Hectare,Mountain / Forest,66.7,Red & Yellow,Inceptisols,Typic Haplustepts,Loamy,Shallow,Well drained,Slightly acidic,Basalt,9
Maharashtra,Thane,2021-2022,Other Cereals,Kharif,1324.5,780.13,0.59,Hectare,Tonnes,Tonne/Hectare,Mountain / Forest,66.7,Red & Yellow,Inceptisols,Typic Haplustepts,Loamy,Shallow,Well drained,Slightly acidic,Basalt,9
Maharashtra,Thane,2021-2022,Other Kharif pulses,Kharif,14.13,8.17,0.58,Hectare,Tonnes,Tonne/Hectare,Mountain / Forest,66.7,Red & Yellow,Inceptisols,Typic Haplustepts,Loamy,Shallow,Well drained,Slightly acidic,Basalt,9
Maharashtra,Thane,2021-2022,Other Rabi pulses,Rabi,2924.38,1947.64,0.67,Hectare,Tonnes,Tonne/Hectare,Mountain / Forest,66.7,Red & Yellow,Inceptisols,Typic Haplustepts,Loamy,Shallow,Well drained,Slightly acidic,Basalt,9
Maharashtra,Thane,2021-2022,Ragi,Kharif,2302.3,2335.22,1.01,Hectare,Tonnes,Tonne/Hectare,Mountain / Forest,66.7,Red & Yellow,Inceptisols,Typic Haplustepts,Loamy,Shallow,Well drained,Slightly acidic,Basalt,9
Maharashtra,Thane,2021-2022,Rice,Kharif,54907.01,129080.02,2.35,Hectare,Tonnes,Tonne/Hectare,Mountain / Forest,66.7,Red & Yellow,Inceptisols,Typic Haplustepts,Loamy,Shallow,Well drained,Slightly acidic,Basalt,9
Maharashtra,Thane,2021-2022,Rice,Summer,38.0,171.39,4.51,Hectare,Tonnes,Tonne/Hectare,Mountain / Forest,66.7,Red & Yellow,Inceptisols,Typic Haplustepts,Loamy,Shallow,Well drained,Slightly acidic,Basalt,9
Maharashtra,Thane,2021-2022,Sesamum,Kharif,30.7,5.86,0.19,Hectare,Tonnes,Tonne/Hectare,Mountain / Forest,66.7,Red & Yellow,Inceptisols,Typic Haplustepts,Loamy,Shallow,Well drained,Slightly acidic,Basalt,9
Maharashtra,Thane,2021-2022,Sesamum,Rabi,85.1,60.8,0.71,Hectare,Tonnes,Tonne/Hectare,Mountain / Forest,66.7,Red & Yellow,Inceptisols,Typic Haplustepts,Loamy,Shallow,Well drained,Slightly acidic,Basalt,9
Maharashtra,Thane,2021-2022,Urad,Kharif,585.8,451.3,0.77,Hectare,Tonnes,Tonne/Hectare,Mountain / Forest,66.7,Red & Yellow,Inceptisols,Typic Haplustepts,Loamy,Shallow,Well drained,Slightly acidic,Basalt,9
Maharashtra,Thane,2021-2022,other oilseeds,Kharif,1.0,0.1,0.1,Hectare,Tonnes,Tonne/Hectare,Mountain / Forest,66.7,Red & Yellow,Inceptisols,Typic Haplustepts,Loamy,Shallow,Well drained,Slightly acidic,Basalt,9
Maharashtra,Wardha,2021-2022,Arhar/Tur,Kharif,78312.92,109121.23,1.39,Hectare,Tonnes,Tonne/Hectare,Black (Regur),100.0,,Vertisols,Chromic Haplusterts,Clayey,Very deep,Moderately well drained,Neutral,Alluvium,9
Maharashtra,Wardha,2021-2022,Cotton(lint),Kharif,253100.0,752100.0,2.97,Hectare,Bales,Bales/Hectare,Black (Regur),100.0,,Vertisols,Chromic Haplusterts,Clayey,Very deep,Moderately well drained,Neutral,Alluvium,9
Maharashtra,Wardha,2021-2022,Gram,Rabi,33089.84,50149.97,1.52,Hectare,Tonnes,Tonne/Hectare,Black (Regur),100.0,,Vertisols,Chromic Haplusterts,Clayey,Very deep,Moderately well drained,Neutral,Alluvium,9
Maharashtra,Wardha,2021-2022,Groundnut,Kharif,395.27,515.6,1.3,Hectare,Tonnes,Tonne/Hectare,Black (Regur),100.0,,Vertisols,Chromic Haplusterts,Clayey,Very deep,Moderately well drained,Neutral,Alluvium,9
Maharashtra,Wardha,2021-2022,Groundnut,Summer,1284.76,2652.14,2.06,Hectare,Tonnes,Tonne/Hectare,Black (Regur),100.0,,Vertisols,Chromic Haplusterts,Clayey,Very deep,Moderately well drained,Neutral,Alluvium,9
Maharashtra,Wardha,2021-2022,Jowar,Kharif,651.65,139.65,0.21,Hectare,Tonnes,Tonne/Hectare,Black (Regur),100.0,,Vertisols,Chromic Haplusterts,Clayey,Very deep,Moderately well drained,Neutral,Alluvium,9
Maharashtra,Wardha,2021-2022,Jowar,Rabi,1068.4,928.78,0.87,Hectare,Tonnes,Tonne/Hectare,Black (Regur),100.0,,Vertisols,Chromic Haplusterts,Clayey,Very deep,Moderately well drained,Neutral,Alluvium,9
Maharashtra,Wardha,2021-2022,Jowar,Summer,1189.61,989.07,0.83,Hectare,Tonnes,Tonne/Hectare,Black (Regur),100.0,,Vertisols,Chromic Haplusterts,Clayey,Very deep,Moderately well drained,Neutral,Alluvium,9
Maharashtra,Wardha,2021-2022,Linseed,Rabi,95.6,30.75,0.32,Hectare,Tonnes,Tonne/Hectare,Black (Regur),100.0,,Vertisols,Chromic Haplusterts,Clayey,Very deep,Moderately well drained,Neutral,Alluvium,9
Maharashtra,Wardha,2021-2022,Maize,Kharif,0.82,2.42,2.95,Hectare,Tonnes,Tonne/Hectare,Black (Regur),100.0,,Vertisols,Chromic Haplusterts,Clayey,Very deep,Moderately well drained,Neutral,Alluvium,9
Maharashtra,Wardha,2021-2022,Maize,Rabi,375.68,817.67,2.18,Hectare,Tonnes,Tonne/Hectare,Black (Regur),100.0,,Vertisols,Chromic Haplusterts,Clayey,Very deep,Moderately well drained,Neutral,Alluvium,9
Maharashtra,Wardha,2021-2022,Maize,Summer,33.0,22.44,0.68,Hectare,Tonnes,Tonne/Hectare,Black (Regur),100.0,,Vertisols,Chromic Haplusterts,Clayey,Very deep,Moderately well drained,Neutral,Alluvium,9
Maharashtra,Wardha,2021-2022,Moong(Green Gram),Kharif,45.2,22.35,0.49,Hectare,Tonnes,Tonne/Hectare,Black (Regur),100.0,,Vertisols,Chromic Haplusterts,Clayey,Very deep,Moderately well drained,Neutral,Alluvium,9
Maharashtra,Wardha,2021-2022,Moong(Green Gram),Summer,494.71,91.12,0.18,Hectare,Tonnes,Tonne/Hectare,Black (Regur),100.0,,Vertisols,Chromic Haplusterts,Clayey,Very deep,Moderately well drained,Neutral,Alluvium,9
Maharashtra,Wardha,2021-2022,Other Cereals,Kharif,1499.42,524.8,0.35,Hectare,Tonnes,Tonne/Hectare,Black (Regur),100.0,,Vertisols,Chromic Haplusterts,Clayey,Very deep,Moderately well drained,Neutral,Alluvium,9
Maharashtra,Wardha,2021-2022,Safflower,Rabi,340.0,279.41,0.82,Hectare,Tonnes,Tonne/Hectare,Black (Regur),100.0,,Vertisols,Chromic Haplusterts,Clayey,Very deep,Moderately well drained,Neutral,Alluvium,9
Maharashtra,Wardha,2021-2022,Sesamum,Kharif,17.12,2.34,0.14,Hectare,Tonnes,Tonne/Hectare,Black (Regur),100.0,,Vertisols,Chromic Haplusterts,Clayey,Very deep,Moderately well drained,Neutral,Alluvium,9
Maharashtra,Wardha,2021-2022,Sesamum,Summer,279.3,53.53,0.19,Hectare,Tonnes,Tonne/Hectare,Black (Regur),100.0,,Vertisols,Chromic Haplusterts,Clayey,Very deep,Moderately well drained,Neutral,Alluvium,9
Maharashtra,Wardha,2021-2022,Soyabean,Kharif,122286.73,197872.16,1.62,Hectare,Tonnes,Tonne/Hectare,Black (Regur),100.0,,Vertisols,Chromic Haplusterts,Clayey,Very deep,Moderately well drained,Neutral,Alluvium,9
Maharashtra,Wardha,2021-2022,Soyabean,Summer,753.1,451.86,0.6,Hectare,Tonnes,Tonne/Hectare,Black (Regur),100.0,,Vertisols,Chromic Haplusterts,Clayey,Very deep,Moderately well drained,Neutral,Alluvium,9
Maharashtra,Wardha,2021-2022,Sugarcane,Whole Year,532.0,33576.96,63.11,Hectare,Tonnes,Tonne/Hectare,Black (Regur),100.0,,Vertisols,Chromic Haplusterts,Clayey,Very deep,Moderately well drained,Neutral,Alluvium,9
Maharashtra,Wardha,2021-2022,Urad,Kharif,62.56,24.79,0.4,Hectare,Tonnes,Tonne/Hectare,Black (Regur),100.0,,Vertisols,Chromic Haplusterts,Clayey,Very deep,Moderately well drained,Neutral,Alluvium,9
Maharashtra,Wardha,2021-2022,Wheat,Rabi,15808.8,36380.0,2.3,Hectare,Tonnes,Tonne/Hectare,Black (Regur),100.0,,Vertisols,Chromic Haplusterts,Clayey,Very deep,Moderately well drained,Neutral,Alluvium,9
Maharashtra,Wardha,2021-2022,other oilseeds,Rabi,96.6,50.79,0.53,Hectare,Tonnes,Tonne/Hectare,Black (Regur),100.0,,Vertisols,Chromic Haplusterts,Clayey,Very deep,Moderately well drained,Neutral,Alluvium,9
Maharashtra,Washim,2021-2022,Arhar/Tur,Kharif,66198.05,36859.07,0.56,Hectare,Tonnes,Tonne/Hectare,Black (Regur),55.6,Saline / Alkaline,Vertisols,Chromic Haplusterts,Clayey,Very deep,Moderately well drained,Neutral,Alluvium,9
Maharashtra,Washim,2021-2022,Bajra,Kharif,2.0,0.72,0.36,Hectare,Tonnes,Tonne/Hectare,Black (Regur),55.6,Saline / Alkaline,Vertisols,Chromic Haplusterts,Clayey,Very deep,Moderately well drained,Neutral,Alluvium,9
Maharashtra,Washim,2021-2022,Cotton(lint),Kharif,18200.0,60400.0,3.32,Hectare,Bales,Bales/Hectare,Black (Regur),55.6,Saline / Alkaline,Vertisols,Chromic Haplusterts,Clayey,Very deep,Moderately well drained,Neutral,Alluvium,9
Maharashtra,Washim,2021-2022,Gram,Rabi,81031.37,103100.26,1.27,Hectare,Tonnes,Tonne/Hectare,Black (Regur),55.6,Saline / Alkaline,Vertisols,Chromic Haplusterts,Clayey,Very deep,Moderately well drained,Neutral,Alluvium,9
Maharashtra,Washim,2021-2022,Groundnut,Kharif,4.6,5.82,1.27,Hectare,Tonnes,Tonne/Hectare,Black (Regur),55.6,Saline / Alkaline,Vertisols,Chromic Haplusterts,Clayey,Very deep,Moderately well drained,Neutral,Alluvium,9
Maharashtra,Washim,2021-2022,Groundnut,Summer,9727.45,20570.39,2.11,Hectare,Tonnes,Tonne/Hectare,Black (Regur),55.6,Saline / Alkaline,Vertisols,Chromic Haplusterts,Clayey,Very deep,Moderately well drained,Neutral,Alluvium,9
Maharashtra,Washim,2021-2022,Jowar,Kharif,6441.91,4895.21,0.76,Hectare,Tonnes,Tonne/Hectare,Black (Regur),55.6,Saline / Alkaline,Vertisols,Chromic Haplusterts,Clayey,Very deep,Moderately well drained,Neutral,Alluvium,9
Maharashtra,Washim,2021-2022,Jowar,Rabi,541.59,466.2,0.86,Hectare,Tonnes,Tonne/Hectare,Black (Regur),55.6,Saline / Alkaline,Vertisols,Chromic Haplusterts,Clayey,Very deep,Moderately well drained,Neutral,Alluvium,9
Maharashtra,Washim,2021-2022,Jowar,Summer,172.4,143.34,0.83,Hectare,Tonnes,Tonne/Hectare,Black (Regur),55.6,Saline / Alkaline,Vertisols,Chromic Haplusterts,Clayey,Very deep,Moderately well drained,Neutral,Alluvium,9
Maharashtra,Washim,2021-2022,Maize,Kharif,453.06,1337.19,2.95,Hectare,Tonnes,Tonne/Hectare,Black (Regur),55.6,Saline / Alkaline,Vertisols,Chromic Haplusterts,Clayey,Very deep,Moderately well drained,Neutral,Alluvium,9
Maharashtra,Washim,2021-2022,Maize,Rabi,304.23,662.16,2.18,Hectare,Tonnes,Tonne/Hectare,Black (Regur),55.6,Saline / Alkaline,Vertisols,Chromic Haplusterts,Clayey,Very deep,Moderately well drained,Neutral,Alluvium,9
Maharashtra,Washim,2021-2022,Maize,Summer,185.0,320.42,1.73,Hectare,Tonnes,Tonne/Hectare,Black (Regur),55.6,Saline / Alkaline,Vertisols,Chromic Haplusterts,Clayey,Very deep,Moderately well drained,Neutral,Alluvium,9
Maharashtra,Washim,2021-2022,Moong(Green Gram),Kharif,6152.24,4697.23,0.76,Hectare,Tonnes,Tonne/Hectare,Black (Regur),55.6,Saline / Alkaline,Vertisols,Chromic Haplusterts,Clayey,Very deep,Moderately well drained,Neutral,Alluvium,9
Maharashtra,Washim,2021-2022,Moong(Green Gram),Summer,6261.0,1153.21,0.18,Hectare,Tonnes,Tonne/Hectare,Black (Regur),55.6,Saline / Alkaline,Vertisols,Chromic Haplusterts,Clayey,Very deep,Moderately well drained,Neutral,Alluvium,9
Maharashtra,Washim,2021-2022,Other Cereals,Kharif,84.0,29.48,0.35,Hectare,Tonnes,Tonne/Hectare,Black (Regur),55.6,Saline / Alkaline,Vertisols,Chromic Haplusterts,Clayey,Very deep,Moderately well drained,Neutral,Alluvium,9
Maharashtra,Washim,2021-2022,Other Cereals,Rabi,19.0,6.47,0.34,Hectare,Tonnes,Tonne/Hectare,Black (Regur),55.6,Saline / Alkaline,Vertisols,Chromic Haplusterts,Clayey,Very deep,Moderately well drained,Neutral,Alluvium,9
Maharashtra,Washim,2021-2022,Other Kharif pulses,Kharif,177.55,74.57,0.42,Hectare,Tonnes,Tonne/Hectare,Black (Regur),55.6,Saline / Alkaline,Vertisols,Chromic Haplusterts,Clayey,Very deep,Moderately well drained,Neutral,Alluvium,9
Maharashtra,Washim,2021-2022,Other Rabi pulses,Rabi,112.0,44.8,0.4,Hectare,Tonnes,Tonne/Hectare,Black (Regur),55.6,Saline / Alkaline,Vertisols,Chromic Haplusterts,Clayey,Very deep,Moderately well drained,Neutral,Alluvium,9
Maharashtra,Washim,2021-2022,Safflower,Rabi,625.0,551.25,0.88,Hectare,Tonnes,Tonne/Hectare,Black (Regur),55.6,Saline / Alkaline,Vertisols,Chromic Haplusterts,Clayey,Very deep,Moderately well drained,Neutral,Alluvium,9
Maharashtra,Washim,2021-2022,Sesamum,Kharif,323.59,44.24,0.14,Hectare,Tonnes,Tonne/Hectare,Black (Regur),55.6,Saline / Alkaline,Vertisols,Chromic Haplusterts,Clayey,Very deep,Moderately well drained,Neutral,Alluvium,9
Maharashtra,Washim,2021-2022,Sesamum,Rabi,12.0,8.57,0.71,Hectare,Tonnes,Tonne/Hectare,Black (Regur),55.6,Saline / Alkaline,Vertisols,Chromic Haplusterts,Clayey,Very deep,Moderately well drained,Neutral,Alluvium,9
Maharashtra,Washim,2021-2022,Sesamum,Summer,194.0,36.38,0.19,Hectare,Tonnes,Tonne/Hectare,Black (Regur),55.6,Saline / Alkaline,Vertisols,Chromic Haplusterts,Clayey,Very deep,Moderately well drained,Neutral,Alluvium,9
Maharashtra,Washim,2021-2022,Soyabean,Kharif,305430.59,502677.67,1.65,Hectare,Tonnes,Tonne/Hectare,Black (Regur),55.6,Saline / Alkaline,Vertisols,Chromic Haplusterts,Clayey,Very deep,Moderately well drained,Neutral,Alluvium,9
Maharashtra,Washim,2021-2022,Soyabean,Summer,2506.0,1253.0,0.5,Hectare,Tonnes,Tonne/Hectare,Black (Regur),55.6,Saline / Alkaline,Vertisols,Chromic Haplusterts,Clayey,Very deep,Moderately well drained,Neutral,Alluvium,9
Maharashtra,Washim,2021-2022,Urad,Kharif,10473.77,7850.09,0.75,Hectare,Tonnes,Tonne/Hectare,Black (Regur),55.6,Saline / Alkaline,Vertisols,Chromic Haplusterts,Clayey,Very deep,Moderately well drained,Neutral,Alluvium,9
Maharashtra,Washim,2021-2022,Urad,Summer,158.0,85.15,0.54,Hectare,Tonnes,Tonne/Hectare,Black (Regur),55.6,Saline / Alkaline,Vertisols,Chromic Haplusterts,Clayey,Very deep,Moderately well drained,Neutral,Alluvium,9
Maharashtra,Washim,2021-2022,Wheat,Rabi,36795.45,72370.03,1.97,Hectare,Tonnes,Tonne/Hectare,Black (Regur),55.6,Saline / Alkaline,Vertisols,Chromic Haplusterts,Clayey,Very deep,Moderately well drained,Neutral,Alluvium,9
Maharashtra,Washim,2021-2022,other oilseeds,Kharif,322.0,97.0,0.3,Hectare,Tonnes,Tonne/Hectare,Black (Regur),55.6,Saline / Alkaline,Vertisols,Chromic Haplusterts,Clayey,Very deep,Moderately well drained,Neutral,Alluvium,9
Maharashtra,Washim,2021-2022,other oilseeds,Rabi,118.0,29.12,0.25,Hectare,Tonnes,Tonne/Hectare,Black (Regur),55.6,Saline / Alkaline,Vertisols,Chromic Haplusterts,Clayey,Very deep,Moderately well drained,Neutral,Alluvium,9
Maharashtra,Washim,2021-2022,other oilseeds,Summer,611.0,122.2,0.2,Hectare,Tonnes,Tonne/Hectare,Black (Regur),55.6,Saline / Alkaline,Vertisols,Chromic Haplusterts,Clayey,Very deep,Moderately well drained,Neutral,Alluvium,9
Maharashtra,Yavatmal,2021-2022,Arhar/Tur,Kharif,137562.25,139075.43,1.01,Hectare,Tonnes,Tonne/Hectare,Black (Regur),77.8,Red & Yellow,Vertisols,Chromic Haplusterts,Clayey,Very deep,Moderately well drained,Neutral,Alluvium,9
Maharashtra,Yavatmal,2021-2022,Bajra,Kharif,58.08,21.03,0.36,Hectare,Tonnes,Tonne/Hectare,Black (Regur),77.8,Red & Yellow,Vertisols,Chromic Haplusterts,Clayey,Very deep,Moderately well drained,Neutral,Alluvium,9
Maharashtra,Yavatmal,2021-2022,Bajra,Summer,68.36,62.21,0.91,Hectare,Tonnes,Tonne/Hectare,Black (Regur),77.8,Red & Yellow,Vertisols,Chromic Haplusterts,Clayey,Very deep,Moderately well drained,Neutral,Alluvium,9
Maharashtra,Yavatmal,2021-2022,Cotton(lint),Kharif,473400.0,720800.0,1.52,Hectare,Bales,Bales/Hectare,Black (Regur),77.8,Red & Yellow,Vertisols,Chromic Haplusterts,Clayey,Very deep,Moderately well drained,Neutral,Alluvium,9
Maharashtra,Yavatmal,2021-2022,Gram,Rabi,123818.66,127919.53,1.03,Hectare,Tonnes,Tonne/Hectare,Black (Regur),77.8,Red & Yellow,Vertisols,Chromic Haplusterts,Clayey,Very deep,Moderately well drained,Neutral,Alluvium,9
Maharashtra,Yavatmal,2021-2022,Groundnut,Summer,10729.3,13573.94,1.27,Hectare,Tonnes,Tonne/Hectare,Black (Regur),77.8,Red & Yellow,Vertisols,Chromic Haplusterts,Clayey,Very deep,Moderately well drained,Neutral,Alluvium,9
Maharashtra,Yavatmal,2021-2022,Jowar,Kharif,14057.03,3538.15,0.25,Hectare,Tonnes,Tonne/Hectare,Black (Regur),77.8,Red & Yellow,Vertisols,Chromic Haplusterts,Clayey,Very deep,Moderately well drained,Neutral,Alluvium,9
Maharashtra,Yavatmal,2021-2022,Jowar,Rabi,2758.98,2374.9,0.86,Hectare,Tonnes,Tonne/Hectare,Black (Regur),77.8,Red & Yellow,Vertisols,Chromic Haplusterts,Clayey,Very deep,Moderately well drained,Neutral,Alluvium,9
Maharashtra,Yavatmal,2021-2022,Jowar,Summer,1717.79,1428.21,0.83,Hectare,Tonnes,Tonne/Hectare,Black (Regur),77.8,Red & Yellow,Vertisols,Chromic Haplusterts,Clayey,Very deep,Moderately well drained,Neutral,Alluvium,9
Maharashtra,Yavatmal,2021-2022,Linseed,Rabi,16.7,5.37,0.32,Hectare,Tonnes,Tonne/Hectare,Black (Regur),77.8,Red & Yellow,Vertisols,Chromic Haplusterts,Clayey,Very deep,Moderately well drained,Neutral,Alluvium,9
Maharashtra,Yavatmal,2021-2022,Maize,Kharif,644.0,1900.76,2.95,Hectare,Tonnes,Tonne/Hectare,Black (Regur),77.8,Red & Yellow,Vertisols,Chromic Haplusterts,Clayey,Very deep,Moderately well drained,Neutral,Alluvium,9
Maharashtra,Yavatmal,2021-2022,Maize,Rabi,349.31,760.27,2.18,Hectare,Tonnes,Tonne/Hectare,Black (Regur),77.8,Red & Yellow,Vertisols,Chromic Haplusterts,Clayey,Very deep,Moderately well drained,Neutral,Alluvium,9
Maharashtra,Yavatmal,2021-2022,Maize,Summer,959.0,1660.99,1.73,Hectare,Tonnes,Tonne/Hectare,Black (Regur),77.8,Red & Yellow,Vertisols,Chromic Haplusterts,Clayey,Very deep,Moderately well drained,Neutral,Alluvium,9
Maharashtra,Yavatmal,2021-2022,Moong(Green Gram),Kharif,5610.0,1827.74,0.33,Hectare,Tonnes,Tonne/Hectare,Black (Regur),77.8,Red & Yellow,Vertisols,Chromic Haplusterts,Clayey,Very deep,Moderately well drained,Neutral,Alluvium,9
Maharashtra,Yavatmal,2021-2022,Moong(Green Gram),Summer,1524.4,280.78,0.18,Hectare,Tonnes,Tonne/Hectare,Black (Regur),77.8,Red & Yellow,Vertisols,Chromic Haplusterts,Clayey,Very deep,Moderately well drained,Neutral,Alluvium,9
Maharashtra,Yavatmal,2021-2022,Other Cereals,Summer,257.0,157.85,0.61,Hectare,Tonnes,Tonne/Hectare,Black (Regur),77.8,Red & Yellow,Vertisols,Chromic Haplusterts,Clayey,Very deep,Moderately well drained,Neutral,Alluvium,9
Maharashtra,Yavatmal,2021-2022,Sesamum,Kharif,868.84,118.77,0.14,Hectare,Tonnes,Tonne/Hectare,Black (Regur),77.8,Red & Yellow,Vertisols,Chromic Haplusterts,Clayey,Very deep,Moderately well drained,Neutral,Alluvium,9
Maharashtra,Yavatmal,2021-2022,Sesamum,Rabi,98.97,70.71,0.71,Hectare,Tonnes,Tonne/Hectare,Black (Regur),77.8,Red & Yellow,Vertisols,Chromic Haplusterts,Clayey,Very deep,Moderately well drained,Neutral,Alluvium,9
Maharashtra,Yavatmal,2021-2022,Sesamum,Summer,2482.3,351.67,0.14,Hectare,Tonnes,Tonne/Hectare,Black (Regur),77.8,Red & Yellow,Vertisols,Chromic Haplusterts,Clayey,Very deep,Moderately well drained,Neutral,Alluvium,9
Maharashtra,Yavatmal,2021-2022,Soyabean,Kharif,285068.58,286693.47,1.01,Hectare,Tonnes,Tonne/Hectare,Black (Regur),77.8,Red & Yellow,Vertisols,Chromic Haplusterts,Clayey,Very deep,Moderately well drained,Neutral,Alluvium,9
Maharashtra,Yavatmal,2021-2022,Soyabean,Summer,2363.9,1181.95,0.5,Hectare,Tonnes,Tonne/Hectare,Black (Regur),77.8,Red & Yellow,Vertisols,Chromic Haplusterts,Clayey,Very deep,Moderately well drained,Neutral,Alluvium,9
Maharashtra,Yavatmal,2021-2022,Sugarcane,Whole Year,12011.0,1184561.8,98.62,Hectare,Tonnes,Tonne/Hectare,Black (Regur),77.8,Red & Yellow,Vertisols,Chromic Haplusterts,Clayey,Very deep,Moderately well drained,Neutral,Alluvium,9
Maharashtra,Yavatmal,2021-2022,Urad,Kharif,6919.5,2463.34,0.36,Hectare,Tonnes,Tonne/Hectare,Black (Regur),77.8,Red & Yellow,Vertisols,Chromic Haplusterts,Clayey,Very deep,Moderately well drained,Neutral,Alluvium,9
Maharashtra,Yavatmal,2021-2022,Wheat,Rabi,48889.84,95659.82,1.96,Hectare,Tonnes,Tonne/Hectare,Black (Regur),77.8,Red & Yellow,Vertisols,Chromic Haplusterts,Clayey,Very deep,Moderately well drained,Neutral,Alluvium,9
Maharashtra,Yavatmal,2021-2022,other oilseeds,Rabi,1118.45,34.0,0.03,Hectare,Tonnes,Tonne/Hectare,Black (Regur),77.8,Red & Yellow,Vertisols,Chromic Haplusterts,Clayey,Very deep,Moderately well drained,Neutral,Alluvium,9
