State,District,Year,Crop,Season,Area,Production,Yield,Area_unit,Production_unit,Yield_unit,Soil_Type,Soil_Type_Share_pct,Soil_Type_Secondary,Soil_Order,Soil_Taxonomy,Soil_Texture,Soil_Depth,Soil_Drainage,Soil_pH_Class,Soil_Parent_Material,Soil_Points_Sampled
Maharashtra,Ahilyanagar,2022-2023,Arhar/Tur,Kharif,23881.0,22018.0,0.92,Hectare,Tonnes,Tonne/Hectare,Black (Regur),44.4,Saline / Alkaline,Entisols,Lithic Ustorthents,Clayey,Shallow,Well drained,Neutral,Basalt,9
Maharashtra,Ahilyanagar,2022-2023,Bajra,Kharif,110862.0,136744.0,1.23,Hectare,Tonnes,Tonne/Hectare,Black (Regur),44.4,Saline / Alkaline,Entisols,Lithic Ustorthents,Clayey,Shallow,Well drained,Neutral,Basalt,9
Maharashtra,Ahilyanagar,2022-2023,Bajra,Summer,5129.3,4667.66,0.91,Hectare,Tonnes,Tonne/Hectare,Black (Regur),44.4,Saline / Alkaline,Entisols,Lithic Ustorthents,Clayey,Shallow,Well drained,Neutral,Basalt,9
Maharashtra,Ahilyanagar,2022-2023,Cotton(lint),Kharif,131229.17,255061.86,1.94,Hectare,Bales,Bales/Hectare,Black (Regur),44.4,Saline / Alkaline,Entisols,Lithic Ustorthents,Clayey,Shallow,Well drained,Neutral,Basalt,9
Maharashtra,Ahilyanagar,2022-2023,Gram,Rabi,113139.7,112159.91,0.99,Hectare,Tonnes,Tonne/Hectare,Black (Regur),44.4,Saline / Alkaline,Entisols,Lithic Ustorthents,Clayey,Shallow,Well drained,Neutral,Basalt,9
Maharashtra,Ahilyanagar,2022-2023,Groundnut,Kharif,5255.6,5503.14,1.05,Hectare,Tonnes,Tonne/Hectare,Black (Regur),44.4,Saline / Alkaline,Entisols,Lithic Ustorthents,Clayey,Shallow,Well drained,Neutral,Basalt,9
Maharashtra,Ahilyanagar,2022-2023,Groundnut,Summer,5824.0,7451.0,1.28,Hectare,Tonnes,Tonne/Hectare,Black (Regur),44.4,Saline / Alkaline,Entisols,Lithic Ustorthents,Clayey,Shallow,Well drained,Neutral,Basalt,9
Maharashtra,Ahilyanagar,2022-2023,Jowar,Kharif,426.97,243.89,0.57,Hectare,Tonnes,Tonne/Hectare,Black (Regur),44.4,Saline / Alkaline,Entisols,Lithic Ustorthents,Clayey,Shallow,Well drained,Neutral,Basalt,9
Maharashtra,Ahilyanagar,2022-2023,Jowar,Rabi,142520.05,118049.36,0.83,Hectare,Tonnes,Tonne/Hectare,Black (Regur),44.4,Saline / Alkaline,Entisols,Lithic Ustorthents,Clayey,Shallow,Well drained,Neutral,Basalt,9
Maharashtra,Ahilyanagar,2022-2023,Linseed,Rabi,39.11,14.76,0.38,Hectare,Tonnes,Tonne/Hectare,Black (Regur),44.4,Saline / Alkaline,Entisols,Lithic Ustorthents,Clayey,Shallow,Well drained,Neutral,Basalt,9
Maharashtra,Ahilyanagar,2022-2023,Maize,Kharif,49098.0,97824.0,1.99,Hectare,Tonnes,Tonne/Hectare,Black (Regur),44.4,Saline / Alkaline,Entisols,Lithic Ustorthents,Clayey,Shallow,Well drained,Neutral,Basalt,9
Maharashtra,Ahilyanagar,2022-2023,Maize,Rabi,46177.56,108212.49,2.34,Hectare,Tonnes,Tonne/Hectare,Black (Regur),44.4,Saline / Alkaline,Entisols,Lithic Ustorthents,Clayey,Shallow,Well drained,Neutral,Basalt,9
Maharashtra,Ahilyanagar,2022-2023,Maize,Summer,5791.47,11032.75,1.9,Hectare,Tonnes,Tonne/Hectare,Black (Regur),44.4,Saline / Alkaline,Entisols,Lithic Ustorthents,Clayey,Shallow,Well drained,Neutral,Basalt,9
Maharashtra,Ahilyanagar,2022-2023,Moong(Green Gram),Kharif,49101.39,39374.41,0.8,Hectare,Tonnes,Tonne/Hectare,Black (Regur),44.4,Saline / Alkaline,Entisols,Lithic Ustorthents,Clayey,Shallow,Well drained,Neutral,Basalt,9
Maharashtra,Ahilyanagar,2022-2023,Moong(Green Gram),Summer,95.0,17.5,0.18,Hectare,Tonnes,Tonne/Hectare,Black (Regur),44.4,Saline / Alkaline,Entisols,Lithic Ustorthents,Clayey,Shallow,Well drained,Neutral,Basalt,9
Maharashtra,Ahilyanagar,2022-2023,Niger seed,Kharif,84.22,38.41,0.46,Hectare,Tonnes,Tonne/Hectare,Black (Regur),44.4,Saline / Alkaline,Entisols,Lithic Ustorthents,Clayey,Shallow,Well drained,Neutral,Basalt,9
Maharashtra,Ahilyanagar,2022-2023,Other Cereals,Kharif,159.0,34.15,0.21,Hectare,Tonnes,Tonne/Hectare,Black (Regur),44.4,Saline / Alkaline,Entisols,Lithic Ustorthents,Clayey,Shallow,Well drained,Neutral,Basalt,9
Maharashtra,Ahilyanagar,2022-2023,Other Cereals,Rabi,75.0,17.02,0.23,Hectare,Tonnes,Tonne/Hectare,Black (Regur),44.4,Saline / Alkaline,Entisols,Lithic Ustorthents,Clayey,Shallow,Well drained,Neutral,Basalt,9
Maharashtra,Ahilyanagar,2022-2023,Other Cereals,Summer,15.8,19.46,1.23,Hectare,Tonnes,Tonne/Hectare,Black (Regur),44.4,Saline / Alkaline,Entisols,Lithic Ustorthents,Clayey,Shallow,Well drained,Neutral,Basalt,9
Maharashtra,Ahilyanagar,2022-2023,Other Kharif pulses,Kharif,10337.0,5684.0,0.55,Hectare,Tonnes,Tonne/Hectare,Black (Regur),44.4,Saline / Alkaline,Entisols,Lithic Ustorthents,Clayey,Shallow,Well drained,Neutral,Basalt,9
Maharashtra,Ahilyanagar,2022-2023,Other Rabi pulses,Rabi,3630.6,1262.32,0.35,Hectare,Tonnes,Tonne/Hectare,Black (Regur),44.4,Saline / Alkaline,Entisols,Lithic Ustorthents,Clayey,Shallow,Well drained,Neutral,Basalt,9
Maharashtra,Ahilyanagar,2022-2023,Other Summer Pulses,Summer,42.8,30.7,0.72,Hectare,Tonnes,Tonne/Hectare,Black (Regur),44.4,Saline / Alkaline,Entisols,Lithic Ustorthents,Clayey,Shallow,Well drained,Neutral,Basalt,9
Maharashtra,Ahilyanagar,2022-2023,Ragi,Kharif,190.0,181.0,0.95,Hectare,Tonnes,Tonne/Hectare,Black (Regur),44.4,Saline / Alkaline,Entisols,Lithic Ustorthents,Clayey,Shallow,Well drained,Neutral,Basalt,9
Maharashtra,Ahilyanagar,2022-2023,Rice,Kharif,20579.65,34228.07,1.66,Hectare,Tonnes,Tonne/Hectare,Black (Regur),44.4,Saline / Alkaline,Entisols,Lithic Ustorthents,Clayey,Shallow,Well drained,Neutral,Basalt,9
Maharashtra,Ahilyanagar,2022-2023,Safflower,Rabi,74.0,33.18,0.45,Hectare,Tonnes,Tonne/Hectare,Black (Regur),44.4,Saline / Alkaline,Entisols,Lithic Ustorthents,Clayey,Shallow,Well drained,Neutral,Basalt,9
Maharashtra,Ahilyanagar,2022-2023,Sesamum,Kharif,111.06,37.91,0.34,Hectare,Tonnes,Tonne/Hectare,Black (Regur),44.4,Saline / Alkaline,Entisols,Lithic Ustorthents,Clayey,Shallow,Well drained,Neutral,Basalt,9
Maharashtra,Ahilyanagar,2022-2023,Sesamum,Rabi,19.45,6.52,0.34,Hectare,Tonnes,Tonne/Hectare,Black (Regur),44.4,Saline / Alkaline,Entisols,Lithic Ustorthents,Clayey,Shallow,Well drained,Neutral,Basalt,9
Maharashtra,Ahilyanagar,2022-2023,Sesamum,Summer,39.0,10.0,0.26,Hectare,Tonnes,Tonne/Hectare,Black (Regur),44.4,Saline / Alkaline,Entisols,Lithic Ustorthents,Clayey,Shallow,Well drained,Neutral,Basalt,9
Maharashtra,Ahilyanagar,2022-2023,Soyabean,Kharif,110629.0,200692.0,1.81,Hectare,Tonnes,Tonne/Hectare,Black (Regur),44.4,Saline / Alkaline,Entisols,Lithic Ustorthents,Clayey,Shallow,Well drained,Neutral,Basalt,9
Maharashtra,Ahilyanagar,2022-2023,Soyabean,Summer,1475.0,2212.5,1.5,Hectare,Tonnes,Tonne/Hectare,Black (Regur),44.4,Saline / Alkaline,Entisols,Lithic Ustorthents,Clayey,Shallow,Well drained,Neutral,Basalt,9
Maharashtra,Ahilyanagar,2022-2023,Sugarcane,Whole Year,160000.0,17600000.0,110.0,Hectare,Tonnes,Tonne/Hectare,Black (Regur),44.4,Saline / Alkaline,Entisols,Lithic Ustorthents,Clayey,Shallow,Well drained,Neutral,Basalt,9
Maharashtra,Ahilyanagar,2022-2023,Sunflower,Kharif,62.0,37.0,0.6,Hectare,Tonnes,Tonne/Hectare,Black (Regur),44.4,Saline / Alkaline,Entisols,Lithic Ustorthents,Clayey,Shallow,Well drained,Neutral,Basalt,9
Maharashtra,Ahilyanagar,2022-2023,Sunflower,Rabi,35.17,21.24,0.6,Hectare,Tonnes,Tonne/Hectare,Black (Regur),44.4,Saline / Alkaline,Entisols,Lithic Ustorthents,Clayey,Shallow,Well drained,Neutral,Basalt,9
Maharashtra,Ahilyanagar,2022-2023,Sunflower,Summer,27.0,23.0,0.85,Hectare,Tonnes,Tonne/Hectare,Black (Regur),44.4,Saline / Alkaline,Entisols,Lithic Ustorthents,Clayey,Shallow,Well drained,Neutral,Basalt,9
Maharashtra,Ahilyanagar,2022-2023,Urad,Kharif,30794.15,31345.37,1.02,Hectare,Tonnes,Tonne/Hectare,Black (Regur),44.4,Saline / Alkaline,Entisols,Lithic Ustorthents,Clayey,Shallow,Well drained,Neutral,Basalt,9
Maharashtra,Ahilyanagar,2022-2023,Urad,Summer,12.6,6.79,0.54,Hectare,Tonnes,Tonne/Hectare,Black (Regur),44.4,Saline / Alkaline,Entisols,Lithic Ustorthents,Clayey,Shallow,Well drained,Neutral,Basalt,9
Maharashtra,Ahilyanagar,2022-2023,Wheat,Rabi,85790.86,191159.19,2.23,Hectare,Tonnes,Tonne/Hectare,Black (Regur),44.4,Saline / Alkaline,Entisols,Lithic Ustorthents,Clayey,Shallow,Well drained,Neutral,Basalt,9
Maharashtra,Ahilyanagar,2022-2023,other oilseeds,Kharif,117.0,81.9,0.7,Hectare,Tonnes,Tonne/Hectare,Black (Regur),44.4,Saline / Alkaline,Entisols,Lithic Ustorthents,Clayey,Shallow,Well drained,Neutral,Basalt,9
Maharashtra,Ahilyanagar,2022-2023,other oilseeds,Rabi,37.8,6.37,0.17,Hectare,Tonnes,Tonne/Hectare,Black (Regur),44.4,Saline / Alkaline,Entisols,Lithic Ustorthents,Clayey,Shallow,Well drained,Neutral,Basalt,9
Maharashtra,Ahilyanagar,2022-2023,other oilseeds,Summer,29.0,11.54,0.4,Hectare,Tonnes,Tonne/Hectare,Black (Regur),44.4,Saline / Alkaline,Entisols,Lithic Ustorthents,Clayey,Shallow,Well drained,Neutral,Basalt,9
Maharashtra,Akola,2022-2023,Arhar/Tur,Kharif,55836.0,42268.0,0.76,Hectare,Tonnes,Tonne/Hectare,Black (Regur),100.0,,Vertisols,Chromic Haplusterts,Clayey,Very deep,Moderately well drained,Slightly alkaline,Alluvium,9
Maharashtra,Akola,2022-2023,Bajra,Kharif,1419.0,510.0,0.36,Hectare,Tonnes,Tonne/Hectare,Black (Regur),100.0,,Vertisols,Chromic Haplusterts,Clayey,Very deep,Moderately well drained,Slightly alkaline,Alluvium,9
Maharashtra,Akola,2022-2023,Cotton(lint),Kharif,149868.87,362488.72,2.42,Hectare,Bales,Bales/Hectare,Black (Regur),100.0,,Vertisols,Chromic Haplusterts,Clayey,Very deep,Moderately well drained,Slightly alkaline,Alluvium,9
Maharashtra,Akola,2022-2023,Gram,Rabi,120523.35,134040.04,1.11,Hectare,Tonnes,Tonne/Hectare,Black (Regur),100.0,,Vertisols,Chromic Haplusterts,Clayey,Very deep,Moderately well drained,Slightly alkaline,Alluvium,9
Maharashtra,Akola,2022-2023,Groundnut,Summer,4437.0,7143.0,1.61,Hectare,Tonnes,Tonne/Hectare,Black (Regur),100.0,,Vertisols,Chromic Haplusterts,Clayey,Very deep,Moderately well drained,Slightly alkaline,Alluvium,9
Maharashtra,Akola,2022-2023,Jowar,Kharif,2243.27,1219.89,0.54,Hectare,Tonnes,Tonne/Hectare,Black (Regur),100.0,,Vertisols,Chromic Haplusterts,Clayey,Very deep,Moderately well drained,Slightly alkaline,Alluvium,9
Maharashtra,Akola,2022-2023,Jowar,Rabi,969.27,1193.1,1.23,Hectare,Tonnes,Tonne/Hectare,Black (Regur),100.0,,Vertisols,Chromic Haplusterts,Clayey,Very deep,Moderately well drained,Slightly alkaline,Alluvium,9
Maharashtra,Akola,2022-2023,Jowar,Summer,893.12,742.56,0.83,Hectare,Tonnes,Tonne/Hectare,Black (Regur),100.0,,Vertisols,Chromic Haplusterts,Clayey,Very deep,Moderately well drained,Slightly alkaline,Alluvium,9
Maharashtra,Akola,2022-2023,Maize,Kharif,141.0,420.0,2.98,Hectare,Tonnes,Tonne/Hectare,Black (Regur),100.0,,Vertisols,Chromic Haplusterts,Clayey,Very deep,Moderately well drained,Slightly alkaline,Alluvium,9
Maharashtra,Akola,2022-2023,Maize,Rabi,487.02,962.81,1.98,Hectare,Tonnes,Tonne/Hectare,Black (Regur),100.0,,Vertisols,Chromic Haplusterts,Clayey,Very deep,Moderately well drained,Slightly alkaline,Alluvium,9
Maharashtra,Akola,2022-2023,Maize,Summer,315.2,525.33,1.67,Hectare,Tonnes,Tonne/Hectare,Black (Regur),100.0,,Vertisols,Chromic Haplusterts,Clayey,Very deep,Moderately well drained,Slightly alkaline,Alluvium,9
Maharashtra,Akola,2022-2023,Moong(Green Gram),Kharif,10289.52,2706.14,0.26,Hectare,Tonnes,Tonne/Hectare,Black (Regur),100.0,,Vertisols,Chromic Haplusterts,Clayey,Very deep,Moderately well drained,Slightly alkaline,Alluvium,9
Maharashtra,Akola,2022-2023,Moong(Green Gram),Summer,335.1,61.72,0.18,Hectare,Tonnes,Tonne/Hectare,Black (Regur),100.0,,Vertisols,Chromic Haplusterts,Clayey,Very deep,Moderately well drained,Slightly alkaline,Alluvium,9
Maharashtra,Akola,2022-2023,Safflower,Rabi,96.9,42.4,0.44,Hectare,Tonnes,Tonne/Hectare,Black (Regur),100.0,,Vertisols,Chromic Haplusterts,Clayey,Very deep,Moderately well drained,Slightly alkaline,Alluvium,9
Maharashtra,Akola,2022-2023,Sesamum,Kharif,65.34,14.55,0.22,Hectare,Tonnes,Tonne/Hectare,Black (Regur),100.0,,Vertisols,Chromic Haplusterts,Clayey,Very deep,Moderately well drained,Slightly alkaline,Alluvium,9
Maharashtra,Akola,2022-2023,Sesamum,Rabi,41.6,13.94,0.34,Hectare,Tonnes,Tonne/Hectare,Black (Regur),100.0,,Vertisols,Chromic Haplusterts,Clayey,Very deep,Moderately well drained,Slightly alkaline,Alluvium,9
Maharashtra,Akola,2022-2023,Sesamum,Summer,378.0,80.0,0.21,Hectare,Tonnes,Tonne/Hectare,Black (Regur),100.0,,Vertisols,Chromic Haplusterts,Clayey,Very deep,Moderately well drained,Slightly alkaline,Alluvium,9
Maharashtra,Akola,2022-2023,Soyabean,Kharif,242717.0,387667.0,1.6,Hectare,Tonnes,Tonne/Hectare,Black (Regur),100.0,,Vertisols,Chromic Haplusterts,Clayey,Very deep,Moderately well drained,Slightly alkaline,Alluvium,9
Maharashtra,Akola,2022-2023,Soyabean,Summer,38.4,23.04,0.6,Hectare,Tonnes,Tonne/Hectare,Black (Regur),100.0,,Vertisols,Chromic Haplusterts,Clayey,Very deep,Moderately well drained,Slightly alkaline,Alluvium,9
Maharashtra,Akola,2022-2023,Sugarcane,Whole Year,150.0,8307.0,55.38,Hectare,Tonnes,Tonne/Hectare,Black (Regur),100.0,,Vertisols,Chromic Haplusterts,Clayey,Very deep,Moderately well drained,Slightly alkaline,Alluvium,9
Maharashtra,Akola,2022-2023,Urad,Kharif,11890.61,3678.96,0.31,Hectare,Tonnes,Tonne/Hectare,Black (Regur),100.0,,Vertisols,Chromic Haplusterts,Clayey,Very deep,Moderately well drained,Slightly alkaline,Alluvium,9
Maharashtra,Akola,2022-2023,Wheat,Rabi,32482.56,56821.74,1.75,Hectare,Tonnes,Tonne/Hectare,Black (Regur),100.0,,Vertisols,Chromic Haplusterts,Clayey,Very deep,Moderately well drained,Slightly alkaline,Alluvium,9
Maharashtra,Amravati,2022-2023,Arhar/Tur,Kharif,116835.0,39630.0,0.34,Hectare,Tonnes,Tonne/Hectare,Black (Regur),88.9,Saline / Alkaline,Vertisols,Chromic Haplusterts,Clayey,Very deep,Moderately well drained,Slightly alkaline,Alluvium,9
Maharashtra,Amravati,2022-2023,Cotton(lint),Kharif,272890.17,387477.41,1.42,Hectare,Bales,Bales/Hectare,Black (Regur),88.9,Saline / Alkaline,Vertisols,Chromic Haplusterts,Clayey,Very deep,Moderately well drained,Slightly alkaline,Alluvium,9
Maharashtra,Amravati,2022-2023,Gram,Rabi,126217.26,114980.14,0.91,Hectare,Tonnes,Tonne/Hectare,Black (Regur),88.9,Saline / Alkaline,Vertisols,Chromic Haplusterts,Clayey,Very deep,Moderately well drained,Slightly alkaline,Alluvium,9
Maharashtra,Amravati,2022-2023,Groundnut,Kharif,601.41,293.67,0.49,Hectare,Tonnes,Tonne/Hectare,Black (Regur),88.9,Saline / Alkaline,Vertisols,Chromic Haplusterts,Clayey,Very deep,Moderately well drained,Slightly alkaline,Alluvium,9
Maharashtra,Amravati,2022-2023,Groundnut,Summer,1456.0,728.0,0.5,Hectare,Tonnes,Tonne/Hectare,Black (Regur),88.9,Saline / Alkaline,Vertisols,Chromic Haplusterts,Clayey,Very deep,Moderately well drained,Slightly alkaline,Alluvium,9
Maharashtra,Amravati,2022-2023,Jowar,Kharif,11144.73,5359.5,0.48,Hectare,Tonnes,Tonne/Hectare,Black (Regur),88.9,Saline / Alkaline,Vertisols,Chromic Haplusterts,Clayey,Very deep,Moderately well drained,Slightly alkaline,Alluvium,9
Maharashtra,Amravati,2022-2023,Jowar,Rabi,103.58,127.5,1.23,Hectare,Tonnes,Tonne/Hectare,Black (Regur),88.9,Saline / Alkaline,Vertisols,Chromic Haplusterts,Clayey,Very deep,Moderately well drained,Slightly alkaline,Alluvium,9
Maharashtra,Amravati,2022-2023,Jowar,Summer,3.0,2.49,0.83,Hectare,Tonnes,Tonne/Hectare,Black (Regur),88.9,Saline / Alkaline,Vertisols,Chromic Haplusterts,Clayey,Very deep,Moderately well drained,Slightly alkaline,Alluvium,9
Maharashtra,Amravati,2022-2023,Maize,Kharif,10442.0,31202.0,2.99,Hectare,Tonnes,Tonne/Hectare,Black (Regur),88.9,Saline / Alkaline,Vertisols,Chromic Haplusterts,Clayey,Very deep,Moderately well drained,Slightly alkaline,Alluvium,9
Maharashtra,Amravati,2022-2023,Maize,Rabi,718.15,1419.74,1.98,Hectare,Tonnes,Tonne/Hectare,Black (Regur),88.9,Saline / Alkaline,Vertisols,Chromic Haplusterts,Clayey,Very deep,Moderately well drained,Slightly alkaline,Alluvium,9
Maharashtra,Amravati,2022-2023,Maize,Summer,565.5,967.4,1.71,Hectare,Tonnes,Tonne/Hectare,Black (Regur),88.9,Saline / Alkaline,Vertisols,Chromic Haplusterts,Clayey,Very deep,Moderately well drained,Slightly alkaline,Alluvium,9
Maharashtra,Amravati,2022-2023,Moong(Green Gram),Kharif,8160.21,159.94,0.02,Hectare,Tonnes,Tonne/Hectare,Black (Regur),88.9,Saline / Alkaline,Vertisols,Chromic Haplusterts,Clayey,Very deep,Moderately well drained,Slightly alkaline,Alluvium,9
Maharashtra,Amravati,2022-2023,Moong(Green Gram),Summer,2846.2,524.24,0.18,Hectare,Tonnes,Tonne/Hectare,Black (Regur),88.9,Saline / Alkaline,Vertisols,Chromic Haplusterts,Clayey,Very deep,Moderately well drained,Slightly alkaline,Alluvium,9
Maharashtra,Amravati,2022-2023,Other Cereals,Kharif,92.0,36.95,0.4,Hectare,Tonnes,Tonne/Hectare,Black (Regur),88.9,Saline / Alkaline,Vertisols,Chromic Haplusterts,Clayey,Very deep,Moderately well drained,Slightly alkaline,Alluvium,9
Maharashtra,Amravati,2022-2023,Rice,Kharif,6736.2,2626.44,0.39,Hectare,Tonnes,Tonne/Hectare,Black (Regur),88.9,Saline / Alkaline,Vertisols,Chromic Haplusterts,Clayey,Very deep,Moderately well drained,Slightly alkaline,Alluvium,9
Maharashtra,Amravati,2022-2023,Sesamum,Summer,355.0,67.0,0.19,Hectare,Tonnes,Tonne/Hectare,Black (Regur),88.9,Saline / Alkaline,Vertisols,Chromic Haplusterts,Clayey,Very deep,Moderately well drained,Slightly alkaline,Alluvium,9
Maharashtra,Amravati,2022-2023,Soyabean,Kharif,256438.0,181020.0,0.71,Hectare,Tonnes,Tonne/Hectare,Black (Regur),88.9,Saline / Alkaline,Vertisols,Chromic Haplusterts,Clayey,Very deep,Moderately well drained,Slightly alkaline,Alluvium,9
Maharashtra,Amravati,2022-2023,Soyabean,Summer,144.0,86.4,0.6,Hectare,Tonnes,Tonne/Hectare,Black (Regur),88.9,Saline / Alkaline,Vertisols,Chromic Haplusterts,Clayey,Very deep,Moderately well drained,Slightly alkaline,Alluvium,9
Maharashtra,Amravati,2022-2023,Sugarcane,Whole Year,354.0,14071.5,39.75,Hectare,Tonnes,Tonne/Hectare,Black (Regur),88.9,Saline / Alkaline,Vertisols,Chromic Haplusterts,Clayey,Very deep,Moderately well drained,Slightly alkaline,Alluvium,9
Maharashtra,Amravati,2022-2023,Urad,Kharif,3096.75,80.52,0.03,Hectare,Tonnes,Tonne/Hectare,Black (Regur),88.9,Saline / Alkaline,Vertisols,Chromic Haplusterts,Clayey,Very deep,Moderately well drained,Slightly alkaline,Alluvium,9
Maharashtra,Amravati,2022-2023,Wheat,Rabi,44665.11,71245.32,1.6,Hectare,Tonnes,Tonne/Hectare,Black (Regur),88.9,Saline / Alkaline,Vertisols,Chromic Haplusterts,Clayey,Very deep,Moderately well drained,Slightly alkaline,Alluvium,9
Maharashtra,Amravati,2022-2023,other oilseeds,Rabi,219.2,87.68,0.4,Hectare,Tonnes,Tonne/Hectare,Black (Regur),88.9,Saline / Alkaline,Vertisols,Chromic Haplusterts,Clayey,Very deep,Moderately well drained,Slightly alkaline,Alluvium,9
Maharashtra,Amravati,2022-2023,other oilseeds,Summer,1.0,0.2,0.2,Hectare,Tonnes,Tonne/Hectare,Black (Regur),88.9,Saline / Alkaline,Vertisols,Chromic Haplusterts,Clayey,Very deep,Moderately well drained,Slightly alkaline,Alluvium,9
Maharashtra,Beed,2022-2023,Arhar/Tur,Kharif,48520.0,41795.0,0.86,Hectare,Tonnes,Tonne/Hectare,Black (Regur),88.9,Saline / Alkaline,Entisols,Lithic Ustorthents,Clayey,Shallow,Well drained,Neutral,Basalt,9
Maharashtra,Beed,2022-2023,Bajra,Kharif,36425.0,41572.0,1.14,Hectare,Tonnes,Tonne/Hectare,Black (Regur),88.9,Saline / Alkaline,Entisols,Lithic Ustorthents,Clayey,Shallow,Well drained,Neutral,Basalt,9
Maharashtra,Beed,2022-2023,Bajra,Summer,13131.0,11949.21,0.91,Hectare,Tonnes,Tonne/Hectare,Black (Regur),88.9,Saline / Alkaline,Entisols,Lithic Ustorthents,Clayey,Shallow,Well drained,Neutral,Basalt,9
Maharashtra,Beed,2022-2023,Cotton(lint),Kharif,273118.0,475708.51,1.74,Hectare,Bales,Bales/Hectare,Black (Regur),88.9,Saline / Alkaline,Entisols,Lithic Ustorthents,Clayey,Shallow,Well drained,Neutral,Basalt,9
Maharashtra,Beed,2022-2023,Gram,Rabi,173460.0,178259.64,1.03,Hectare,Tonnes,Tonne/Hectare,Black (Regur),88.9,Saline / Alkaline,Entisols,Lithic Ustorthents,Clayey,Shallow,Well drained,Neutral,Basalt,9
Maharashtra,Beed,2022-2023,Groundnut,Kharif,2441.0,2948.24,1.21,Hectare,Tonnes,Tonne/Hectare,Black (Regur),88.9,Saline / Alkaline,Entisols,Lithic Ustorthents,Clayey,Shallow,Well drained,Neutral,Basalt,9
Maharashtra,Beed,2022-2023,Groundnut,Summer,3736.0,5710.0,1.53,Hectare,Tonnes,Tonne/Hectare,Black (Regur),88.9,Saline / Alkaline,Entisols,Lithic Ustorthents,Clayey,Shallow,Well drained,Neutral,Basalt,9
Maharashtra,Beed,2022-2023,Jowar,Kharif,2278.0,1825.82,0.8,Hectare,Tonnes,Tonne/Hectare,Black (Regur),88.9,Saline / Alkaline,Entisols,Lithic Ustorthents,Clayey,Shallow,Well drained,Neutral,Basalt,9
Maharashtra,Beed,2022-2023,Jowar,Rabi,145523.0,168659.7,1.16,Hectare,Tonnes,Tonne/Hectare,Black (Regur),88.9,Saline / Alkaline,Entisols,Lithic Ustorthents,Clayey,Shallow,Well drained,Neutral,Basalt,9
Maharashtra,Beed,2022-2023,Jowar,Summer,100.0,32.38,0.32,Hectare,Tonnes,Tonne/Hectare,Black (Regur),88.9,Saline / Alkaline,Entisols,Lithic Ustorthents,Clayey,Shallow,Well drained,Neutral,Basalt,9
Maharashtra,Beed,2022-2023,Linseed,Rabi,35.0,13.19,0.38,Hectare,Tonnes,Tonne/Hectare,Black (Regur),88.9,Saline / Alkaline,Entisols,Lithic Ustorthents,Clayey,Shallow,Well drained,Neutral,Basalt,9
Maharashtra,Beed,2022-2023,Maize,Kharif,6469.0,8223.0,1.27,Hectare,Tonnes,Tonne/Hectare,Black (Regur),88.9,Saline / Alkaline,Entisols,Lithic Ustorthents,Clayey,Shallow,Well drained,Neutral,Basalt,9
Maharashtra,Beed,2022-2023,Maize,Rabi,3942.0,11011.19,2.79,Hectare,Tonnes,Tonne/Hectare,Black (Regur),88.9,Saline / Alkaline,Entisols,Lithic Ustorthents,Clayey,Shallow,Well drained,Neutral,Basalt,9
Maharashtra,Beed,2022-2023,Maize,Summer,1544.0,2367.47,1.53,Hectare,Tonnes,Tonne/Hectare,Black (Regur),88.9,Saline / Alkaline,Entisols,Lithic Ustorthents,Clayey,Shallow,Well drained,Neutral,Basalt,9
Maharashtra,Beed,2022-2023,Moong(Green Gram),Kharif,15514.0,12516.7,0.81,Hectare,Tonnes,Tonne/Hectare,Black (Regur),88.9,Saline / Alkaline,Entisols,Lithic Ustorthents,Clayey,Shallow,Well drained,Neutral,Basalt,9
Maharashtra,Beed,2022-2023,Moong(Green Gram),Summer,200.0,36.84,0.18,Hectare,Tonnes,Tonne/Hectare,Black (Regur),88.9,Saline / Alkaline,Entisols,Lithic Ustorthents,Clayey,Shallow,Well drained,Neutral,Basalt,9
Maharashtra,Beed,2022-2023,Niger seed,Kharif,110.0,27.78,0.25,Hectare,Tonnes,Tonne/Hectare,Black (Regur),88.9,Saline / Alkaline,Entisols,Lithic Ustorthents,Clayey,Shallow,Well drained,Neutral,Basalt,9
Maharashtra,Beed,2022-2023,Other Cereals,Kharif,1597.0,591.64,0.37,Hectare,Tonnes,Tonne/Hectare,Black (Regur),88.9,Saline / Alkaline,Entisols,Lithic Ustorthents,Clayey,Shallow,Well drained,Neutral,Basalt,9
Maharashtra,Beed,2022-2023,Other Cereals,Rabi,2897.0,1448.5,0.5,Hectare,Tonnes,Tonne/Hectare,Black (Regur),88.9,Saline / Alkaline,Entisols,Lithic Ustorthents,Clayey,Shallow,Well drained,Neutral,Basalt,9
Maharashtra,Beed,2022-2023,Other Kharif pulses,Kharif,229.0,69.51,0.3,Hectare,Tonnes,Tonne/Hectare,Black (Regur),88.9,Saline / Alkaline,Entisols,Lithic Ustorthents,Clayey,Shallow,Well drained,Neutral,Basalt,9
Maharashtra,Beed,2022-2023,Other Rabi pulses,Rabi,9540.0,11925.0,1.25,Hectare,Tonnes,Tonne/Hectare,Black (Regur),88.9,Saline / Alkaline,Entisols,Lithic Ustorthents,Clayey,Shallow,Well drained,Neutral,Basalt,9
Maharashtra,Beed,2022-2023,Other Summer Pulses,Summer,506.0,359.6,0.71,Hectare,Tonnes,Tonne/Hectare,Black (Regur),88.9,Saline / Alkaline,Entisols,Lithic Ustorthents,Clayey,Shallow,Well drained,Neutral,Basalt,9
Maharashtra,Beed,2022-2023,Safflower,Rabi,675.0,479.52,0.71,Hectare,Tonnes,Tonne/Hectare,Black (Regur),88.9,Saline / Alkaline,Entisols,Lithic Ustorthents,Clayey,Shallow,Well drained,Neutral,Basalt,9
Maharashtra,Beed,2022-2023,Sesamum,Kharif,395.0,100.13,0.25,Hectare,Tonnes,Tonne/Hectare,Black (Regur),88.9,Saline / Alkaline,Entisols,Lithic Ustorthents,Clayey,Shallow,Well drained,Neutral,Basalt,9
Maharashtra,Beed,2022-2023,Sesamum,Summer,98.0,20.0,0.2,Hectare,Tonnes,Tonne/Hectare,Black (Regur),88.9,Saline / Alkaline,Entisols,Lithic Ustorthents,Clayey,Shallow,Well drained,Neutral,Basalt,9
Maharashtra,Beed,2022-2023,Soyabean,Kharif,344732.0,507514.0,1.47,Hectare,Tonnes,Tonne/Hectare,Black (Regur),88.9,Saline / Alkaline,Entisols,Lithic Ustorthents,Clayey,Shallow,Well drained,Neutral,Basalt,9
Maharashtra,Beed,2022-2023,Soyabean,Summer,1541.0,1541.0,1.0,Hectare,Tonnes,Tonne/Hectare,Black (Regur),88.9,Saline / Alkaline,Entisols,Lithic Ustorthents,Clayey,Shallow,Well drained,Neutral,Basalt,9
Maharashtra,Beed,2022-2023,Sugarcane,Whole Year,84208.0,6736640.0,80.0,Hectare,Tonnes,Tonne/Hectare,Black (Regur),88.9,Saline / Alkaline,Entisols,Lithic Ustorthents,Clayey,Shallow,Well drained,Neutral,Basalt,9
Maharashtra,Beed,2022-2023,Sunflower,Kharif,23.0,9.0,0.39,Hectare,Tonnes,Tonne/Hectare,Black (Regur),88.9,Saline / Alkaline,Entisols,Lithic Ustorthents,Clayey,Shallow,Well drained,Neutral,Basalt,9
Maharashtra,Beed,2022-2023,Sunflower,Rabi,110.0,44.97,0.41,Hectare,Tonnes,Tonne/Hectare,Black (Regur),88.9,Saline / Alkaline,Entisols,Lithic Ustorthents,Clayey,Shallow,Well drained,Neutral,Basalt,9
Maharashtra,Beed,2022-2023,Sunflower,Summer,66.0,56.0,0.85,Hectare,Tonnes,Tonne/Hectare,Black (Regur),88.9,Saline / Alkaline,Entisols,Lithic Ustorthents,Clayey,Shallow,Well drained,Neutral,Basalt,9
Maharashtra,Beed,2022-2023,Urad,Kharif,46299.0,38849.49,0.84,Hectare,Tonnes,Tonne/Hectare,Black (Regur),88.9,Saline / Alkaline,Entisols,Lithic Ustorthents,Clayey,Shallow,Well drained,Neutral,Basalt,9
Maharashtra,Beed,2022-2023,Urad,Summer,75.0,40.42,0.54,Hectare,Tonnes,Tonne/Hectare,Black (Regur),88.9,Saline / Alkaline,Entisols,Lithic Ustorthents,Clayey,Shallow,Well drained,Neutral,Basalt,9
Maharashtra,Beed,2022-2023,Wheat,Rabi,57983.0,124072.02,2.14,Hectare,Tonnes,Tonne/Hectare,Black (Regur),88.9,Saline / Alkaline,Entisols,Lithic Ustorthents,Clayey,Shallow,Well drained,Neutral,Basalt,9
Maharashtra,Beed,2022-2023,other oilseeds,Kharif,30.0,7.43,0.25,Hectare,Tonnes,Tonne/Hectare,Black (Regur),88.9,Saline / Alkaline,Entisols,Lithic Ustorthents,Clayey,Shallow,Well drained,Neutral,Basalt,9
Maharashtra,Beed,2022-2023,other oilseeds,Rabi,472.0,167.09,0.35,Hectare,Tonnes,Tonne/Hectare,Black (Regur),88.9,Saline / Alkaline,Entisols,Lithic Ustorthents,Clayey,Shallow,Well drained,Neutral,Basalt,9
Maharashtra,Beed,2022-2023,other oilseeds,Summer,40.0,17.44,0.44,Hectare,Tonnes,Tonne/Hectare,Black (Regur),88.9,Saline / Alkaline,Entisols,Lithic Ustorthents,Clayey,Shallow,Well drained,Neutral,Basalt,9
Maharashtra,Bhandara,2022-2023,Arhar/Tur,Kharif,11041.0,4710.0,0.43,Hectare,Tonnes,Tonne/Hectare,Alluvial,55.6,Black (Regur),Inceptisols,Typic Haplustepts,Loamy,Very deep,Well drained,Slightly acidic,Alluvium,9
Maharashtra,Bhandara,2022-2023,Cotton(lint),Kharif,439.06,1176.51,2.68,Hectare,Bales,Bales/Hectare,Alluvial,55.6,Black (Regur),Inceptisols,Typic Haplustepts,Loamy,Very deep,Well drained,Slightly acidic,Alluvium,9
Maharashtra,Bhandara,2022-2023,Gram,Rabi,19984.2,15789.92,0.79,Hectare,Tonnes,Tonne/Hectare,Alluvial,55.6,Black (Regur),Inceptisols,Typic Haplustepts,Loamy,Very deep,Well drained,Slightly acidic,Alluvium,9
Maharashtra,Bhandara,2022-2023,Groundnut,Summer,11.0,17.0,1.55,Hectare,Tonnes,Tonne/Hectare,Alluvial,55.6,Black (Regur),Inceptisols,Typic Haplustepts,Loamy,Very deep,Well drained,Slightly acidic,Alluvium,9
Maharashtra,Bhandara,2022-2023,Linseed,Rabi,901.52,337.98,0.37,Hectare,Tonnes,Tonne/Hectare,Alluvial,55.6,Black (Regur),Inceptisols,Typic Haplustepts,Loamy,Very deep,Well drained,Slightly acidic,Alluvium,9
Maharashtra,Bhandara,2022-2023,Maize,Rabi,557.2,1101.55,1.98,Hectare,Tonnes,Tonne/Hectare,Alluvial,55.6,Black (Regur),Inceptisols,Typic Haplustepts,Loamy,Very deep,Well drained,Slightly acidic,Alluvium,9
Maharashtra,Bhandara,2022-2023,Maize,Summer,500.5,485.24,0.97,Hectare,Tonnes,Tonne/Hectare,Alluvial,55.6,Black (Regur),Inceptisols,Typic Haplustepts,Loamy,Very deep,Well drained,Slightly acidic,Alluvium,9
Maharashtra,Bhandara,2022-2023,Moong(Green Gram),Kharif,181.63,68.75,0.38,Hectare,Tonnes,Tonne/Hectare,Alluvial,55.6,Black (Regur),Inceptisols,Typic Haplustepts,Loamy,Very deep,Well drained,Slightly acidic,Alluvium,9
Maharashtra,Bhandara,2022-2023,Moong(Green Gram),Summer,153.8,28.33,0.18,Hectare,Tonnes,Tonne/Hectare,Alluvial,55.6,Black (Regur),Inceptisols,Typic Haplustepts,Loamy,Very deep,Well drained,Slightly acidic,Alluvium,9
Maharashtra,Bhandara,2022-2023,Other Rabi pulses,Rabi,25362.15,9130.37,0.36,Hectare,Tonnes,Tonne/Hectare,Alluvial,55.6,Black (Regur),Inceptisols,Typic Haplustepts,Loamy,Very deep,Well drained,Slightly acidic,Alluvium,9
Maharashtra,Bhandara,2022-2023,Other Summer Pulses,Summer,32.0,8.53,0.27,Hectare,Tonnes,Tonne/Hectare,Alluvial,55.6,Black (Regur),Inceptisols,Typic Haplustepts,Loamy,Very deep,Well drained,Slightly acidic,Alluvium,9
Maharashtra,Bhandara,2022-2023,Rice,Kharif,177018.89,378850.48,2.14,Hectare,Tonnes,Tonne/Hectare,Alluvial,55.6,Black (Regur),Inceptisols,Typic Haplustepts,Loamy,Very deep,Well drained,Slightly acidic,Alluvium,9
Maharashtra,Bhandara,2022-2023,Rice,Summer,62760.31,161538.76,2.57,Hectare,Tonnes,Tonne/Hectare,Alluvial,55.6,Black (Regur),Inceptisols,Typic Haplustepts,Loamy,Very deep,Well drained,Slightly acidic,Alluvium,9
Maharashtra,Bhandara,2022-2023,Safflower,Rabi,133.0,116.5,0.88,Hectare,Tonnes,Tonne/Hectare,Alluvial,55.6,Black (Regur),Inceptisols,Typic Haplustepts,Loamy,Very deep,Well drained,Slightly acidic,Alluvium,9
Maharashtra,Bhandara,2022-2023,Sesamum,Kharif,177.5,39.51,0.22,Hectare,Tonnes,Tonne/Hectare,Alluvial,55.6,Black (Regur),Inceptisols,Typic Haplustepts,Loamy,Very deep,Well drained,Slightly acidic,Alluvium,9
Maharashtra,Bhandara,2022-2023,Sesamum,Summer,10.0,2.0,0.2,Hectare,Tonnes,Tonne/Hectare,Alluvial,55.6,Black (Regur),Inceptisols,Typic Haplustepts,Loamy,Very deep,Well drained,Slightly acidic,Alluvium,9
Maharashtra,Bhandara,2022-2023,Soyabean,Kharif,346.0,344.0,0.99,Hectare,Tonnes,Tonne/Hectare,Alluvial,55.6,Black (Regur),Inceptisols,Typic Haplustepts,Loamy,Very deep,Well drained,Slightly acidic,Alluvium,9
Maharashtra,Bhandara,2022-2023,Soyabean,Summer,18.4,11.04,0.6,Hectare,Tonnes,Tonne/Hectare,Alluvial,55.6,Black (Regur),Inceptisols,Typic Haplustepts,Loamy,Very deep,Well drained,Slightly acidic,Alluvium,9
Maharashtra,Bhandara,2022-2023,Sugarcane,Whole Year,3918.0,121458.0,31.0,Hectare,Tonnes,Tonne/Hectare,Alluvial,55.6,Black (Regur),Inceptisols,Typic Haplustepts,Loamy,Very deep,Well drained,Slightly acidic,Alluvium,9
Maharashtra,Bhandara,2022-2023,Urad,Kharif,33.36,15.38,0.46,Hectare,Tonnes,Tonne/Hectare,Alluvial,55.6,Black (Regur),Inceptisols,Typic Haplustepts,Loamy,Very deep,Well drained,Slightly acidic,Alluvium,9
Maharashtra,Bhandara,2022-2023,Wheat,Rabi,10685.2,14478.45,1.36,Hectare,Tonnes,Tonne/Hectare,Alluvial,55.6,Black (Regur),Inceptisols,Typic Haplustepts,Loamy,Very deep,Well drained,Slightly acidic,Alluvium,9
Maharashtra,Bhandara,2022-2023,other oilseeds,Rabi,3737.4,1121.22,0.3,Hectare,Tonnes,Tonne/Hectare,Alluvial,55.6,Black (Regur),Inceptisols,Typic Haplustepts,Loamy,Very deep,Well drained,Slightly acidic,Alluvium,9
Maharashtra,Bhandara,2022-2023,other oilseeds,Summer,32.0,6.4,0.2,Hectare,Tonnes,Tonne/Hectare,Alluvial,55.6,Black (Regur),Inceptisols,Typic Haplustepts,Loamy,Very deep,Well drained,Slightly acidic,Alluvium,9
Maharashtra,Buldhana,2022-2023,Arhar/Tur,Kharif,78974.0,68944.0,0.87,Hectare,Tonnes,Tonne/Hectare,Black (Regur),100.0,,Entisols,Lithic Ustorthents,Loamy,Shallow,Well drained,Neutral,Basalt,9
Maharashtra,Buldhana,2022-2023,Bajra,Kharif,16.0,6.0,0.38,Hectare,Tonnes,Tonne/Hectare,Black (Regur),100.0,,Entisols,Lithic Ustorthents,Loamy,Shallow,Well drained,Neutral,Basalt,9
Maharashtra,Buldhana,2022-2023,Bajra,Summer,155.0,141.05,0.91,Hectare,Tonnes,Tonne/Hectare,Black (Regur),100.0,,Entisols,Lithic Ustorthents,Loamy,Shallow,Well drained,Neutral,Basalt,9
Maharashtra,Buldhana,2022-2023,Cotton(lint),Kharif,212220.31,542517.73,2.56,Hectare,Bales,Bales/Hectare,Black (Regur),100.0,,Entisols,Lithic Ustorthents,Loamy,Shallow,Well drained,Neutral,Basalt,9
Maharashtra,Buldhana,2022-2023,Gram,Rabi,208150.63,206710.23,0.99,Hectare,Tonnes,Tonne/Hectare,Black (Regur),100.0,,Entisols,Lithic Ustorthents,Loamy,Shallow,Well drained,Neutral,Basalt,9
Maharashtra,Buldhana,2022-2023,Groundnut,Kharif,603.66,952.58,1.58,Hectare,Tonnes,Tonne/Hectare,Black (Regur),100.0,,Entisols,Lithic Ustorthents,Loamy,Shallow,Well drained,Neutral,Basalt,9
Maharashtra,Buldhana,2022-2023,Groundnut,Summer,4251.0,6613.0,1.56,Hectare,Tonnes,Tonne/Hectare,Black (Regur),100.0,,Entisols,Lithic Ustorthents,Loamy,Shallow,Well drained,Neutral,Basalt,9
Maharashtra,Buldhana,2022-2023,Jowar,Kharif,3821.21,2661.86,0.7,Hectare,Tonnes,Tonne/Hectare,Black (Regur),100.0,,Entisols,Lithic Ustorthents,Loamy,Shallow,Well drained,Neutral,Basalt,9
Maharashtra,Buldhana,2022-2023,Jowar,Rabi,10166.2,14126.65,1.39,Hectare,Tonnes,Tonne/Hectare,Black (Regur),100.0,,Entisols,Lithic Ustorthents,Loamy,Shallow,Well drained,Neutral,Basalt,9
Maharashtra,Buldhana,2022-2023,Jowar,Summer,1481.4,1231.67,0.83,Hectare,Tonnes,Tonne/Hectare,Black (Regur),100.0,,Entisols,Lithic Ustorthents,Loamy,Shallow,Well drained,Neutral,Basalt,9
Maharashtra,Buldhana,2022-2023,Maize,Kharif,40254.0,120287.0,2.99,Hectare,Tonnes,Tonne/Hectare,Black (Regur),100.0,,Entisols,Lithic Ustorthents,Loamy,Shallow,Well drained,Neutral,Basalt,9
Maharashtra,Buldhana,2022-2023,Maize,Rabi,16140.27,31908.39,1.98,Hectare,Tonnes,Tonne/Hectare,Black (Regur),100.0,,Entisols,Lithic Ustorthents,Loamy,Shallow,Well drained,Neutral,Basalt,9
Maharashtra,Buldhana,2022-2023,Maize,Summer,5296.54,9534.62,1.8,Hectare,Tonnes,Tonne/Hectare,Black (Regur),100.0,,Entisols,Lithic Ustorthents,Loamy,Shallow,Well drained,Neutral,Basalt,9
Maharashtra,Buldhana,2022-2023,Moong(Green Gram),Kharif,14023.02,9523.03,0.68,Hectare,Tonnes,Tonne/Hectare,Black (Regur),100.0,,Entisols,Lithic Ustorthents,Loamy,Shallow,Well drained,Neutral,Basalt,9
Maharashtra,Buldhana,2022-2023,Moong(Green Gram),Summer,631.4,116.3,0.18,Hectare,Tonnes,Tonne/Hectare,Black (Regur),100.0,,Entisols,Lithic Ustorthents,Loamy,Shallow,Well drained,Neutral,Basalt,9
Maharashtra,Buldhana,2022-2023,Other Cereals,Kharif,20.0,9.2,0.46,Hectare,Tonnes,Tonne/Hectare,Black (Regur),100.0,,Entisols,Lithic Ustorthents,Loamy,Shallow,Well drained,Neutral,Basalt,9
Maharashtra,Buldhana,2022-2023,Other Cereals,Rabi,3.0,2.15,0.72,Hectare,Tonnes,Tonne/Hectare,Black (Regur),100.0,,Entisols,Lithic Ustorthents,Loamy,Shallow,Well drained,Neutral,Basalt,9
Maharashtra,Buldhana,2022-2023,Other Kharif pulses,Kharif,51.0,18.4,0.36,Hectare,Tonnes,Tonne/Hectare,Black (Regur),100.0,,Entisols,Lithic Ustorthents,Loamy,Shallow,Well drained,Neutral,Basalt,9
Maharashtra,Buldhana,2022-2023,Other Rabi pulses,Rabi,11.0,6.29,0.57,Hectare,Tonnes,Tonne/Hectare,Black (Regur),100.0,,Entisols,Lithic Ustorthents,Loamy,Shallow,Well drained,Neutral,Basalt,9
Maharashtra,Buldhana,2022-2023,Safflower,Rabi,538.0,466.93,0.87,Hectare,Tonnes,Tonne/Hectare,Black (Regur),100.0,,Entisols,Lithic Ustorthents,Loamy,Shallow,Well drained,Neutral,Basalt,9
Maharashtra,Buldhana,2022-2023,Sesamum,Kharif,595.14,132.48,0.22,Hectare,Tonnes,Tonne/Hectare,Black (Regur),100.0,,Entisols,Lithic Ustorthents,Loamy,Shallow,Well drained,Neutral,Basalt,9
Maharashtra,Buldhana,2022-2023,Sesamum,Rabi,52.39,17.55,0.34,Hectare,Tonnes,Tonne/Hectare,Black (Regur),100.0,,Entisols,Lithic Ustorthents,Loamy,Shallow,Well drained,Neutral,Basalt,9
Maharashtra,Buldhana,2022-2023,Sesamum,Summer,95.0,18.0,0.19,Hectare,Tonnes,Tonne/Hectare,Black (Regur),100.0,,Entisols,Lithic Ustorthents,Loamy,Shallow,Well drained,Neutral,Basalt,9
Maharashtra,Buldhana,2022-2023,Soyabean,Kharif,444649.0,791652.0,1.78,Hectare,Tonnes,Tonne/Hectare,Black (Regur),100.0,,Entisols,Lithic Ustorthents,Loamy,Shallow,Well drained,Neutral,Basalt,9
Maharashtra,Buldhana,2022-2023,Soyabean,Summer,1305.8,783.48,0.6,Hectare,Tonnes,Tonne/Hectare,Black (Regur),100.0,,Entisols,Lithic Ustorthents,Loamy,Shallow,Well drained,Neutral,Basalt,9
Maharashtra,Buldhana,2022-2023,Sugarcane,Whole Year,1092.0,63237.72,57.91,Hectare,Tonnes,Tonne/Hectare,Black (Regur),100.0,,Entisols,Lithic Ustorthents,Loamy,Shallow,Well drained,Neutral,Basalt,9
Maharashtra,Buldhana,2022-2023,Sunflower,Rabi,67.69,31.41,0.46,Hectare,Tonnes,Tonne/Hectare,Black (Regur),100.0,,Entisols,Lithic Ustorthents,Loamy,Shallow,Well drained,Neutral,Basalt,9
Maharashtra,Buldhana,2022-2023,Sunflower,Summer,348.0,298.0,0.86,Hectare,Tonnes,Tonne/Hectare,Black (Regur),100.0,,Entisols,Lithic Ustorthents,Loamy,Shallow,Well drained,Neutral,Basalt,9
Maharashtra,Buldhana,2022-2023,Urad,Kharif,17878.51,11780.15,0.66,Hectare,Tonnes,Tonne/Hectare,Black (Regur),100.0,,Entisols,Lithic Ustorthents,Loamy,Shallow,Well drained,Neutral,Basalt,9
Maharashtra,Buldhana,2022-2023,Urad,Summer,4.5,2.43,0.54,Hectare,Tonnes,Tonne/Hectare,Black (Regur),100.0,,Entisols,Lithic Ustorthents,Loamy,Shallow,Well drained,Neutral,Basalt,9
Maharashtra,Buldhana,2022-2023,Wheat,Rabi,70773.35,133188.37,1.88,Hectare,Tonnes,Tonne/Hectare,Black (Regur),100.0,,Entisols,Lithic Ustorthents,Loamy,Shallow,Well drained,Neutral,Basalt,9
Maharashtra,Buldhana,2022-2023,other oilseeds,Kharif,44.0,22.0,0.5,Hectare,Tonnes,Tonne/Hectare,Black (Regur),100.0,,Entisols,Lithic Ustorthents,Loamy,Shallow,Well drained,Neutral,Basalt,9
Maharashtra,Buldhana,2022-2023,other oilseeds,Rabi,620.5,255.98,0.41,Hectare,Tonnes,Tonne/Hectare,Black (Regur),100.0,,Entisols,Lithic Ustorthents,Loamy,Shallow,Well drained,Neutral,Basalt,9
Maharashtra,Buldhana,2022-2023,other oilseeds,Summer,10.0,1.77,0.18,Hectare,Tonnes,Tonne/Hectare,Black (Regur),100.0,,Entisols,Lithic Ustorthents,Loamy,Shallow,Well drained,Neutral,Basalt,9
Maharashtra,Chandrapur,2022-2023,Arhar/Tur,Kharif,51520.0,91289.0,1.77,Hectare,Tonnes,Tonne/Hectare,Saline / Alkaline,44.4,Alluvial,Inceptisols,Vertic Haplustepts,Clayey,Moderately deep,Well drained,Others,,9
Maharashtra,Chandrapur,2022-2023,Bajra,Summer,7.2,6.55,0.91,Hectare,Tonnes,Tonne/Hectare,Saline / Alkaline,44.4,Alluvial,Inceptisols,Vertic Haplustepts,Clayey,Moderately deep,Well drained,Others,,9
Maharashtra,Chandrapur,2022-2023,Cotton(lint),Kharif,152447.55,442486.06,2.9,Hectare,Bales,Bales/Hectare,Saline / Alkaline,44.4,Alluvial,Inceptisols,Vertic Haplustepts,Clayey,Moderately deep,Well drained,Others,,9
Maharashtra,Chandrapur,2022-2023,Gram,Rabi,62915.17,81380.14,1.29,Hectare,Tonnes,Tonne/Hectare,Saline / Alkaline,44.4,Alluvial,Inceptisols,Vertic Haplustepts,Clayey,Moderately deep,Well drained,Others,,9
Maharashtra,Chandrapur,2022-2023,Groundnut,Summer,294.0,557.0,1.89,Hectare,Tonnes,Tonne/Hectare,Saline / Alkaline,44.4,Alluvial,Inceptisols,Vertic Haplustepts,Clayey,Moderately deep,Well drained,Others,,9
Maharashtra,Chandrapur,2022-2023,Jowar,Kharif,527.32,313.28,0.59,Hectare,Tonnes,Tonne/Hectare,Saline / Alkaline,44.4,Alluvial,Inceptisols,Vertic Haplustepts,Clayey,Moderately deep,Well drained,Others,,9
Maharashtra,Chandrapur,2022-2023,Jowar,Rabi,5508.81,3469.5,0.63,Hectare,Tonnes,Tonne/Hectare,Saline / Alkaline,44.4,Alluvial,Inceptisols,Vertic Haplustepts,Clayey,Moderately deep,Well drained,Others,,9
Maharashtra,Chandrapur,2022-2023,Jowar,Summer,54.5,46.33,0.85,Hectare,Tonnes,Tonne/Hectare,Saline / Alkaline,44.4,Alluvial,Inceptisols,Vertic Haplustepts,Clayey,Moderately deep,Well drained,Others,,9
Maharashtra,Chandrapur,2022-2023,Linseed,Rabi,1039.97,738.07,0.71,Hectare,Tonnes,Tonne/Hectare,Saline / Alkaline,44.4,Alluvial,Inceptisols,Vertic Haplustepts,Clayey,Moderately deep,Well drained,Others,,9
Maharashtra,Chandrapur,2022-2023,Maize,Rabi,1291.87,2553.95,1.98,Hectare,Tonnes,Tonne/Hectare,Saline / Alkaline,44.4,Alluvial,Inceptisols,Vertic Haplustepts,Clayey,Moderately deep,Well drained,Others,,9
Maharashtra,Chandrapur,2022-2023,Maize,Summer,36.47,24.8,0.68,Hectare,Tonnes,Tonne/Hectare,Saline / Alkaline,44.4,Alluvial,Inceptisols,Vertic Haplustepts,Clayey,Moderately deep,Well drained,Others,,9
Maharashtra,Chandrapur,2022-2023,Moong(Green Gram),Kharif,16.5,6.25,0.38,Hectare,Tonnes,Tonne/Hectare,Saline / Alkaline,44.4,Alluvial,Inceptisols,Vertic Haplustepts,Clayey,Moderately deep,Well drained,Others,,9
Maharashtra,Chandrapur,2022-2023,Moong(Green Gram),Summer,253.8,46.75,0.18,Hectare,Tonnes,Tonne/Hectare,Saline / Alkaline,44.4,Alluvial,Inceptisols,Vertic Haplustepts,Clayey,Moderately deep,Well drained,Others,,9
Maharashtra,Chandrapur,2022-2023,Other Cereals,Kharif,728.0,291.2,0.4,Hectare,Tonnes,Tonne/Hectare,Saline / Alkaline,44.4,Alluvial,Inceptisols,Vertic Haplustepts,Clayey,Moderately deep,Well drained,Others,,9
Maharashtra,Chandrapur,2022-2023,Other Cereals,Rabi,579.0,231.76,0.4,Hectare,Tonnes,Tonne/Hectare,Saline / Alkaline,44.4,Alluvial,Inceptisols,Vertic Haplustepts,Clayey,Moderately deep,Well drained,Others,,9
Maharashtra,Chandrapur,2022-2023,Other Cereals,Summer,128.2,24.17,0.19,Hectare,Tonnes,Tonne/Hectare,Saline / Alkaline,44.4,Alluvial,Inceptisols,Vertic Haplustepts,Clayey,Moderately deep,Well drained,Others,,9
Maharashtra,Chandrapur,2022-2023,Other Kharif pulses,Kharif,1424.44,920.47,0.65,Hectare,Tonnes,Tonne/Hectare,Saline / Alkaline,44.4,Alluvial,Inceptisols,Vertic Haplustepts,Clayey,Moderately deep,Well drained,Others,,9
Maharashtra,Chandrapur,2022-2023,Other Rabi pulses,Rabi,26754.7,12976.03,0.49,Hectare,Tonnes,Tonne/Hectare,Saline / Alkaline,44.4,Alluvial,Inceptisols,Vertic Haplustepts,Clayey,Moderately deep,Well drained,Others,,9
Maharashtra,Chandrapur,2022-2023,Other Summer Pulses,Summer,8.1,3.23,0.4,Hectare,Tonnes,Tonne/Hectare,Saline / Alkaline,44.4,Alluvial,Inceptisols,Vertic Haplustepts,Clayey,Moderately deep,Well drained,Others,,9
Maharashtra,Chandrapur,2022-2023,Rice,Kharif,149246.85,248433.75,1.66,Hectare,Tonnes,Tonne/Hectare,Saline / Alkaline,44.4,Alluvial,Inceptisols,Vertic Haplustepts,Clayey,Moderately deep,Well drained,Others,,9
Maharashtra,Chandrapur,2022-2023,Rice,Summer,10311.84,22335.76,2.17,Hectare,Tonnes,Tonne/Hectare,Saline / Alkaline,44.4,Alluvial,Inceptisols,Vertic Haplustepts,Clayey,Moderately deep,Well drained,Others,,9
Maharashtra,Chandrapur,2022-2023,Safflower,Rabi,911.5,798.42,0.88,Hectare,Tonnes,Tonne/Hectare,Saline / Alkaline,44.4,Alluvial,Inceptisols,Vertic Haplustepts,Clayey,Moderately deep,Well drained,Others,,9
Maharashtra,Chandrapur,2022-2023,Sesamum,Kharif,146.88,32.7,0.22,Hectare,Tonnes,Tonne/Hectare,Saline / Alkaline,44.4,Alluvial,Inceptisols,Vertic Haplustepts,Clayey,Moderately deep,Well drained,Others,,9
Maharashtra,Chandrapur,2022-2023,Sesamum,Rabi,42.0,14.07,0.34,Hectare,Tonnes,Tonne/Hectare,Saline / Alkaline,44.4,Alluvial,Inceptisols,Vertic Haplustepts,Clayey,Moderately deep,Well drained,Others,,9
Maharashtra,Chandrapur,2022-2023,Sesamum,Summer,16.0,3.0,0.19,Hectare,Tonnes,Tonne/Hectare,Saline / Alkaline,44.4,Alluvial,Inceptisols,Vertic Haplustepts,Clayey,Moderately deep,Well drained,Others,,9
Maharashtra,Chandrapur,2022-2023,Soyabean,Kharif,87901.0,109454.0,1.25,Hectare,Tonnes,Tonne/Hectare,Saline / Alkaline,44.4,Alluvial,Inceptisols,Vertic Haplustepts,Clayey,Moderately deep,Well drained,Others,,9
Maharashtra,Chandrapur,2022-2023,Soyabean,Summer,257.3,154.38,0.6,Hectare,Tonnes,Tonne/Hectare,Saline / Alkaline,44.4,Alluvial,Inceptisols,Vertic Haplustepts,Clayey,Moderately deep,Well drained,Others,,9
Maharashtra,Chandrapur,2022-2023,Sugarcane,Whole Year,18.0,1080.0,60.0,Hectare,Tonnes,Tonne/Hectare,Saline / Alkaline,44.4,Alluvial,Inceptisols,Vertic Haplustepts,Clayey,Moderately deep,Well drained,Others,,9
Maharashtra,Chandrapur,2022-2023,Urad,Kharif,3.2,1.48,0.46,Hectare,Tonnes,Tonne/Hectare,Saline / Alkaline,44.4,Alluvial,Inceptisols,Vertic Haplustepts,Clayey,Moderately deep,Well drained,Others,,9
Maharashtra,Chandrapur,2022-2023,Wheat,Rabi,19718.22,29963.81,1.52,Hectare,Tonnes,Tonne/Hectare,Saline / Alkaline,44.4,Alluvial,Inceptisols,Vertic Haplustepts,Clayey,Moderately deep,Well drained,Others,,9
Maharashtra,Chandrapur,2022-2023,other oilseeds,Kharif,11.5,4.49,0.39,Hectare,Tonnes,Tonne/Hectare,Saline / Alkaline,44.4,Alluvial,Inceptisols,Vertic Haplustepts,Clayey,Moderately deep,Well drained,Others,,9
Maharashtra,Chandrapur,2022-2023,other oilseeds,Rabi,2954.0,738.5,0.25,Hectare,Tonnes,Tonne/Hectare,Saline / Alkaline,44.4,Alluvial,Inceptisols,Vertic Haplustepts,Clayey,Moderately deep,Well drained,Others,,9
Maharashtra,Chandrapur,2022-2023,other oilseeds,Summer,1.0,0.55,0.55,Hectare,Tonnes,Tonne/Hectare,Saline / Alkaline,44.4,Alluvial,Inceptisols,Vertic Haplustepts,Clayey,Moderately deep,Well drained,Others,,9
Maharashtra,Chhatrapati Sambhajinagar,2022-2023,Arhar/Tur,Kharif,32605.0,19674.0,0.6,Hectare,Tonnes,Tonne/Hectare,Black (Regur),88.9,Saline / Alkaline,Entisols,Lithic Ustorthents,Loamy,Shallow,Well drained,Neutral,Basalt,9
Maharashtra,Chhatrapati Sambhajinagar,2022-2023,Bajra,Kharif,16599.0,14484.0,0.87,Hectare,Tonnes,Tonne/Hectare,Black (Regur),88.9,Saline / Alkaline,Entisols,Lithic Ustorthents,Loamy,Shallow,Well drained,Neutral,Basalt,9
Maharashtra,Chhatrapati Sambhajinagar,2022-2023,Bajra,Summer,7024.5,6392.3,0.91,Hectare,Tonnes,Tonne/Hectare,Black (Regur),88.9,Saline / Alkaline,Entisols,Lithic Ustorthents,Loamy,Shallow,Well drained,Neutral,Basalt,9
Maharashtra,Chhatrapati Sambhajinagar,2022-2023,Cotton(lint),Kharif,400404.99,452630.51,1.13,Hectare,Bales,Bales/Hectare,Black (Regur),88.9,Saline / Alkaline,Entisols,Lithic Ustorthents,Loamy,Shallow,Well drained,Neutral,Basalt,9
Maharashtra,Chhatrapati Sambhajinagar,2022-2023,Gram,Rabi,64781.93,44529.8,0.69,Hectare,Tonnes,Tonne/Hectare,Black (Regur),88.9,Saline / Alkaline,Entisols,Lithic Ustorthents,Loamy,Shallow,Well drained,Neutral,Basalt,9
Maharashtra,Chhatrapati Sambhajinagar,2022-2023,Groundnut,Kharif,5954.93,6580.36,1.11,Hectare,Tonnes,Tonne/Hectare,Black (Regur),88.9,Saline / Alkaline,Entisols,Lithic Ustorthents,Loamy,Shallow,Well drained,Neutral,Basalt,9
Maharashtra,Chhatrapati Sambhajinagar,2022-2023,Groundnut,Summer,781.0,1194.0,1.53,Hectare,Tonnes,Tonne/Hectare,Black (Regur),88.9,Saline / Alkaline,Entisols,Lithic Ustorthents,Loamy,Shallow,Well drained,Neutral,Basalt,9
Maharashtra,Chhatrapati Sambhajinagar,2022-2023,Jowar,Kharif,447.84,342.33,0.76,Hectare,Tonnes,Tonne/Hectare,Black (Regur),88.9,Saline / Alkaline,Entisols,Lithic Ustorthents,Loamy,Shallow,Well drained,Neutral,Basalt,9
Maharashtra,Chhatrapati Sambhajinagar,2022-2023,Jowar,Rabi,28389.15,19599.87,0.69,Hectare,Tonnes,Tonne/Hectare,Black (Regur),88.9,Saline / Alkaline,Entisols,Lithic Ustorthents,Loamy,Shallow,Well drained,Neutral,Basalt,9
Maharashtra,Chhatrapati Sambhajinagar,2022-2023,Jowar,Summer,59.0,47.2,0.8,Hectare,Tonnes,Tonne/Hectare,Black (Regur),88.9,Saline / Alkaline,Entisols,Lithic Ustorthents,Loamy,Shallow,Well drained,Neutral,Basalt,9
Maharashtra,Chhatrapati Sambhajinagar,2022-2023,Linseed,Rabi,18.2,6.89,0.38,Hectare,Tonnes,Tonne/Hectare,Black (Regur),88.9,Saline / Alkaline,Entisols,Lithic Ustorthents,Loamy,Shallow,Well drained,Neutral,Basalt,9
Maharashtra,Chhatrapati Sambhajinagar,2022-2023,Maize,Kharif,58259.0,122046.0,2.09,Hectare,Tonnes,Tonne/Hectare,Black (Regur),88.9,Saline / Alkaline,Entisols,Lithic Ustorthents,Loamy,Shallow,Well drained,Neutral,Basalt,9
Maharashtra,Chhatrapati Sambhajinagar,2022-2023,Maize,Rabi,41741.0,91980.47,2.2,Hectare,Tonnes,Tonne/Hectare,Black (Regur),88.9,Saline / Alkaline,Entisols,Lithic Ustorthents,Loamy,Shallow,Well drained,Neutral,Basalt,9
Maharashtra,Chhatrapati Sambhajinagar,2022-2023,Maize,Summer,9847.5,11462.49,1.16,Hectare,Tonnes,Tonne/Hectare,Black (Regur),88.9,Saline / Alkaline,Entisols,Lithic Ustorthents,Loamy,Shallow,Well drained,Neutral,Basalt,9
Maharashtra,Chhatrapati Sambhajinagar,2022-2023,Moong(Green Gram),Kharif,11137.24,5477.3,0.49,Hectare,Tonnes,Tonne/Hectare,Black (Regur),88.9,Saline / Alkaline,Entisols,Lithic Ustorthents,Loamy,Shallow,Well drained,Neutral,Basalt,9
Maharashtra,Chhatrapati Sambhajinagar,2022-2023,Moong(Green Gram),Summer,3.0,0.58,0.19,Hectare,Tonnes,Tonne/Hectare,Black (Regur),88.9,Saline / Alkaline,Entisols,Lithic Ustorthents,Loamy,Shallow,Well drained,Neutral,Basalt,9
Maharashtra,Chhatrapati Sambhajinagar,2022-2023,Other Cereals,Kharif,1095.0,447.86,0.41,Hectare,Tonnes,Tonne/Hectare,Black (Regur),88.9,Saline / Alkaline,Entisols,Lithic Ustorthents,Loamy,Shallow,Well drained,Neutral,Basalt,9
Maharashtra,Chhatrapati Sambhajinagar,2022-2023,Other Cereals,Rabi,944.0,141.6,0.15,Hectare,Tonnes,Tonne/Hectare,Black (Regur),88.9,Saline / Alkaline,Entisols,Lithic Ustorthents,Loamy,Shallow,Well drained,Neutral,Basalt,9
Maharashtra,Chhatrapati Sambhajinagar,2022-2023,Other Cereals,Summer,169.0,181.98,1.08,Hectare,Tonnes,Tonne/Hectare,Black (Regur),88.9,Saline / Alkaline,Entisols,Lithic Ustorthents,Loamy,Shallow,Well drained,Neutral,Basalt,9
Maharashtra,Chhatrapati Sambhajinagar,2022-2023,Other Kharif pulses,Kharif,197.0,53.19,0.27,Hectare,Tonnes,Tonne/Hectare,Black (Regur),88.9,Saline / Alkaline,Entisols,Lithic Ustorthents,Loamy,Shallow,Well drained,Neutral,Basalt,9
Maharashtra,Chhatrapati Sambhajinagar,2022-2023,Other Rabi pulses,Rabi,79.0,14.22,0.18,Hectare,Tonnes,Tonne/Hectare,Black (Regur),88.9,Saline / Alkaline,Entisols,Lithic Ustorthents,Loamy,Shallow,Well drained,Neutral,Basalt,9
Maharashtra,Chhatrapati Sambhajinagar,2022-2023,Other Summer Pulses,Summer,170.0,92.64,0.54,Hectare,Tonnes,Tonne/Hectare,Black (Regur),88.9,Saline / Alkaline,Entisols,Lithic Ustorthents,Loamy,Shallow,Well drained,Neutral,Basalt,9
Maharashtra,Chhatrapati Sambhajinagar,2022-2023,Safflower,Rabi,85.72,42.74,0.5,Hectare,Tonnes,Tonne/Hectare,Black (Regur),88.9,Saline / Alkaline,Entisols,Lithic Ustorthents,Loamy,Shallow,Well drained,Neutral,Basalt,9
Maharashtra,Chhatrapati Sambhajinagar,2022-2023,Sesamum,Kharif,210.32,53.32,0.25,Hectare,Tonnes,Tonne/Hectare,Black (Regur),88.9,Saline / Alkaline,Entisols,Lithic Ustorthents,Loamy,Shallow,Well drained,Neutral,Basalt,9
Maharashtra,Chhatrapati Sambhajinagar,2022-2023,Sesamum,Rabi,5.13,1.72,0.34,Hectare,Tonnes,Tonne/Hectare,Black (Regur),88.9,Saline / Alkaline,Entisols,Lithic Ustorthents,Loamy,Shallow,Well drained,Neutral,Basalt,9
Maharashtra,Chhatrapati Sambhajinagar,2022-2023,Sesamum,Summer,11.0,2.0,0.18,Hectare,Tonnes,Tonne/Hectare,Black (Regur),88.9,Saline / Alkaline,Entisols,Lithic Ustorthents,Loamy,Shallow,Well drained,Neutral,Basalt,9
Maharashtra,Chhatrapati Sambhajinagar,2022-2023,Soyabean,Kharif,30417.0,23932.0,0.79,Hectare,Tonnes,Tonne/Hectare,Black (Regur),88.9,Saline / Alkaline,Entisols,Lithic Ustorthents,Loamy,Shallow,Well drained,Neutral,Basalt,9
Maharashtra,Chhatrapati Sambhajinagar,2022-2023,Soyabean,Summer,404.0,262.6,0.65,Hectare,Tonnes,Tonne/Hectare,Black (Regur),88.9,Saline / Alkaline,Entisols,Lithic Ustorthents,Loamy,Shallow,Well drained,Neutral,Basalt,9
Maharashtra,Chhatrapati Sambhajinagar,2022-2023,Sugarcane,Whole Year,40000.0,3209600.0,80.24,Hectare,Tonnes,Tonne/Hectare,Black (Regur),88.9,Saline / Alkaline,Entisols,Lithic Ustorthents,Loamy,Shallow,Well drained,Neutral,Basalt,9
Maharashtra,Chhatrapati Sambhajinagar,2022-2023,Sunflower,Kharif,2.0,1.0,0.5,Hectare,Tonnes,Tonne/Hectare,Black (Regur),88.9,Saline / Alkaline,Entisols,Lithic Ustorthents,Loamy,Shallow,Well drained,Neutral,Basalt,9
Maharashtra,Chhatrapati Sambhajinagar,2022-2023,Sunflower,Rabi,913.08,373.27,0.41,Hectare,Tonnes,Tonne/Hectare,Black (Regur),88.9,Saline / Alkaline,Entisols,Lithic Ustorthents,Loamy,Shallow,Well drained,Neutral,Basalt,9
Maharashtra,Chhatrapati Sambhajinagar,2022-2023,Sunflower,Summer,2397.0,2051.0,0.86,Hectare,Tonnes,Tonne/Hectare,Black (Regur),88.9,Saline / Alkaline,Entisols,Lithic Ustorthents,Loamy,Shallow,Well drained,Neutral,Basalt,9
Maharashtra,Chhatrapati Sambhajinagar,2022-2023,Urad,Kharif,2880.02,1234.09,0.43,Hectare,Tonnes,Tonne/Hectare,Black (Regur),88.9,Saline / Alkaline,Entisols,Lithic Ustorthents,Loamy,Shallow,Well drained,Neutral,Basalt,9
Maharashtra,Chhatrapati Sambhajinagar,2022-2023,Wheat,Rabi,44924.32,70616.54,1.57,Hectare,Tonnes,Tonne/Hectare,Black (Regur),88.9,Saline / Alkaline,Entisols,Lithic Ustorthents,Loamy,Shallow,Well drained,Neutral,Basalt,9
Maharashtra,Chhatrapati Sambhajinagar,2022-2023,other oilseeds,Kharif,103.0,21.63,0.21,Hectare,Tonnes,Tonne/Hectare,Black (Regur),88.9,Saline / Alkaline,Entisols,Lithic Ustorthents,Loamy,Shallow,Well drained,Neutral,Basalt,9
Maharashtra,Chhatrapati Sambhajinagar,2022-2023,other oilseeds,Rabi,156.2,35.93,0.23,Hectare,Tonnes,Tonne/Hectare,Black (Regur),88.9,Saline / Alkaline,Entisols,Lithic Ustorthents,Loamy,Shallow,Well drained,Neutral,Basalt,9
Maharashtra,Chhatrapati Sambhajinagar,2022-2023,other oilseeds,Summer,113.0,49.27,0.44,Hectare,Tonnes,Tonne/Hectare,Black (Regur),88.9,Saline / Alkaline,Entisols,Lithic Ustorthents,Loamy,Shallow,Well drained,Neutral,Basalt,9
Maharashtra,Dharashiv,2022-2023,Arhar/Tur,Kharif,41972.0,26094.0,0.62,Hectare,Tonnes,Tonne/Hectare,Black (Regur),55.6,Red & Yellow,Entisols,Lithic Ustorthents,Clayey,Shallow,Well drained,Slightly alkaline,Basalt,9
Maharashtra,Dharashiv,2022-2023,Bajra,Kharif,232.0,83.0,0.36,Hectare,Tonnes,Tonne/Hectare,Black (Regur),55.6,Red & Yellow,Entisols,Lithic Ustorthents,Clayey,Shallow,Well drained,Slightly alkaline,Basalt,9
Maharashtra,Dharashiv,2022-2023,Cotton(lint),Kharif,2027.43,3026.29,1.49,Hectare,Bales,Bales/Hectare,Black (Regur),55.6,Red & Yellow,Entisols,Lithic Ustorthents,Clayey,Shallow,Well drained,Slightly alkaline,Basalt,9
Maharashtra,Dharashiv,2022-2023,Gram,Rabi,256907.07,237379.56,0.92,Hectare,Tonnes,Tonne/Hectare,Black (Regur),55.6,Red & Yellow,Entisols,Lithic Ustorthents,Clayey,Shallow,Well drained,Slightly alkaline,Basalt,9
Maharashtra,Dharashiv,2022-2023,Groundnut,Kharif,1263.62,956.06,0.76,Hectare,Tonnes,Tonne/Hectare,Black (Regur),55.6,Red & Yellow,Entisols,Lithic Ustorthents,Clayey,Shallow,Well drained,Slightly alkaline,Basalt,9
Maharashtra,Dharashiv,2022-2023,Groundnut,Summer,2394.0,2826.0,1.18,Hectare,Tonnes,Tonne/Hectare,Black (Regur),55.6,Red & Yellow,Entisols,Lithic Ustorthents,Clayey,Shallow,Well drained,Slightly alkaline,Basalt,9
Maharashtra,Dharashiv,2022-2023,Jowar,Kharif,1903.01,283.74,0.15,Hectare,Tonnes,Tonne/Hectare,Black (Regur),55.6,Red & Yellow,Entisols,Lithic Ustorthents,Clayey,Shallow,Well drained,Slightly alkaline,Basalt,9
Maharashtra,Dharashiv,2022-2023,Jowar,Rabi,139397.51,171539.79,1.23,Hectare,Tonnes,Tonne/Hectare,Black (Regur),55.6,Red & Yellow,Entisols,Lithic Ustorthents,Clayey,Shallow,Well drained,Slightly alkaline,Basalt,9
Maharashtra,Dharashiv,2022-2023,Jowar,Summer,317.7,264.14,0.83,Hectare,Tonnes,Tonne/Hectare,Black (Regur),55.6,Red & Yellow,Entisols,Lithic Ustorthents,Clayey,Shallow,Well drained,Slightly alkaline,Basalt,9
Maharashtra,Dharashiv,2022-2023,Linseed,Rabi,386.14,180.13,0.47,Hectare,Tonnes,Tonne/Hectare,Black (Regur),55.6,Red & Yellow,Entisols,Lithic Ustorthents,Clayey,Shallow,Well drained,Slightly alkaline,Basalt,9
Maharashtra,Dharashiv,2022-2023,Maize,Kharif,18198.0,17952.0,0.99,Hectare,Tonnes,Tonne/Hectare,Black (Regur),55.6,Red & Yellow,Entisols,Lithic Ustorthents,Clayey,Shallow,Well drained,Slightly alkaline,Basalt,9
Maharashtra,Dharashiv,2022-2023,Maize,Rabi,8754.17,11005.74,1.26,Hectare,Tonnes,Tonne/Hectare,Black (Regur),55.6,Red & Yellow,Entisols,Lithic Ustorthents,Clayey,Shallow,Well drained,Slightly alkaline,Basalt,9
Maharashtra,Dharashiv,2022-2023,Maize,Summer,2468.89,2633.32,1.07,Hectare,Tonnes,Tonne/Hectare,Black (Regur),55.6,Red & Yellow,Entisols,Lithic Ustorthents,Clayey,Shallow,Well drained,Slightly alkaline,Basalt,9
Maharashtra,Dharashiv,2022-2023,Moong(Green Gram),Kharif,13483.49,9094.61,0.67,Hectare,Tonnes,Tonne/Hectare,Black (Regur),55.6,Red & Yellow,Entisols,Lithic Ustorthents,Clayey,Shallow,Well drained,Slightly alkaline,Basalt,9
Maharashtra,Dharashiv,2022-2023,Moong(Green Gram),Summer,17.5,3.22,0.18,Hectare,Tonnes,Tonne/Hectare,Black (Regur),55.6,Red & Yellow,Entisols,Lithic Ustorthents,Clayey,Shallow,Well drained,Slightly alkaline,Basalt,9
Maharashtra,Dharashiv,2022-2023,Niger seed,Kharif,88.97,22.47,0.25,Hectare,Tonnes,Tonne/Hectare,Black (Regur),55.6,Red & Yellow,Entisols,Lithic Ustorthents,Clayey,Shallow,Well drained,Slightly alkaline,Basalt,9
Maharashtra,Dharashiv,2022-2023,Other Cereals,Kharif,1618.9,420.91,0.26,Hectare,Tonnes,Tonne/Hectare,Black (Regur),55.6,Red & Yellow,Entisols,Lithic Ustorthents,Clayey,Shallow,Well drained,Slightly alkaline,Basalt,9
Maharashtra,Dharashiv,2022-2023,Other Cereals,Rabi,1478.4,551.1,0.37,Hectare,Tonnes,Tonne/Hectare,Black (Regur),55.6,Red & Yellow,Entisols,Lithic Ustorthents,Clayey,Shallow,Well drained,Slightly alkaline,Basalt,9
Maharashtra,Dharashiv,2022-2023,Other Cereals,Summer,12.8,11.96,0.93,Hectare,Tonnes,Tonne/Hectare,Black (Regur),55.6,Red & Yellow,Entisols,Lithic Ustorthents,Clayey,Shallow,Well drained,Slightly alkaline,Basalt,9
Maharashtra,Dharashiv,2022-2023,Other Kharif pulses,Kharif,1258.0,478.04,0.38,Hectare,Tonnes,Tonne/Hectare,Black (Regur),55.6,Red & Yellow,Entisols,Lithic Ustorthents,Clayey,Shallow,Well drained,Slightly alkaline,Basalt,9
Maharashtra,Dharashiv,2022-2023,Other Rabi pulses,Rabi,9488.6,3905.13,0.41,Hectare,Tonnes,Tonne/Hectare,Black (Regur),55.6,Red & Yellow,Entisols,Lithic Ustorthents,Clayey,Shallow,Well drained,Slightly alkaline,Basalt,9
Maharashtra,Dharashiv,2022-2023,Other Summer Pulses,Summer,782.2,241.7,0.31,Hectare,Tonnes,Tonne/Hectare,Black (Regur),55.6,Red & Yellow,Entisols,Lithic Ustorthents,Clayey,Shallow,Well drained,Slightly alkaline,Basalt,9
Maharashtra,Dharashiv,2022-2023,Rice,Kharif,367.67,143.37,0.39,Hectare,Tonnes,Tonne/Hectare,Black (Regur),55.6,Red & Yellow,Entisols,Lithic Ustorthents,Clayey,Shallow,Well drained,Slightly alkaline,Basalt,9
Maharashtra,Dharashiv,2022-2023,Safflower,Rabi,6504.89,5673.57,0.87,Hectare,Tonnes,Tonne/Hectare,Black (Regur),55.6,Red & Yellow,Entisols,Lithic Ustorthents,Clayey,Shallow,Well drained,Slightly alkaline,Basalt,9
Maharashtra,Dharashiv,2022-2023,Sesamum,Kharif,580.65,147.2,0.25,Hectare,Tonnes,Tonne/Hectare,Black (Regur),55.6,Red & Yellow,Entisols,Lithic Ustorthents,Clayey,Shallow,Well drained,Slightly alkaline,Basalt,9
Maharashtra,Dharashiv,2022-2023,Sesamum,Rabi,1.14,0.38,0.34,Hectare,Tonnes,Tonne/Hectare,Black (Regur),55.6,Red & Yellow,Entisols,Lithic Ustorthents,Clayey,Shallow,Well drained,Slightly alkaline,Basalt,9
Maharashtra,Dharashiv,2022-2023,Soyabean,Kharif,437775.0,500201.0,1.14,Hectare,Tonnes,Tonne/Hectare,Black (Regur),55.6,Red & Yellow,Entisols,Lithic Ustorthents,Clayey,Shallow,Well drained,Slightly alkaline,Basalt,9
Maharashtra,Dharashiv,2022-2023,Soyabean,Summer,968.2,503.45,0.52,Hectare,Tonnes,Tonne/Hectare,Black (Regur),55.6,Red & Yellow,Entisols,Lithic Ustorthents,Clayey,Shallow,Well drained,Slightly alkaline,Basalt,9
Maharashtra,Dharashiv,2022-2023,Sugarcane,Whole Year,74275.0,4047244.75,54.49,Hectare,Tonnes,Tonne/Hectare,Black (Regur),55.6,Red & Yellow,Entisols,Lithic Ustorthents,Clayey,Shallow,Well drained,Slightly alkaline,Basalt,9
Maharashtra,Dharashiv,2022-2023,Sunflower,Kharif,7766.0,2893.0,0.37,Hectare,Tonnes,Tonne/Hectare,Black (Regur),55.6,Red & Yellow,Entisols,Lithic Ustorthents,Clayey,Shallow,Well drained,Slightly alkaline,Basalt,9
Maharashtra,Dharashiv,2022-2023,Sunflower,Rabi,559.05,259.38,0.46,Hectare,Tonnes,Tonne/Hectare,Black (Regur),55.6,Red & Yellow,Entisols,Lithic Ustorthents,Clayey,Shallow,Well drained,Slightly alkaline,Basalt,9
Maharashtra,Dharashiv,2022-2023,Sunflower,Summer,2.0,2.0,1.0,Hectare,Tonnes,Tonne/Hectare,Black (Regur),55.6,Red & Yellow,Entisols,Lithic Ustorthents,Clayey,Shallow,Well drained,Slightly alkaline,Basalt,9
Maharashtra,Dharashiv,2022-2023,Urad,Kharif,40974.11,25760.42,0.63,Hectare,Tonnes,Tonne/Hectare,Black (Regur),55.6,Red & Yellow,Entisols,Lithic Ustorthents,Clayey,Shallow,Well drained,Slightly alkaline,Basalt,9
Maharashtra,Dharashiv,2022-2023,Urad,Summer,2.0,1.06,0.53,Hectare,Tonnes,Tonne/Hectare,Black (Regur),55.6,Red & Yellow,Entisols,Lithic Ustorthents,Clayey,Shallow,Well drained,Slightly alkaline,Basalt,9
Maharashtra,Dharashiv,2022-2023,Wheat,Rabi,33447.78,51987.88,1.55,Hectare,Tonnes,Tonne/Hectare,Black (Regur),55.6,Red & Yellow,Entisols,Lithic Ustorthents,Clayey,Shallow,Well drained,Slightly alkaline,Basalt,9
Maharashtra,Dharashiv,2022-2023,other oilseeds,Kharif,700.2,238.07,0.34,Hectare,Tonnes,Tonne/Hectare,Black (Regur),55.6,Red & Yellow,Entisols,Lithic Ustorthents,Clayey,Shallow,Well drained,Slightly alkaline,Basalt,9
Maharashtra,Dharashiv,2022-2023,other oilseeds,Rabi,1536.5,509.52,0.33,Hectare,Tonnes,Tonne/Hectare,Black (Regur),55.6,Red & Yellow,Entisols,Lithic Ustorthents,Clayey,Shallow,Well drained,Slightly alkaline,Basalt,9
Maharashtra,Dharashiv,2022-2023,other oilseeds,Summer,6.0,2.62,0.44,Hectare,Tonnes,Tonne/Hectare,Black (Regur),55.6,Red & Yellow,Entisols,Lithic Ustorthents,Clayey,Shallow,Well drained,Slightly alkaline,Basalt,9
Maharashtra,Dhule,2022-2023,Arhar/Tur,Kharif,3097.0,1992.0,0.64,Hectare,Tonnes,Tonne/Hectare,Black (Regur),66.7,Saline / Alkaline,Entisols,Lithic Ustorthents,Loamy,Shallow,Well drained,Neutral,Basalt,9
Maharashtra,Dhule,2022-2023,Bajra,Kharif,50093.0,55786.0,1.11,Hectare,Tonnes,Tonne/Hectare,Black (Regur),66.7,Saline / Alkaline,Entisols,Lithic Ustorthents,Loamy,Shallow,Well drained,Neutral,Basalt,9
Maharashtra,Dhule,2022-2023,Bajra,Summer,1876.0,1782.2,0.95,Hectare,Tonnes,Tonne/Hectare,Black (Regur),66.7,Saline / Alkaline,Entisols,Lithic Ustorthents,Loamy,Shallow,Well drained,Neutral,Basalt,9
Maharashtra,Dhule,2022-2023,Cotton(lint),Kharif,258513.52,545985.2,2.11,Hectare,Bales,Bales/Hectare,Black (Regur),66.7,Saline / Alkaline,Entisols,Lithic Ustorthents,Loamy,Shallow,Well drained,Neutral,Basalt,9
Maharashtra,Dhule,2022-2023,Gram,Rabi,34017.88,24959.94,0.73,Hectare,Tonnes,Tonne/Hectare,Black (Regur),66.7,Saline / Alkaline,Entisols,Lithic Ustorthents,Loamy,Shallow,Well drained,Neutral,Basalt,9
Maharashtra,Dhule,2022-2023,Groundnut,Kharif,9662.07,9495.88,0.98,Hectare,Tonnes,Tonne/Hectare,Black (Regur),66.7,Saline / Alkaline,Entisols,Lithic Ustorthents,Loamy,Shallow,Well drained,Neutral,Basalt,9
Maharashtra,Dhule,2022-2023,Groundnut,Summer,2789.0,2881.0,1.03,Hectare,Tonnes,Tonne/Hectare,Black (Regur),66.7,Saline / Alkaline,Entisols,Lithic Ustorthents,Loamy,Shallow,Well drained,Neutral,Basalt,9
Maharashtra,Dhule,2022-2023,Jowar,Kharif,7495.29,8389.48,1.12,Hectare,Tonnes,Tonne/Hectare,Black (Regur),66.7,Saline / Alkaline,Entisols,Lithic Ustorthents,Loamy,Shallow,Well drained,Neutral,Basalt,9
Maharashtra,Dhule,2022-2023,Jowar,Rabi,10247.35,15660.0,1.53,Hectare,Tonnes,Tonne/Hectare,Black (Regur),66.7,Saline / Alkaline,Entisols,Lithic Ustorthents,Loamy,Shallow,Well drained,Neutral,Basalt,9
Maharashtra,Dhule,2022-2023,Maize,Kharif,54624.0,159759.0,2.92,Hectare,Tonnes,Tonne/Hectare,Black (Regur),66.7,Saline / Alkaline,Entisols,Lithic Ustorthents,Loamy,Shallow,Well drained,Neutral,Basalt,9
Maharashtra,Dhule,2022-2023,Maize,Rabi,9364.57,24522.06,2.62,Hectare,Tonnes,Tonne/Hectare,Black (Regur),66.7,Saline / Alkaline,Entisols,Lithic Ustorthents,Loamy,Shallow,Well drained,Neutral,Basalt,9
Maharashtra,Dhule,2022-2023,Maize,Summer,1540.01,3388.02,2.2,Hectare,Tonnes,Tonne/Hectare,Black (Regur),66.7,Saline / Alkaline,Entisols,Lithic Ustorthents,Loamy,Shallow,Well drained,Neutral,Basalt,9
Maharashtra,Dhule,2022-2023,Moong(Green Gram),Kharif,9515.59,3919.47,0.41,Hectare,Tonnes,Tonne/Hectare,Black (Regur),66.7,Saline / Alkaline,Entisols,Lithic Ustorthents,Loamy,Shallow,Well drained,Neutral,Basalt,9
Maharashtra,Dhule,2022-2023,Moong(Green Gram),Summer,53.0,9.61,0.18,Hectare,Tonnes,Tonne/Hectare,Black (Regur),66.7,Saline / Alkaline,Entisols,Lithic Ustorthents,Loamy,Shallow,Well drained,Neutral,Basalt,9
Maharashtra,Dhule,2022-2023,Other Cereals,Kharif,668.0,434.2,0.65,Hectare,Tonnes,Tonne/Hectare,Black (Regur),66.7,Saline / Alkaline,Entisols,Lithic Ustorthents,Loamy,Shallow,Well drained,Neutral,Basalt,9
Maharashtra,Dhule,2022-2023,Other Cereals,Rabi,366.0,347.7,0.95,Hectare,Tonnes,Tonne/Hectare,Black (Regur),66.7,Saline / Alkaline,Entisols,Lithic Ustorthents,Loamy,Shallow,Well drained,Neutral,Basalt,9
Maharashtra,Dhule,2022-2023,Other Cereals,Summer,200.0,205.02,1.03,Hectare,Tonnes,Tonne/Hectare,Black (Regur),66.7,Saline / Alkaline,Entisols,Lithic Ustorthents,Loamy,Shallow,Well drained,Neutral,Basalt,9
Maharashtra,Dhule,2022-2023,Other Kharif pulses,Kharif,355.0,89.0,0.25,Hectare,Tonnes,Tonne/Hectare,Black (Regur),66.7,Saline / Alkaline,Entisols,Lithic Ustorthents,Loamy,Shallow,Well drained,Neutral,Basalt,9
Maharashtra,Dhule,2022-2023,Other Rabi pulses,Rabi,1427.0,702.08,0.49,Hectare,Tonnes,Tonne/Hectare,Black (Regur),66.7,Saline / Alkaline,Entisols,Lithic Ustorthents,Loamy,Shallow,Well drained,Neutral,Basalt,9
Maharashtra,Dhule,2022-2023,Ragi,Kharif,1379.0,1472.0,1.07,Hectare,Tonnes,Tonne/Hectare,Black (Regur),66.7,Saline / Alkaline,Entisols,Lithic Ustorthents,Loamy,Shallow,Well drained,Neutral,Basalt,9
Maharashtra,Dhule,2022-2023,Rice,Kharif,7275.66,12358.44,1.7,Hectare,Tonnes,Tonne/Hectare,Black (Regur),66.7,Saline / Alkaline,Entisols,Lithic Ustorthents,Loamy,Shallow,Well drained,Neutral,Basalt,9
Maharashtra,Dhule,2022-2023,Sesamum,Kharif,309.37,80.56,0.26,Hectare,Tonnes,Tonne/Hectare,Black (Regur),66.7,Saline / Alkaline,Entisols,Lithic Ustorthents,Loamy,Shallow,Well drained,Neutral,Basalt,9
Maharashtra,Dhule,2022-2023,Sesamum,Summer,20.0,4.0,0.2,Hectare,Tonnes,Tonne/Hectare,Black (Regur),66.7,Saline / Alkaline,Entisols,Lithic Ustorthents,Loamy,Shallow,Well drained,Neutral,Basalt,9
Maharashtra,Dhule,2022-2023,Soyabean,Kharif,30114.0,44192.0,1.47,Hectare,Tonnes,Tonne/Hectare,Black (Regur),66.7,Saline / Alkaline,Entisols,Lithic Ustorthents,Loamy,Shallow,Well drained,Neutral,Basalt,9
Maharashtra,Dhule,2022-2023,Soyabean,Summer,43.0,64.5,1.5,Hectare,Tonnes,Tonne/Hectare,Black (Regur),66.7,Saline / Alkaline,Entisols,Lithic Ustorthents,Loamy,Shallow,Well drained,Neutral,Basalt,9
Maharashtra,Dhule,2022-2023,Sugarcane,Whole Year,4381.0,394290.0,90.0,Hectare,Tonnes,Tonne/Hectare,Black (Regur),66.7,Saline / Alkaline,Entisols,Lithic Ustorthents,Loamy,Shallow,Well drained,Neutral,Basalt,9
Maharashtra,Dhule,2022-2023,Sunflower,Rabi,80.5,94.2,1.17,Hectare,Tonnes,Tonne/Hectare,Black (Regur),66.7,Saline / Alkaline,Entisols,Lithic Ustorthents,Loamy,Shallow,Well drained,Neutral,Basalt,9
Maharashtra,Dhule,2022-2023,Sunflower,Summer,71.0,61.0,0.86,Hectare,Tonnes,Tonne/Hectare,Black (Regur),66.7,Saline / Alkaline,Entisols,Lithic Ustorthents,Loamy,Shallow,Well drained,Neutral,Basalt,9
Maharashtra,Dhule,2022-2023,Urad,Kharif,11949.0,5019.78,0.42,Hectare,Tonnes,Tonne/Hectare,Black (Regur),66.7,Saline / Alkaline,Entisols,Lithic Ustorthents,Loamy,Shallow,Well drained,Neutral,Basalt,9
Maharashtra,Dhule,2022-2023,Wheat,Rabi,58452.51,96294.67,1.65,Hectare,Tonnes,Tonne/Hectare,Black (Regur),66.7,Saline / Alkaline,Entisols,Lithic Ustorthents,Loamy,Shallow,Well drained,Neutral,Basalt,9
Maharashtra,Dhule,2022-2023,other oilseeds,Kharif,123.0,24.6,0.2,Hectare,Tonnes,Tonne/Hectare,Black (Regur),66.7,Saline / Alkaline,Entisols,Lithic Ustorthents,Loamy,Shallow,Well drained,Neutral,Basalt,9
Maharashtra,Dhule,2022-2023,other oilseeds,Rabi,29.0,8.58,0.3,Hectare,Tonnes,Tonne/Hectare,Black (Regur),66.7,Saline / Alkaline,Entisols,Lithic Ustorthents,Loamy,Shallow,Well drained,Neutral,Basalt,9
Maharashtra,Gadchiroli,2022-2023,Arhar/Tur,Kharif,5224.0,5729.0,1.1,Hectare,Tonnes,Tonne/Hectare,Alluvial,66.7,Red & Yellow,Inceptisols,Typic Haplustepts,Loamy,Very deep,Well drained,Slightly acidic,Alluvium,9
Maharashtra,Gadchiroli,2022-2023,Cotton(lint),Kharif,7106.81,16612.8,2.34,Hectare,Bales,Bales/Hectare,Alluvial,66.7,Red & Yellow,Inceptisols,Typic Haplustepts,Loamy,Very deep,Well drained,Slightly acidic,Alluvium,9
Maharashtra,Gadchiroli,2022-2023,Gram,Rabi,5481.63,2722.01,0.5,Hectare,Tonnes,Tonne/Hectare,Alluvial,66.7,Red & Yellow,Inceptisols,Typic Haplustepts,Loamy,Very deep,Well drained,Slightly acidic,Alluvium,9
Maharashtra,Gadchiroli,2022-2023,Groundnut,Kharif,4.0,2.62,0.65,Hectare,Tonnes,Tonne/Hectare,Alluvial,66.7,Red & Yellow,Inceptisols,Typic Haplustepts,Loamy,Very deep,Well drained,Slightly acidic,Alluvium,9
Maharashtra,Gadchiroli,2022-2023,Jowar,Kharif,7.86,3.51,0.45,Hectare,Tonnes,Tonne/Hectare,Alluvial,66.7,Red & Yellow,Inceptisols,Typic Haplustepts,Loamy,Very deep,Well drained,Slightly acidic,Alluvium,9
Maharashtra,Gadchiroli,2022-2023,Jowar,Rabi,2055.4,2846.5,1.38,Hectare,Tonnes,Tonne/Hectare,Alluvial,66.7,Red & Yellow,Inceptisols,Typic Haplustepts,Loamy,Very deep,Well drained,Slightly acidic,Alluvium,9
Maharashtra,Gadchiroli,2022-2023,Linseed,Rabi,833.89,190.54,0.23,Hectare,Tonnes,Tonne/Hectare,Alluvial,66.7,Red & Yellow,Inceptisols,Typic Haplustepts,Loamy,Very deep,Well drained,Slightly acidic,Alluvium,9
Maharashtra,Gadchiroli,2022-2023,Maize,Kharif,810.0,2419.0,2.99,Hectare,Tonnes,Tonne/Hectare,Alluvial,66.7,Red & Yellow,Inceptisols,Typic Haplustepts,Loamy,Very deep,Well drained,Slightly acidic,Alluvium,9
Maharashtra,Gadchiroli,2022-2023,Maize,Rabi,5528.63,10929.79,1.98,Hectare,Tonnes,Tonne/Hectare,Alluvial,66.7,Red & Yellow,Inceptisols,Typic Haplustepts,Loamy,Very deep,Well drained,Slightly acidic,Alluvium,9
Maharashtra,Gadchiroli,2022-2023,Maize,Summer,1111.48,1722.08,1.55,Hectare,Tonnes,Tonne/Hectare,Alluvial,66.7,Red & Yellow,Inceptisols,Typic Haplustepts,Loamy,Very deep,Well drained,Slightly acidic,Alluvium,9
Maharashtra,Gadchiroli,2022-2023,Moong(Green Gram),Kharif,10.19,3.86,0.38,Hectare,Tonnes,Tonne/Hectare,Alluvial,66.7,Red & Yellow,Inceptisols,Typic Haplustepts,Loamy,Very deep,Well drained,Slightly acidic,Alluvium,9
Maharashtra,Gadchiroli,2022-2023,Moong(Green Gram),Summer,94.1,17.33,0.18,Hectare,Tonnes,Tonne/Hectare,Alluvial,66.7,Red & Yellow,Inceptisols,Typic Haplustepts,Loamy,Very deep,Well drained,Slightly acidic,Alluvium,9
Maharashtra,Gadchiroli,2022-2023,Other Cereals,Rabi,9.0,3.6,0.4,Hectare,Tonnes,Tonne/Hectare,Alluvial,66.7,Red & Yellow,Inceptisols,Typic Haplustepts,Loamy,Very deep,Well drained,Slightly acidic,Alluvium,9
Maharashtra,Gadchiroli,2022-2023,Other Kharif pulses,Kharif,148.0,65.65,0.44,Hectare,Tonnes,Tonne/Hectare,Alluvial,66.7,Red & Yellow,Inceptisols,Typic Haplustepts,Loamy,Very deep,Well drained,Slightly acidic,Alluvium,9
Maharashtra,Gadchiroli,2022-2023,Other Rabi pulses,Rabi,14014.13,3503.53,0.25,Hectare,Tonnes,Tonne/Hectare,Alluvial,66.7,Red & Yellow,Inceptisols,Typic Haplustepts,Loamy,Very deep,Well drained,Slightly acidic,Alluvium,9
Maharashtra,Gadchiroli,2022-2023,Rice,Kharif,178684.75,321665.03,1.8,Hectare,Tonnes,Tonne/Hectare,Alluvial,66.7,Red & Yellow,Inceptisols,Typic Haplustepts,Loamy,Very deep,Well drained,Slightly acidic,Alluvium,9
Maharashtra,Gadchiroli,2022-2023,Rice,Summer,10724.8,24259.28,2.26,Hectare,Tonnes,Tonne/Hectare,Alluvial,66.7,Red & Yellow,Inceptisols,Typic Haplustepts,Loamy,Very deep,Well drained,Slightly acidic,Alluvium,9
Maharashtra,Gadchiroli,2022-2023,Safflower,Rabi,461.5,404.25,0.88,Hectare,Tonnes,Tonne/Hectare,Alluvial,66.7,Red & Yellow,Inceptisols,Typic Haplustepts,Loamy,Very deep,Well drained,Slightly acidic,Alluvium,9
Maharashtra,Gadchiroli,2022-2023,Sesamum,Kharif,325.32,72.42,0.22,Hectare,Tonnes,Tonne/Hectare,Alluvial,66.7,Red & Yellow,Inceptisols,Typic Haplustepts,Loamy,Very deep,Well drained,Slightly acidic,Alluvium,9
Maharashtra,Gadchiroli,2022-2023,Sesamum,Rabi,266.1,89.14,0.34,Hectare,Tonnes,Tonne/Hectare,Alluvial,66.7,Red & Yellow,Inceptisols,Typic Haplustepts,Loamy,Very deep,Well drained,Slightly acidic,Alluvium,9
Maharashtra,Gadchiroli,2022-2023,Soyabean,Kharif,15.0,25.0,1.67,Hectare,Tonnes,Tonne/Hectare,Alluvial,66.7,Red & Yellow,Inceptisols,Typic Haplustepts,Loamy,Very deep,Well drained,Slightly acidic,Alluvium,9
Maharashtra,Gadchiroli,2022-2023,Soyabean,Summer,0.4,0.24,0.6,Hectare,Tonnes,Tonne/Hectare,Alluvial,66.7,Red & Yellow,Inceptisols,Typic Haplustepts,Loamy,Very deep,Well drained,Slightly acidic,Alluvium,9
Maharashtra,Gadchiroli,2022-2023,Sunflower,Rabi,9.0,4.18,0.46,Hectare,Tonnes,Tonne/Hectare,Alluvial,66.7,Red & Yellow,Inceptisols,Typic Haplustepts,Loamy,Very deep,Well drained,Slightly acidic,Alluvium,9
Maharashtra,Gadchiroli,2022-2023,Urad,Kharif,51.79,23.88,0.46,Hectare,Tonnes,Tonne/Hectare,Alluvial,66.7,Red & Yellow,Inceptisols,Typic Haplustepts,Loamy,Very deep,Well drained,Slightly acidic,Alluvium,9
Maharashtra,Gadchiroli,2022-2023,Urad,Summer,2.7,1.46,0.54,Hectare,Tonnes,Tonne/Hectare,Alluvial,66.7,Red & Yellow,Inceptisols,Typic Haplustepts,Loamy,Very deep,Well drained,Slightly acidic,Alluvium,9
Maharashtra,Gadchiroli,2022-2023,Wheat,Rabi,438.04,579.62,1.32,Hectare,Tonnes,Tonne/Hectare,Alluvial,66.7,Red & Yellow,Inceptisols,Typic Haplustepts,Loamy,Very deep,Well drained,Slightly acidic,Alluvium,9
Maharashtra,Gadchiroli,2022-2023,other oilseeds,Kharif,43.0,16.77,0.39,Hectare,Tonnes,Tonne/Hectare,Alluvial,66.7,Red & Yellow,Inceptisols,Typic Haplustepts,Loamy,Very deep,Well drained,Slightly acidic,Alluvium,9
Maharashtra,Gadchiroli,2022-2023,other oilseeds,Rabi,1330.89,413.81,0.31,Hectare,Tonnes,Tonne/Hectare,Alluvial,66.7,Red & Yellow,Inceptisols,Typic Haplustepts,Loamy,Very deep,Well drained,Slightly acidic,Alluvium,9
Maharashtra,Gondia,2022-2023,Arhar/Tur,Kharif,5785.0,6344.0,1.1,Hectare,Tonnes,Tonne/Hectare,Black (Regur),71.4,Alluvial,Vertisols,Chromic Haplusterts,Clayey,Very deep,Moderately well drained,Slightly acidic,Alluvium,7
Maharashtra,Gondia,2022-2023,Gram,Rabi,7283.59,5660.01,0.78,Hectare,Tonnes,Tonne/Hectare,Black (Regur),71.4,Alluvial,Vertisols,Chromic Haplusterts,Clayey,Very deep,Moderately well drained,Slightly acidic,Alluvium,7
Maharashtra,Gondia,2022-2023,Jowar,Rabi,356.7,321.6,0.9,Hectare,Tonnes,Tonne/Hectare,Black (Regur),71.4,Alluvial,Vertisols,Chromic Haplusterts,Clayey,Very deep,Moderately well drained,Slightly acidic,Alluvium,7
Maharashtra,Gondia,2022-2023,Linseed,Rabi,1550.03,116.56,0.08,Hectare,Tonnes,Tonne/Hectare,Black (Regur),71.4,Alluvial,Vertisols,Chromic Haplusterts,Clayey,Very deep,Moderately well drained,Slightly acidic,Alluvium,7
Maharashtra,Gondia,2022-2023,Maize,Kharif,3.0,9.0,3.0,Hectare,Tonnes,Tonne/Hectare,Black (Regur),71.4,Alluvial,Vertisols,Chromic Haplusterts,Clayey,Very deep,Moderately well drained,Slightly acidic,Alluvium,7
Maharashtra,Gondia,2022-2023,Maize,Rabi,1853.8,3664.86,1.98,Hectare,Tonnes,Tonne/Hectare,Black (Regur),71.4,Alluvial,Vertisols,Chromic Haplusterts,Clayey,Very deep,Moderately well drained,Slightly acidic,Alluvium,7
Maharashtra,Gondia,2022-2023,Maize,Summer,556.12,530.84,0.95,Hectare,Tonnes,Tonne/Hectare,Black (Regur),71.4,Alluvial,Vertisols,Chromic Haplusterts,Clayey,Very deep,Moderately well drained,Slightly acidic,Alluvium,7
Maharashtra,Gondia,2022-2023,Moong(Green Gram),Kharif,5.16,1.95,0.38,Hectare,Tonnes,Tonne/Hectare,Black (Regur),71.4,Alluvial,Vertisols,Chromic Haplusterts,Clayey,Very deep,Moderately well drained,Slightly acidic,Alluvium,7
Maharashtra,Gondia,2022-2023,Moong(Green Gram),Summer,87.0,16.03,0.18,Hectare,Tonnes,Tonne/Hectare,Black (Regur),71.4,Alluvial,Vertisols,Chromic Haplusterts,Clayey,Very deep,Moderately well drained,Slightly acidic,Alluvium,7
Maharashtra,Gondia,2022-2023,Other Cereals,Rabi,4.5,1.75,0.39,Hectare,Tonnes,Tonne/Hectare,Black (Regur),71.4,Alluvial,Vertisols,Chromic Haplusterts,Clayey,Very deep,Moderately well drained,Slightly acidic,Alluvium,7
Maharashtra,Gondia,2022-2023,Other Kharif pulses,Kharif,83.5,45.58,0.55,Hectare,Tonnes,Tonne/Hectare,Black (Regur),71.4,Alluvial,Vertisols,Chromic Haplusterts,Clayey,Very deep,Moderately well drained,Slightly acidic,Alluvium,7
Maharashtra,Gondia,2022-2023,Other Rabi pulses,Rabi,8421.41,4040.0,0.48,Hectare,Tonnes,Tonne/Hectare,Black (Regur),71.4,Alluvial,Vertisols,Chromic Haplusterts,Clayey,Very deep,Moderately well drained,Slightly acidic,Alluvium,7
Maharashtra,Gondia,2022-2023,Rice,Kharif,190841.17,489692.62,2.57,Hectare,Tonnes,Tonne/Hectare,Black (Regur),71.4,Alluvial,Vertisols,Chromic Haplusterts,Clayey,Very deep,Moderately well drained,Slightly acidic,Alluvium,7
Maharashtra,Gondia,2022-2023,Rice,Summer,75331.09,237997.28,3.16,Hectare,Tonnes,Tonne/Hectare,Black (Regur),71.4,Alluvial,Vertisols,Chromic Haplusterts,Clayey,Very deep,Moderately well drained,Slightly acidic,Alluvium,7
Maharashtra,Gondia,2022-2023,Safflower,Rabi,565.8,495.61,0.88,Hectare,Tonnes,Tonne/Hectare,Black (Regur),71.4,Alluvial,Vertisols,Chromic Haplusterts,Clayey,Very deep,Moderately well drained,Slightly acidic,Alluvium,7
Maharashtra,Gondia,2022-2023,Sesamum,Kharif,920.01,204.81,0.22,Hectare,Tonnes,Tonne/Hectare,Black (Regur),71.4,Alluvial,Vertisols,Chromic Haplusterts,Clayey,Very deep,Moderately well drained,Slightly acidic,Alluvium,7
Maharashtra,Gondia,2022-2023,Sesamum,Rabi,26.26,8.8,0.33,Hectare,Tonnes,Tonne/Hectare,Black (Regur),71.4,Alluvial,Vertisols,Chromic Haplusterts,Clayey,Very deep,Moderately well drained,Slightly acidic,Alluvium,7
Maharashtra,Gondia,2022-2023,Sesamum,Summer,2.0,0.4,0.2,Hectare,Tonnes,Tonne/Hectare,Black (Regur),71.4,Alluvial,Vertisols,Chromic Haplusterts,Clayey,Very deep,Moderately well drained,Slightly acidic,Alluvium,7
Maharashtra,Gondia,2022-2023,Soyabean,Summer,6.0,3.6,0.6,Hectare,Tonnes,Tonne/Hectare,Black (Regur),71.4,Alluvial,Vertisols,Chromic Haplusterts,Clayey,Very deep,Moderately well drained,Slightly acidic,Alluvium,7
Maharashtra,Gondia,2022-2023,Sugarcane,Whole Year,1728.0,105632.64,61.13,Hectare,Tonnes,Tonne/Hectare,Black (Regur),71.4,Alluvial,Vertisols,Chromic Haplusterts,Clayey,Very deep,Moderately well drained,Slightly acidic,Alluvium,7
Maharashtra,Gondia,2022-2023,Sunflower,Summer,8.0,7.0,0.88,Hectare,Tonnes,Tonne/Hectare,Black (Regur),71.4,Alluvial,Vertisols,Chromic Haplusterts,Clayey,Very deep,Moderately well drained,Slightly acidic,Alluvium,7
Maharashtra,Gondia,2022-2023,Urad,Kharif,24.45,11.27,0.46,Hectare,Tonnes,Tonne/Hectare,Black (Regur),71.4,Alluvial,Vertisols,Chromic Haplusterts,Clayey,Very deep,Moderately well drained,Slightly acidic,Alluvium,7
Maharashtra,Gondia,2022-2023,Wheat,Rabi,2603.49,2911.74,1.12,Hectare,Tonnes,Tonne/Hectare,Black (Regur),71.4,Alluvial,Vertisols,Chromic Haplusterts,Clayey,Very deep,Moderately well drained,Slightly acidic,Alluvium,7
Maharashtra,Gondia,2022-2023,other oilseeds,Rabi,1506.34,518.18,0.34,Hectare,Tonnes,Tonne/Hectare,Black (Regur),71.4,Alluvial,Vertisols,Chromic Haplusterts,Clayey,Very deep,Moderately well drained,Slightly acidic,Alluvium,7
Maharashtra,Hingoli,2022-2023,Arhar/Tur,Kharif,44459.0,27311.0,0.61,Hectare,Tonnes,Tonne/Hectare,Saline / Alkaline,77.8,Black (Regur),Vertisols,Chromic Haplusterts,Clayey,Deep,Imperfectly drained,Others,,9
Maharashtra,Hingoli,2022-2023,Bajra,Kharif,431.0,155.0,0.36,Hectare,Tonnes,Tonne/Hectare,Saline / Alkaline,77.8,Black (Regur),Vertisols,Chromic Haplusterts,Clayey,Deep,Imperfectly drained,Others,,9
Maharashtra,Hingoli,2022-2023,Cotton(lint),Kharif,32475.94,78215.44,2.41,Hectare,Bales,Bales/Hectare,Saline / Alkaline,77.8,Black (Regur),Vertisols,Chromic Haplusterts,Clayey,Deep,Imperfectly drained,Others,,9
Maharashtra,Hingoli,2022-2023,Gram,Rabi,137266.49,170170.64,1.24,Hectare,Tonnes,Tonne/Hectare,Saline / Alkaline,77.8,Black (Regur),Vertisols,Chromic Haplusterts,Clayey,Deep,Imperfectly drained,Others,,9
Maharashtra,Hingoli,2022-2023,Groundnut,Summer,4887.0,5885.0,1.2,Hectare,Tonnes,Tonne/Hectare,Saline / Alkaline,77.8,Black (Regur),Vertisols,Chromic Haplusterts,Clayey,Deep,Imperfectly drained,Others,,9
Maharashtra,Hingoli,2022-2023,Jowar,Kharif,5238.29,2652.15,0.51,Hectare,Tonnes,Tonne/Hectare,Saline / Alkaline,77.8,Black (Regur),Vertisols,Chromic Haplusterts,Clayey,Deep,Imperfectly drained,Others,,9
Maharashtra,Hingoli,2022-2023,Jowar,Rabi,7535.43,5779.98,0.77,Hectare,Tonnes,Tonne/Hectare,Saline / Alkaline,77.8,Black (Regur),Vertisols,Chromic Haplusterts,Clayey,Deep,Imperfectly drained,Others,,9
Maharashtra,Hingoli,2022-2023,Jowar,Summer,420.0,349.2,0.83,Hectare,Tonnes,Tonne/Hectare,Saline / Alkaline,77.8,Black (Regur),Vertisols,Chromic Haplusterts,Clayey,Deep,Imperfectly drained,Others,,9
Maharashtra,Hingoli,2022-2023,Maize,Kharif,453.0,447.0,0.99,Hectare,Tonnes,Tonne/Hectare,Saline / Alkaline,77.8,Black (Regur),Vertisols,Chromic Haplusterts,Clayey,Deep,Imperfectly drained,Others,,9
Maharashtra,Hingoli,2022-2023,Maize,Rabi,679.67,1343.67,1.98,Hectare,Tonnes,Tonne/Hectare,Saline / Alkaline,77.8,Black (Regur),Vertisols,Chromic Haplusterts,Clayey,Deep,Imperfectly drained,Others,,9
Maharashtra,Hingoli,2022-2023,Maize,Summer,822.68,804.12,0.98,Hectare,Tonnes,Tonne/Hectare,Saline / Alkaline,77.8,Black (Regur),Vertisols,Chromic Haplusterts,Clayey,Deep,Imperfectly drained,Others,,9
Maharashtra,Hingoli,2022-2023,Moong(Green Gram),Kharif,9853.43,5782.98,0.59,Hectare,Tonnes,Tonne/Hectare,Saline / Alkaline,77.8,Black (Regur),Vertisols,Chromic Haplusterts,Clayey,Deep,Imperfectly drained,Others,,9
Maharashtra,Hingoli,2022-2023,Moong(Green Gram),Summer,603.8,111.21,0.18,Hectare,Tonnes,Tonne/Hectare,Saline / Alkaline,77.8,Black (Regur),Vertisols,Chromic Haplusterts,Clayey,Deep,Imperfectly drained,Others,,9
Maharashtra,Hingoli,2022-2023,Other Cereals,Kharif,27.0,8.4,0.31,Hectare,Tonnes,Tonne/Hectare,Saline / Alkaline,77.8,Black (Regur),Vertisols,Chromic Haplusterts,Clayey,Deep,Imperfectly drained,Others,,9
Maharashtra,Hingoli,2022-2023,Other Cereals,Rabi,133.6,58.53,0.44,Hectare,Tonnes,Tonne/Hectare,Saline / Alkaline,77.8,Black (Regur),Vertisols,Chromic Haplusterts,Clayey,Deep,Imperfectly drained,Others,,9
Maharashtra,Hingoli,2022-2023,Other Kharif pulses,Kharif,415.0,110.47,0.27,Hectare,Tonnes,Tonne/Hectare,Saline / Alkaline,77.8,Black (Regur),Vertisols,Chromic Haplusterts,Clayey,Deep,Imperfectly drained,Others,,9
Maharashtra,Hingoli,2022-2023,Other Rabi pulses,Rabi,143.5,89.78,0.63,Hectare,Tonnes,Tonne/Hectare,Saline / Alkaline,77.8,Black (Regur),Vertisols,Chromic Haplusterts,Clayey,Deep,Imperfectly drained,Others,,9
Maharashtra,Hingoli,2022-2023,Safflower,Rabi,1463.47,907.35,0.62,Hectare,Tonnes,Tonne/Hectare,Saline / Alkaline,77.8,Black (Regur),Vertisols,Chromic Haplusterts,Clayey,Deep,Imperfectly drained,Others,,9
Maharashtra,Hingoli,2022-2023,Sesamum,Rabi,35.0,11.73,0.34,Hectare,Tonnes,Tonne/Hectare,Saline / Alkaline,77.8,Black (Regur),Vertisols,Chromic Haplusterts,Clayey,Deep,Imperfectly drained,Others,,9
Maharashtra,Hingoli,2022-2023,Sesamum,Summer,126.0,24.0,0.19,Hectare,Tonnes,Tonne/Hectare,Saline / Alkaline,77.8,Black (Regur),Vertisols,Chromic Haplusterts,Clayey,Deep,Imperfectly drained,Others,,9
Maharashtra,Hingoli,2022-2023,Soyabean,Kharif,249507.0,387409.0,1.55,Hectare,Tonnes,Tonne/Hectare,Saline / Alkaline,77.8,Black (Regur),Vertisols,Chromic Haplusterts,Clayey,Deep,Imperfectly drained,Others,,9
Maharashtra,Hingoli,2022-2023,Soyabean,Summer,4763.7,2477.03,0.52,Hectare,Tonnes,Tonne/Hectare,Saline / Alkaline,77.8,Black (Regur),Vertisols,Chromic Haplusterts,Clayey,Deep,Imperfectly drained,Others,,9
Maharashtra,Hingoli,2022-2023,Sugarcane,Whole Year,17520.0,1203448.8,68.69,Hectare,Tonnes,Tonne/Hectare,Saline / Alkaline,77.8,Black (Regur),Vertisols,Chromic Haplusterts,Clayey,Deep,Imperfectly drained,Others,,9
Maharashtra,Hingoli,2022-2023,Sunflower,Summer,465.0,398.0,0.86,Hectare,Tonnes,Tonne/Hectare,Saline / Alkaline,77.8,Black (Regur),Vertisols,Chromic Haplusterts,Clayey,Deep,Imperfectly drained,Others,,9
Maharashtra,Hingoli,2022-2023,Urad,Kharif,27498.31,16512.74,0.6,Hectare,Tonnes,Tonne/Hectare,Saline / Alkaline,77.8,Black (Regur),Vertisols,Chromic Haplusterts,Clayey,Deep,Imperfectly drained,Others,,9
Maharashtra,Hingoli,2022-2023,Urad,Summer,55.0,29.64,0.54,Hectare,Tonnes,Tonne/Hectare,Saline / Alkaline,77.8,Black (Regur),Vertisols,Chromic Haplusterts,Clayey,Deep,Imperfectly drained,Others,,9
Maharashtra,Hingoli,2022-2023,Wheat,Rabi,29966.96,51312.43,1.71,Hectare,Tonnes,Tonne/Hectare,Saline / Alkaline,77.8,Black (Regur),Vertisols,Chromic Haplusterts,Clayey,Deep,Imperfectly drained,Others,,9
Maharashtra,Hingoli,2022-2023,other oilseeds,Kharif,77.0,17.34,0.23,Hectare,Tonnes,Tonne/Hectare,Saline / Alkaline,77.8,Black (Regur),Vertisols,Chromic Haplusterts,Clayey,Deep,Imperfectly drained,Others,,9
Maharashtra,Hingoli,2022-2023,other oilseeds,Rabi,249.0,64.83,0.26,Hectare,Tonnes,Tonne/Hectare,Saline / Alkaline,77.8,Black (Regur),Vertisols,Chromic Haplusterts,Clayey,Deep,Imperfectly drained,Others,,9
Maharashtra,Hingoli,2022-2023,other oilseeds,Summer,320.8,43.91,0.14,Hectare,Tonnes,Tonne/Hectare,Saline / Alkaline,77.8,Black (Regur),Vertisols,Chromic Haplusterts,Clayey,Deep,Imperfectly drained,Others,,9
Maharashtra,Jalgaon,2022-2023,Arhar/Tur,Kharif,11916.0,9023.0,0.76,Hectare,Tonnes,Tonne/Hectare,Black (Regur),100.0,,Vertisols,Chromic Haplusterts,Clayey,Very deep,Well drained,Slightly alkaline,Alluvium,9
Maharashtra,Jalgaon,2022-2023,Bajra,Kharif,10637.0,12628.0,1.19,Hectare,Tonnes,Tonne/Hectare,Black (Regur),100.0,,Vertisols,Chromic Haplusterts,Clayey,Very deep,Well drained,Slightly alkaline,Alluvium,9
Maharashtra,Jalgaon,2022-2023,Bajra,Summer,6805.1,6192.64,0.91,Hectare,Tonnes,Tonne/Hectare,Black (Regur),100.0,,Vertisols,Chromic Haplusterts,Clayey,Very deep,Well drained,Slightly alkaline,Alluvium,9
Maharashtra,Jalgaon,2022-2023,Cotton(lint),Kharif,531076.79,1294918.6,2.44,Hectare,Bales,Bales/Hectare,Black (Regur),100.0,,Vertisols,Chromic Haplusterts,Clayey,Very deep,Well drained,Slightly alkaline,Alluvium,9
Maharashtra,Jalgaon,2022-2023,Gram,Rabi,86656.42,91950.26,1.06,Hectare,Tonnes,Tonne/Hectare,Black (Regur),100.0,,Vertisols,Chromic Haplusterts,Clayey,Very deep,Well drained,Slightly alkaline,Alluvium,9
Maharashtra,Jalgaon,2022-2023,Groundnut,Kharif,3506.88,2933.51,0.84,Hectare,Tonnes,Tonne/Hectare,Black (Regur),100.0,,Vertisols,Chromic Haplusterts,Clayey,Very deep,Well drained,Slightly alkaline,Alluvium,9
Maharashtra,Jalgaon,2022-2023,Groundnut,Summer,2595.0,4306.0,1.66,Hectare,Tonnes,Tonne/Hectare,Black (Regur),100.0,,Vertisols,Chromic Haplusterts,Clayey,Very deep,Well drained,Slightly alkaline,Alluvium,9
Maharashtra,Jalgaon,2022-2023,Jowar,Kharif,22278.17,43346.64,1.95,Hectare,Tonnes,Tonne/Hectare,Black (Regur),100.0,,Vertisols,Chromic Haplusterts,Clayey,Very deep,Well drained,Slightly alkaline,Alluvium,9
Maharashtra,Jalgaon,2022-2023,Jowar,Rabi,38751.14,70599.93,1.82,Hectare,Tonnes,Tonne/Hectare,Black (Regur),100.0,,Vertisols,Chromic Haplusterts,Clayey,Very deep,Well drained,Slightly alkaline,Alluvium,9
Maharashtra,Jalgaon,2022-2023,Jowar,Summer,175.0,145.5,0.83,Hectare,Tonnes,Tonne/Hectare,Black (Regur),100.0,,Vertisols,Chromic Haplusterts,Clayey,Very deep,Well drained,Slightly alkaline,Alluvium,9
Maharashtra,Jalgaon,2022-2023,Maize,Kharif,136344.0,418032.0,3.07,Hectare,Tonnes,Tonne/Hectare,Black (Regur),100.0,,Vertisols,Chromic Haplusterts,Clayey,Very deep,Well drained,Slightly alkaline,Alluvium,9
Maharashtra,Jalgaon,2022-2023,Maize,Rabi,91096.32,305588.85,3.35,Hectare,Tonnes,Tonne/Hectare,Black (Regur),100.0,,Vertisols,Chromic Haplusterts,Clayey,Very deep,Well drained,Slightly alkaline,Alluvium,9
Maharashtra,Jalgaon,2022-2023,Maize,Summer,14239.0,33917.3,2.38,Hectare,Tonnes,Tonne/Hectare,Black (Regur),100.0,,Vertisols,Chromic Haplusterts,Clayey,Very deep,Well drained,Slightly alkaline,Alluvium,9
Maharashtra,Jalgaon,2022-2023,Moong(Green Gram),Kharif,18152.31,10343.19,0.57,Hectare,Tonnes,Tonne/Hectare,Black (Regur),100.0,,Vertisols,Chromic Haplusterts,Clayey,Very deep,Well drained,Slightly alkaline,Alluvium,9
Maharashtra,Jalgaon,2022-2023,Moong(Green Gram),Summer,725.2,133.58,0.18,Hectare,Tonnes,Tonne/Hectare,Black (Regur),100.0,,Vertisols,Chromic Haplusterts,Clayey,Very deep,Well drained,Slightly alkaline,Alluvium,9
Maharashtra,Jalgaon,2022-2023,Other Cereals,Kharif,1763.4,1750.35,0.99,Hectare,Tonnes,Tonne/Hectare,Black (Regur),100.0,,Vertisols,Chromic Haplusterts,Clayey,Very deep,Well drained,Slightly alkaline,Alluvium,9
Maharashtra,Jalgaon,2022-2023,Other Cereals,Rabi,702.0,394.71,0.56,Hectare,Tonnes,Tonne/Hectare,Black (Regur),100.0,,Vertisols,Chromic Haplusterts,Clayey,Very deep,Well drained,Slightly alkaline,Alluvium,9
Maharashtra,Jalgaon,2022-2023,Other Cereals,Summer,975.0,834.68,0.86,Hectare,Tonnes,Tonne/Hectare,Black (Regur),100.0,,Vertisols,Chromic Haplusterts,Clayey,Very deep,Well drained,Slightly alkaline,Alluvium,9
Maharashtra,Jalgaon,2022-2023,Other Kharif pulses,Kharif,367.0,188.0,0.51,Hectare,Tonnes,Tonne/Hectare,Black (Regur),100.0,,Vertisols,Chromic Haplusterts,Clayey,Very deep,Well drained,Slightly alkaline,Alluvium,9
Maharashtra,Jalgaon,2022-2023,Other Rabi pulses,Rabi,89.0,74.42,0.84,Hectare,Tonnes,Tonne/Hectare,Black (Regur),100.0,,Vertisols,Chromic Haplusterts,Clayey,Very deep,Well drained,Slightly alkaline,Alluvium,9
Maharashtra,Jalgaon,2022-2023,Other Summer Pulses,Summer,77.0,25.82,0.34,Hectare,Tonnes,Tonne/Hectare,Black (Regur),100.0,,Vertisols,Chromic Haplusterts,Clayey,Very deep,Well drained,Slightly alkaline,Alluvium,9
Maharashtra,Jalgaon,2022-2023,Sesamum,Kharif,670.87,254.06,0.38,Hectare,Tonnes,Tonne/Hectare,Black (Regur),100.0,,Vertisols,Chromic Haplusterts,Clayey,Very deep,Well drained,Slightly alkaline,Alluvium,9
Maharashtra,Jalgaon,2022-2023,Sesamum,Rabi,128.98,43.21,0.33,Hectare,Tonnes,Tonne/Hectare,Black (Regur),100.0,,Vertisols,Chromic Haplusterts,Clayey,Very deep,Well drained,Slightly alkaline,Alluvium,9
Maharashtra,Jalgaon,2022-2023,Sesamum,Summer,413.0,117.0,0.28,Hectare,Tonnes,Tonne/Hectare,Black (Regur),100.0,,Vertisols,Chromic Haplusterts,Clayey,Very deep,Well drained,Slightly alkaline,Alluvium,9
Maharashtra,Jalgaon,2022-2023,Soyabean,Kharif,24434.0,35581.0,1.46,Hectare,Tonnes,Tonne/Hectare,Black (Regur),100.0,,Vertisols,Chromic Haplusterts,Clayey,Very deep,Well drained,Slightly alkaline,Alluvium,9
Maharashtra,Jalgaon,2022-2023,Soyabean,Summer,641.0,961.5,1.5,Hectare,Tonnes,Tonne/Hectare,Black (Regur),100.0,,Vertisols,Chromic Haplusterts,Clayey,Very deep,Well drained,Slightly alkaline,Alluvium,9
Maharashtra,Jalgaon,2022-2023,Sugarcane,Whole Year,16000.0,1120000.0,70.0,Hectare,Tonnes,Tonne/Hectare,Black (Regur),100.0,,Vertisols,Chromic Haplusterts,Clayey,Very deep,Well drained,Slightly alkaline,Alluvium,9
Maharashtra,Jalgaon,2022-2023,Sunflower,Rabi,1257.98,1472.03,1.17,Hectare,Tonnes,Tonne/Hectare,Black (Regur),100.0,,Vertisols,Chromic Haplusterts,Clayey,Very deep,Well drained,Slightly alkaline,Alluvium,9
Maharashtra,Jalgaon,2022-2023,Sunflower,Summer,2745.0,2349.0,0.86,Hectare,Tonnes,Tonne/Hectare,Black (Regur),100.0,,Vertisols,Chromic Haplusterts,Clayey,Very deep,Well drained,Slightly alkaline,Alluvium,9
Maharashtra,Jalgaon,2022-2023,Urad,Kharif,31879.17,17380.52,0.55,Hectare,Tonnes,Tonne/Hectare,Black (Regur),100.0,,Vertisols,Chromic Haplusterts,Clayey,Very deep,Well drained,Slightly alkaline,Alluvium,9
Maharashtra,Jalgaon,2022-2023,Wheat,Rabi,79887.65,166773.46,2.09,Hectare,Tonnes,Tonne/Hectare,Black (Regur),100.0,,Vertisols,Chromic Haplusterts,Clayey,Very deep,Well drained,Slightly alkaline,Alluvium,9
Maharashtra,Jalgaon,2022-2023,other oilseeds,Kharif,22.0,5.81,0.26,Hectare,Tonnes,Tonne/Hectare,Black (Regur),100.0,,Vertisols,Chromic Haplusterts,Clayey,Very deep,Well drained,Slightly alkaline,Alluvium,9
Maharashtra,Jalgaon,2022-2023,other oilseeds,Rabi,369.0,227.27,0.62,Hectare,Tonnes,Tonne/Hectare,Black (Regur),100.0,,Vertisols,Chromic Haplusterts,Clayey,Very deep,Well drained,Slightly alkaline,Alluvium,9
Maharashtra,Jalna,2022-2023,Arhar/Tur,Kharif,48935.0,56114.0,1.15,Hectare,Tonnes,Tonne/Hectare,Black (Regur),100.0,,Entisols,Lithic Ustorthents,Loamy,Shallow,Well drained,Neutral,Basalt,9
Maharashtra,Jalna,2022-2023,Bajra,Kharif,11588.0,9960.0,0.86,Hectare,Tonnes,Tonne/Hectare,Black (Regur),100.0,,Entisols,Lithic Ustorthents,Loamy,Shallow,Well drained,Neutral,Basalt,9
Maharashtra,Jalna,2022-2023,Bajra,Summer,2605.0,2084.0,0.8,Hectare,Tonnes,Tonne/Hectare,Black (Regur),100.0,,Entisols,Lithic Ustorthents,Loamy,Shallow,Well drained,Neutral,Basalt,9
Maharashtra,Jalna,2022-2023,Cotton(lint),Kharif,303128.95,687786.4,2.27,Hectare,Bales,Bales/Hectare,Black (Regur),100.0,,Entisols,Lithic Ustorthents,Loamy,Shallow,Well drained,Neutral,Basalt,9
Maharashtra,Jalna,2022-2023,Gram,Rabi,105875.02,127700.1,1.21,Hectare,Tonnes,Tonne/Hectare,Black (Regur),100.0,,Entisols,Lithic Ustorthents,Loamy,Shallow,Well drained,Neutral,Basalt,9
Maharashtra,Jalna,2022-2023,Groundnut,Kharif,1554.88,1467.34,0.94,Hectare,Tonnes,Tonne/Hectare,Black (Regur),100.0,,Entisols,Lithic Ustorthents,Loamy,Shallow,Well drained,Neutral,Basalt,9
Maharashtra,Jalna,2022-2023,Groundnut,Summer,808.0,1234.0,1.53,Hectare,Tonnes,Tonne/Hectare,Black (Regur),100.0,,Entisols,Lithic Ustorthents,Loamy,Shallow,Well drained,Neutral,Basalt,9
Maharashtra,Jalna,2022-2023,Jowar,Kharif,331.65,315.8,0.95,Hectare,Tonnes,Tonne/Hectare,Black (Regur),100.0,,Entisols,Lithic Ustorthents,Loamy,Shallow,Well drained,Neutral,Basalt,9
Maharashtra,Jalna,2022-2023,Jowar,Rabi,76663.0,92490.08,1.21,Hectare,Tonnes,Tonne/Hectare,Black (Regur),100.0,,Entisols,Lithic Ustorthents,Loamy,Shallow,Well drained,Neutral,Basalt,9
Maharashtra,Jalna,2022-2023,Jowar,Summer,9.0,7.2,0.8,Hectare,Tonnes,Tonne/Hectare,Black (Regur),100.0,,Entisols,Lithic Ustorthents,Loamy,Shallow,Well drained,Neutral,Basalt,9
Maharashtra,Jalna,2022-2023,Maize,Kharif,46655.0,157168.0,3.37,Hectare,Tonnes,Tonne/Hectare,Black (Regur),100.0,,Entisols,Lithic Ustorthents,Loamy,Shallow,Well drained,Neutral,Basalt,9
Maharashtra,Jalna,2022-2023,Maize,Rabi,19642.85,97734.96,4.98,Hectare,Tonnes,Tonne/Hectare,Black (Regur),100.0,,Entisols,Lithic Ustorthents,Loamy,Shallow,Well drained,Neutral,Basalt,9
Maharashtra,Jalna,2022-2023,Maize,Summer,2779.65,4169.48,1.5,Hectare,Tonnes,Tonne/Hectare,Black (Regur),100.0,,Entisols,Lithic Ustorthents,Loamy,Shallow,Well drained,Neutral,Basalt,9
Maharashtra,Jalna,2022-2023,Moong(Green Gram),Kharif,18307.92,12709.36,0.69,Hectare,Tonnes,Tonne/Hectare,Black (Regur),100.0,,Entisols,Lithic Ustorthents,Loamy,Shallow,Well drained,Neutral,Basalt,9
Maharashtra,Jalna,2022-2023,Moong(Green Gram),Summer,13.2,4.62,0.35,Hectare,Tonnes,Tonne/Hectare,Black (Regur),100.0,,Entisols,Lithic Ustorthents,Loamy,Shallow,Well drained,Neutral,Basalt,9
Maharashtra,Jalna,2022-2023,Niger seed,Kharif,104.4,26.36,0.25,Hectare,Tonnes,Tonne/Hectare,Black (Regur),100.0,,Entisols,Lithic Ustorthents,Loamy,Shallow,Well drained,Neutral,Basalt,9
Maharashtra,Jalna,2022-2023,Other Cereals,Kharif,2008.0,1767.04,0.88,Hectare,Tonnes,Tonne/Hectare,Black (Regur),100.0,,Entisols,Lithic Ustorthents,Loamy,Shallow,Well drained,Neutral,Basalt,9
Maharashtra,Jalna,2022-2023,Other Cereals,Rabi,50.0,40.0,0.8,Hectare,Tonnes,Tonne/Hectare,Black (Regur),100.0,,Entisols,Lithic Ustorthents,Loamy,Shallow,Well drained,Neutral,Basalt,9
Maharashtra,Jalna,2022-2023,Other Cereals,Summer,9.0,8.41,0.93,Hectare,Tonnes,Tonne/Hectare,Black (Regur),100.0,,Entisols,Lithic Ustorthents,Loamy,Shallow,Well drained,Neutral,Basalt,9
Maharashtra,Jalna,2022-2023,Other Kharif pulses,Kharif,792.0,435.6,0.55,Hectare,Tonnes,Tonne/Hectare,Black (Regur),100.0,,Entisols,Lithic Ustorthents,Loamy,Shallow,Well drained,Neutral,Basalt,9
Maharashtra,Jalna,2022-2023,Other Rabi pulses,Rabi,320.0,128.0,0.4,Hectare,Tonnes,Tonne/Hectare,Black (Regur),100.0,,Entisols,Lithic Ustorthents,Loamy,Shallow,Well drained,Neutral,Basalt,9
Maharashtra,Jalna,2022-2023,Other Summer Pulses,Summer,53.0,37.67,0.71,Hectare,Tonnes,Tonne/Hectare,Black (Regur),100.0,,Entisols,Lithic Ustorthents,Loamy,Shallow,Well drained,Neutral,Basalt,9
Maharashtra,Jalna,2022-2023,Safflower,Rabi,345.82,112.39,0.33,Hectare,Tonnes,Tonne/Hectare,Black (Regur),100.0,,Entisols,Lithic Ustorthents,Loamy,Shallow,Well drained,Neutral,Basalt,9
Maharashtra,Jalna,2022-2023,Sesamum,Kharif,133.13,33.75,0.25,Hectare,Tonnes,Tonne/Hectare,Black (Regur),100.0,,Entisols,Lithic Ustorthents,Loamy,Shallow,Well drained,Neutral,Basalt,9
Maharashtra,Jalna,2022-2023,Sesamum,Rabi,66.02,22.12,0.34,Hectare,Tonnes,Tonne/Hectare,Black (Regur),100.0,,Entisols,Lithic Ustorthents,Loamy,Shallow,Well drained,Neutral,Basalt,9
Maharashtra,Jalna,2022-2023,Sesamum,Summer,9.0,1.0,0.11,Hectare,Tonnes,Tonne/Hectare,Black (Regur),100.0,,Entisols,Lithic Ustorthents,Loamy,Shallow,Well drained,Neutral,Basalt,9
Maharashtra,Jalna,2022-2023,Soyabean,Kharif,205362.0,353593.0,1.72,Hectare,Tonnes,Tonne/Hectare,Black (Regur),100.0,,Entisols,Lithic Ustorthents,Loamy,Shallow,Well drained,Neutral,Basalt,9
Maharashtra,Jalna,2022-2023,Soyabean,Summer,2287.9,2287.9,1.0,Hectare,Tonnes,Tonne/Hectare,Black (Regur),100.0,,Entisols,Lithic Ustorthents,Loamy,Shallow,Well drained,Neutral,Basalt,9
Maharashtra,Jalna,2022-2023,Sugarcane,Whole Year,47227.0,3778160.0,80.0,Hectare,Tonnes,Tonne/Hectare,Black (Regur),100.0,,Entisols,Lithic Ustorthents,Loamy,Shallow,Well drained,Neutral,Basalt,9
Maharashtra,Jalna,2022-2023,Sunflower,Rabi,155.29,63.48,0.41,Hectare,Tonnes,Tonne/Hectare,Black (Regur),100.0,,Entisols,Lithic Ustorthents,Loamy,Shallow,Well drained,Neutral,Basalt,9
Maharashtra,Jalna,2022-2023,Sunflower,Summer,323.0,276.0,0.85,Hectare,Tonnes,Tonne/Hectare,Black (Regur),100.0,,Entisols,Lithic Ustorthents,Loamy,Shallow,Well drained,Neutral,Basalt,9
Maharashtra,Jalna,2022-2023,Urad,Kharif,10215.67,6253.01,0.61,Hectare,Tonnes,Tonne/Hectare,Black (Regur),100.0,,Entisols,Lithic Ustorthents,Loamy,Shallow,Well drained,Neutral,Basalt,9
Maharashtra,Jalna,2022-2023,Wheat,Rabi,26697.9,54469.06,2.04,Hectare,Tonnes,Tonne/Hectare,Black (Regur),100.0,,Entisols,Lithic Ustorthents,Loamy,Shallow,Well drained,Neutral,Basalt,9
Maharashtra,Jalna,2022-2023,other oilseeds,Kharif,406.0,133.98,0.33,Hectare,Tonnes,Tonne/Hectare,Black (Regur),100.0,,Entisols,Lithic Ustorthents,Loamy,Shallow,Well drained,Neutral,Basalt,9
Maharashtra,Jalna,2022-2023,other oilseeds,Rabi,475.0,237.5,0.5,Hectare,Tonnes,Tonne/Hectare,Black (Regur),100.0,,Entisols,Lithic Ustorthents,Loamy,Shallow,Well drained,Neutral,Basalt,9
Maharashtra,Kolhapur,2022-2023,Arhar/Tur,Kharif,881.0,1045.0,1.19,Hectare,Tonnes,Tonne/Hectare,Red & Yellow,44.4,Mountain / Forest,Entisols,Lithic Ustorthents,Loamy,Shallow,Excessively drained,Others,,9
Maharashtra,Kolhapur,2022-2023,Gram,Rabi,4913.73,5430.02,1.11,Hectare,Tonnes,Tonne/Hectare,Red & Yellow,44.4,Mountain / Forest,Entisols,Lithic Ustorthents,Loamy,Shallow,Excessively drained,Others,,9
Maharashtra,Kolhapur,2022-2023,Groundnut,Kharif,35995.56,51754.42,1.44,Hectare,Tonnes,Tonne/Hectare,Red & Yellow,44.4,Mountain / Forest,Entisols,Lithic Ustorthents,Loamy,Shallow,Excessively drained,Others,,9
Maharashtra,Kolhapur,2022-2023,Groundnut,Summer,992.0,1707.0,1.72,Hectare,Tonnes,Tonne/Hectare,Red & Yellow,44.4,Mountain / Forest,Entisols,Lithic Ustorthents,Loamy,Shallow,Excessively drained,Others,,9
Maharashtra,Kolhapur,2022-2023,Jowar,Kharif,1186.47,2041.92,1.72,Hectare,Tonnes,Tonne/Hectare,Red & Yellow,44.4,Mountain / Forest,Entisols,Lithic Ustorthents,Loamy,Shallow,Excessively drained,Others,,9
Maharashtra,Kolhapur,2022-2023,Jowar,Rabi,13042.25,25820.0,1.98,Hectare,Tonnes,Tonne/Hectare,Red & Yellow,44.4,Mountain / Forest,Entisols,Lithic Ustorthents,Loamy,Shallow,Excessively drained,Others,,9
Maharashtra,Kolhapur,2022-2023,Maize,Kharif,1070.0,3134.0,2.93,Hectare,Tonnes,Tonne/Hectare,Red & Yellow,44.4,Mountain / Forest,Entisols,Lithic Ustorthents,Loamy,Shallow,Excessively drained,Others,,9
Maharashtra,Kolhapur,2022-2023,Maize,Rabi,2568.43,11034.23,4.3,Hectare,Tonnes,Tonne/Hectare,Red & Yellow,44.4,Mountain / Forest,Entisols,Lithic Ustorthents,Loamy,Shallow,Excessively drained,Others,,9
Maharashtra,Kolhapur,2022-2023,Maize,Summer,750.5,1913.78,2.55,Hectare,Tonnes,Tonne/Hectare,Red & Yellow,44.4,Mountain / Forest,Entisols,Lithic Ustorthents,Loamy,Shallow,Excessively drained,Others,,9
Maharashtra,Kolhapur,2022-2023,Moong(Green Gram),Kharif,866.0,481.24,0.56,Hectare,Tonnes,Tonne/Hectare,Red & Yellow,44.4,Mountain / Forest,Entisols,Lithic Ustorthents,Loamy,Shallow,Excessively drained,Others,,9
Maharashtra,Kolhapur,2022-2023,Moong(Green Gram),Summer,142.0,71.0,0.5,Hectare,Tonnes,Tonne/Hectare,Red & Yellow,44.4,Mountain / Forest,Entisols,Lithic Ustorthents,Loamy,Shallow,Excessively drained,Others,,9
Maharashtra,Kolhapur,2022-2023,Niger seed,Kharif,388.64,177.22,0.46,Hectare,Tonnes,Tonne/Hectare,Red & Yellow,44.4,Mountain / Forest,Entisols,Lithic Ustorthents,Loamy,Shallow,Excessively drained,Others,,9
Maharashtra,Kolhapur,2022-2023,Other Cereals,Kharif,362.0,162.9,0.45,Hectare,Tonnes,Tonne/Hectare,Red & Yellow,44.4,Mountain / Forest,Entisols,Lithic Ustorthents,Loamy,Shallow,Excessively drained,Others,,9
Maharashtra,Kolhapur,2022-2023,Other Cereals,Rabi,224.0,83.63,0.37,Hectare,Tonnes,Tonne/Hectare,Red & Yellow,44.4,Mountain / Forest,Entisols,Lithic Ustorthents,Loamy,Shallow,Excessively drained,Others,,9
Maharashtra,Kolhapur,2022-2023,Other Cereals,Summer,21.0,20.94,1.0,Hectare,Tonnes,Tonne/Hectare,Red & Yellow,44.4,Mountain / Forest,Entisols,Lithic Ustorthents,Loamy,Shallow,Excessively drained,Others,,9
Maharashtra,Kolhapur,2022-2023,Other Kharif pulses,Kharif,1449.0,767.97,0.53,Hectare,Tonnes,Tonne/Hectare,Red & Yellow,44.4,Mountain / Forest,Entisols,Lithic Ustorthents,Loamy,Shallow,Excessively drained,Others,,9
Maharashtra,Kolhapur,2022-2023,Other Rabi pulses,Rabi,1284.0,545.7,0.43,Hectare,Tonnes,Tonne/Hectare,Red & Yellow,44.4,Mountain / Forest,Entisols,Lithic Ustorthents,Loamy,Shallow,Excessively drained,Others,,9
Maharashtra,Kolhapur,2022-2023,Other Summer Pulses,Summer,7.0,4.12,0.59,Hectare,Tonnes,Tonne/Hectare,Red & Yellow,44.4,Mountain / Forest,Entisols,Lithic Ustorthents,Loamy,Shallow,Excessively drained,Others,,9
Maharashtra,Kolhapur,2022-2023,Ragi,Kharif,17429.0,41267.0,2.37,Hectare,Tonnes,Tonne/Hectare,Red & Yellow,44.4,Mountain / Forest,Entisols,Lithic Ustorthents,Loamy,Shallow,Excessively drained,Others,,9
Maharashtra,Kolhapur,2022-2023,Rice,Kharif,94433.27,290546.82,3.08,Hectare,Tonnes,Tonne/Hectare,Red & Yellow,44.4,Mountain / Forest,Entisols,Lithic Ustorthents,Loamy,Shallow,Excessively drained,Others,,9
Maharashtra,Kolhapur,2022-2023,Rice,Summer,296.6,1173.06,3.96,Hectare,Tonnes,Tonne/Hectare,Red & Yellow,44.4,Mountain / Forest,Entisols,Lithic Ustorthents,Loamy,Shallow,Excessively drained,Others,,9
Maharashtra,Kolhapur,2022-2023,Soyabean,Kharif,43601.0,92957.0,2.13,Hectare,Tonnes,Tonne/Hectare,Red & Yellow,44.4,Mountain / Forest,Entisols,Lithic Ustorthents,Loamy,Shallow,Excessively drained,Others,,9
Maharashtra,Kolhapur,2022-2023,Soyabean,Summer,414.0,683.1,1.65,Hectare,Tonnes,Tonne/Hectare,Red & Yellow,44.4,Mountain / Forest,Entisols,Lithic Ustorthents,Loamy,Shallow,Excessively drained,Others,,9
Maharashtra,Kolhapur,2022-2023,Sugarcane,Whole Year,175560.0,15817956.0,90.1,Hectare,Tonnes,Tonne/Hectare,Red & Yellow,44.4,Mountain / Forest,Entisols,Lithic Ustorthents,Loamy,Shallow,Excessively drained,Others,,9
Maharashtra,Kolhapur,2022-2023,Sunflower,Rabi,24.0,28.08,1.17,Hectare,Tonnes,Tonne/Hectare,Red & Yellow,44.4,Mountain / Forest,Entisols,Lithic Ustorthents,Loamy,Shallow,Excessively drained,Others,,9
Maharashtra,Kolhapur,2022-2023,Sunflower,Summer,267.0,228.0,0.85,Hectare,Tonnes,Tonne/Hectare,Red & Yellow,44.4,Mountain / Forest,Entisols,Lithic Ustorthents,Loamy,Shallow,Excessively drained,Others,,9
Maharashtra,Kolhapur,2022-2023,Tobacco,Whole Year,848.0,2236.0,2.64,Hectare,Tonnes,Tonne/Hectare,Red & Yellow,44.4,Mountain / Forest,Entisols,Lithic Ustorthents,Loamy,Shallow,Excessively drained,Others,,9
Maharashtra,Kolhapur,2022-2023,Urad,Kharif,1070.53,954.16,0.89,Hectare,Tonnes,Tonne/Hectare,Red & Yellow,44.4,Mountain / Forest,Entisols,Lithic Ustorthents,Loamy,Shallow,Excessively drained,Others,,9
Maharashtra,Kolhapur,2022-2023,Urad,Summer,75.0,33.75,0.45,Hectare,Tonnes,Tonne/Hectare,Red & Yellow,44.4,Mountain / Forest,Entisols,Lithic Ustorthents,Loamy,Shallow,Excessively drained,Others,,9
Maharashtra,Kolhapur,2022-2023,Wheat,Rabi,1801.8,5249.36,2.91,Hectare,Tonnes,Tonne/Hectare,Red & Yellow,44.4,Mountain / Forest,Entisols,Lithic Ustorthents,Loamy,Shallow,Excessively drained,Others,,9
Maharashtra,Kolhapur,2022-2023,other oilseeds,Rabi,2.0,0.35,0.18,Hectare,Tonnes,Tonne/Hectare,Red & Yellow,44.4,Mountain / Forest,Entisols,Lithic Ustorthents,Loamy,Shallow,Excessively drained,Others,,9
Maharashtra,Latur,2022-2023,Arhar/Tur,Kharif,68615.0,23521.0,0.34,Hectare,Tonnes,Tonne/Hectare,Black (Regur),55.6,Alluvial,Entisols,Lithic Ustorthents,Clayey,Shallow,Well drained,Slightly alkaline,Basalt,9
Maharashtra,Latur,2022-2023,Bajra,Summer,40.6,35.57,0.88,Hectare,Tonnes,Tonne/Hectare,Black (Regur),55.6,Alluvial,Entisols,Lithic Ustorthents,Clayey,Shallow,Well drained,Slightly alkaline,Basalt,9
Maharashtra,Latur,2022-2023,Cotton(lint),Kharif,7283.88,27221.14,3.74,Hectare,Bales,Bales/Hectare,Black (Regur),55.6,Alluvial,Entisols,Lithic Ustorthents,Clayey,Shallow,Well drained,Slightly alkaline,Basalt,9
Maharashtra,Latur,2022-2023,Gram,Rabi,314408.71,269429.4,0.86,Hectare,Tonnes,Tonne/Hectare,Black (Regur),55.6,Alluvial,Entisols,Lithic Ustorthents,Clayey,Shallow,Well drained,Slightly alkaline,Basalt,9
Maharashtra,Latur,2022-2023,Groundnut,Kharif,406.99,242.49,0.6,Hectare,Tonnes,Tonne/Hectare,Black (Regur),55.6,Alluvial,Entisols,Lithic Ustorthents,Clayey,Shallow,Well drained,Slightly alkaline,Basalt,9
Maharashtra,Latur,2022-2023,Groundnut,Summer,1685.0,2194.0,1.3,Hectare,Tonnes,Tonne/Hectare,Black (Regur),55.6,Alluvial,Entisols,Lithic Ustorthents,Clayey,Shallow,Well drained,Slightly alkaline,Basalt,9
Maharashtra,Latur,2022-2023,Jowar,Kharif,7068.54,2090.17,0.3,Hectare,Tonnes,Tonne/Hectare,Black (Regur),55.6,Alluvial,Entisols,Lithic Ustorthents,Clayey,Shallow,Well drained,Slightly alkaline,Basalt,9
Maharashtra,Latur,2022-2023,Jowar,Rabi,31944.62,30949.87,0.97,Hectare,Tonnes,Tonne/Hectare,Black (Regur),55.6,Alluvial,Entisols,Lithic Ustorthents,Clayey,Shallow,Well drained,Slightly alkaline,Basalt,9
Maharashtra,Latur,2022-2023,Jowar,Summer,230.0,191.23,0.83,Hectare,Tonnes,Tonne/Hectare,Black (Regur),55.6,Alluvial,Entisols,Lithic Ustorthents,Clayey,Shallow,Well drained,Slightly alkaline,Basalt,9
Maharashtra,Latur,2022-2023,Linseed,Rabi,271.36,126.59,0.47,Hectare,Tonnes,Tonne/Hectare,Black (Regur),55.6,Alluvial,Entisols,Lithic Ustorthents,Clayey,Shallow,Well drained,Slightly alkaline,Basalt,9
Maharashtra,Latur,2022-2023,Maize,Kharif,6000.0,5919.0,0.99,Hectare,Tonnes,Tonne/Hectare,Black (Regur),55.6,Alluvial,Entisols,Lithic Ustorthents,Clayey,Shallow,Well drained,Slightly alkaline,Basalt,9
Maharashtra,Latur,2022-2023,Maize,Rabi,5315.65,10804.06,2.03,Hectare,Tonnes,Tonne/Hectare,Black (Regur),55.6,Alluvial,Entisols,Lithic Ustorthents,Clayey,Shallow,Well drained,Slightly alkaline,Basalt,9
Maharashtra,Latur,2022-2023,Maize,Summer,366.39,469.71,1.28,Hectare,Tonnes,Tonne/Hectare,Black (Regur),55.6,Alluvial,Entisols,Lithic Ustorthents,Clayey,Shallow,Well drained,Slightly alkaline,Basalt,9
Maharashtra,Latur,2022-2023,Moong(Green Gram),Kharif,7170.07,4058.98,0.57,Hectare,Tonnes,Tonne/Hectare,Black (Regur),55.6,Alluvial,Entisols,Lithic Ustorthents,Clayey,Shallow,Well drained,Slightly alkaline,Basalt,9
Maharashtra,Latur,2022-2023,Moong(Green Gram),Summer,55.0,10.13,0.18,Hectare,Tonnes,Tonne/Hectare,Black (Regur),55.6,Alluvial,Entisols,Lithic Ustorthents,Clayey,Shallow,Well drained,Slightly alkaline,Basalt,9
Maharashtra,Latur,2022-2023,Niger seed,Kharif,220.85,55.77,0.25,Hectare,Tonnes,Tonne/Hectare,Black (Regur),55.6,Alluvial,Entisols,Lithic Ustorthents,Clayey,Shallow,Well drained,Slightly alkaline,Basalt,9
Maharashtra,Latur,2022-2023,Other Cereals,Kharif,830.0,216.46,0.26,Hectare,Tonnes,Tonne/Hectare,Black (Regur),55.6,Alluvial,Entisols,Lithic Ustorthents,Clayey,Shallow,Well drained,Slightly alkaline,Basalt,9
Maharashtra,Latur,2022-2023,Other Cereals,Rabi,177.0,40.65,0.23,Hectare,Tonnes,Tonne/Hectare,Black (Regur),55.6,Alluvial,Entisols,Lithic Ustorthents,Clayey,Shallow,Well drained,Slightly alkaline,Basalt,9
Maharashtra,Latur,2022-2023,Other Kharif pulses,Kharif,54.0,25.38,0.47,Hectare,Tonnes,Tonne/Hectare,Black (Regur),55.6,Alluvial,Entisols,Lithic Ustorthents,Clayey,Shallow,Well drained,Slightly alkaline,Basalt,9
Maharashtra,Latur,2022-2023,Other Rabi pulses,Rabi,359.2,166.86,0.46,Hectare,Tonnes,Tonne/Hectare,Black (Regur),55.6,Alluvial,Entisols,Lithic Ustorthents,Clayey,Shallow,Well drained,Slightly alkaline,Basalt,9
Maharashtra,Latur,2022-2023,Other Summer Pulses,Summer,22.0,6.61,0.3,Hectare,Tonnes,Tonne/Hectare,Black (Regur),55.6,Alluvial,Entisols,Lithic Ustorthents,Clayey,Shallow,Well drained,Slightly alkaline,Basalt,9
Maharashtra,Latur,2022-2023,Rice,Kharif,350.61,136.7,0.39,Hectare,Tonnes,Tonne/Hectare,Black (Regur),55.6,Alluvial,Entisols,Lithic Ustorthents,Clayey,Shallow,Well drained,Slightly alkaline,Basalt,9
Maharashtra,Latur,2022-2023,Safflower,Rabi,11844.04,8797.75,0.74,Hectare,Tonnes,Tonne/Hectare,Black (Regur),55.6,Alluvial,Entisols,Lithic Ustorthents,Clayey,Shallow,Well drained,Slightly alkaline,Basalt,9
Maharashtra,Latur,2022-2023,Sesamum,Kharif,358.9,90.98,0.25,Hectare,Tonnes,Tonne/Hectare,Black (Regur),55.6,Alluvial,Entisols,Lithic Ustorthents,Clayey,Shallow,Well drained,Slightly alkaline,Basalt,9
Maharashtra,Latur,2022-2023,Sesamum,Rabi,23.36,7.83,0.34,Hectare,Tonnes,Tonne/Hectare,Black (Regur),55.6,Alluvial,Entisols,Lithic Ustorthents,Clayey,Shallow,Well drained,Slightly alkaline,Basalt,9
Maharashtra,Latur,2022-2023,Sesamum,Summer,34.0,7.0,0.21,Hectare,Tonnes,Tonne/Hectare,Black (Regur),55.6,Alluvial,Entisols,Lithic Ustorthents,Clayey,Shallow,Well drained,Slightly alkaline,Basalt,9
Maharashtra,Latur,2022-2023,Soyabean,Kharif,486702.0,534398.0,1.1,Hectare,Tonnes,Tonne/Hectare,Black (Regur),55.6,Alluvial,Entisols,Lithic Ustorthents,Clayey,Shallow,Well drained,Slightly alkaline,Basalt,9
Maharashtra,Latur,2022-2023,Soyabean,Summer,174.6,90.79,0.52,Hectare,Tonnes,Tonne/Hectare,Black (Regur),55.6,Alluvial,Entisols,Lithic Ustorthents,Clayey,Shallow,Well drained,Slightly alkaline,Basalt,9
Maharashtra,Latur,2022-2023,Sugarcane,Whole Year,63158.0,5585798.78,88.44,Hectare,Tonnes,Tonne/Hectare,Black (Regur),55.6,Alluvial,Entisols,Lithic Ustorthents,Clayey,Shallow,Well drained,Slightly alkaline,Basalt,9
Maharashtra,Latur,2022-2023,Sunflower,Kharif,258.0,96.0,0.37,Hectare,Tonnes,Tonne/Hectare,Black (Regur),55.6,Alluvial,Entisols,Lithic Ustorthents,Clayey,Shallow,Well drained,Slightly alkaline,Basalt,9
Maharashtra,Latur,2022-2023,Sunflower,Rabi,491.67,228.14,0.46,Hectare,Tonnes,Tonne/Hectare,Black (Regur),55.6,Alluvial,Entisols,Lithic Ustorthents,Clayey,Shallow,Well drained,Slightly alkaline,Basalt,9
Maharashtra,Latur,2022-2023,Sunflower,Summer,20.0,17.0,0.85,Hectare,Tonnes,Tonne/Hectare,Black (Regur),55.6,Alluvial,Entisols,Lithic Ustorthents,Clayey,Shallow,Well drained,Slightly alkaline,Basalt,9
Maharashtra,Latur,2022-2023,Urad,Kharif,5378.42,3490.06,0.65,Hectare,Tonnes,Tonne/Hectare,Black (Regur),55.6,Alluvial,Entisols,Lithic Ustorthents,Clayey,Shallow,Well drained,Slightly alkaline,Basalt,9
Maharashtra,Latur,2022-2023,Wheat,Rabi,15985.84,21695.98,1.36,Hectare,Tonnes,Tonne/Hectare,Black (Regur),55.6,Alluvial,Entisols,Lithic Ustorthents,Clayey,Shallow,Well drained,Slightly alkaline,Basalt,9
Maharashtra,Latur,2022-2023,other oilseeds,Kharif,372.0,92.85,0.25,Hectare,Tonnes,Tonne/Hectare,Black (Regur),55.6,Alluvial,Entisols,Lithic Ustorthents,Clayey,Shallow,Well drained,Slightly alkaline,Basalt,9
Maharashtra,Latur,2022-2023,other oilseeds,Rabi,1249.4,368.37,0.29,Hectare,Tonnes,Tonne/Hectare,Black (Regur),55.6,Alluvial,Entisols,Lithic Ustorthents,Clayey,Shallow,Well drained,Slightly alkaline,Basalt,9
Maharashtra,Latur,2022-2023,other oilseeds,Summer,141.0,61.48,0.44,Hectare,Tonnes,Tonne/Hectare,Black (Regur),55.6,Alluvial,Entisols,Lithic Ustorthents,Clayey,Shallow,Well drained,Slightly alkaline,Basalt,9
Maharashtra,Nagpur,2022-2023,Arhar/Tur,Kharif,57804.0,70151.0,1.21,Hectare,Tonnes,Tonne/Hectare,Black (Regur),100.0,,Vertisols,Chromic Haplusterts,Clayey,Very deep,Moderately well drained,Neutral,Alluvium,9
Maharashtra,Nagpur,2022-2023,Cotton(lint),Kharif,214085.24,586809.06,2.74,Hectare,Bales,Bales/Hectare,Black (Regur),100.0,,Vertisols,Chromic Haplusterts,Clayey,Very deep,Moderately well drained,Neutral,Alluvium,9
Maharashtra,Nagpur,2022-2023,Gram,Rabi,90673.69,119630.33,1.32,Hectare,Tonnes,Tonne/Hectare,Black (Regur),100.0,,Vertisols,Chromic Haplusterts,Clayey,Very deep,Moderately well drained,Neutral,Alluvium,9
Maharashtra,Nagpur,2022-2023,Groundnut,Kharif,1027.18,735.67,0.72,Hectare,Tonnes,Tonne/Hectare,Black (Regur),100.0,,Vertisols,Chromic Haplusterts,Clayey,Very deep,Moderately well drained,Neutral,Alluvium,9
Maharashtra,Nagpur,2022-2023,Groundnut,Summer,887.0,1116.0,1.26,Hectare,Tonnes,Tonne/Hectare,Black (Regur),100.0,,Vertisols,Chromic Haplusterts,Clayey,Very deep,Moderately well drained,Neutral,Alluvium,9
Maharashtra,Nagpur,2022-2023,Jowar,Kharif,1115.02,545.81,0.49,Hectare,Tonnes,Tonne/Hectare,Black (Regur),100.0,,Vertisols,Chromic Haplusterts,Clayey,Very deep,Moderately well drained,Neutral,Alluvium,9
Maharashtra,Nagpur,2022-2023,Jowar,Rabi,14.39,12.06,0.84,Hectare,Tonnes,Tonne/Hectare,Black (Regur),100.0,,Vertisols,Chromic Haplusterts,Clayey,Very deep,Moderately well drained,Neutral,Alluvium,9
Maharashtra,Nagpur,2022-2023,Jowar,Summer,14.0,11.9,0.85,Hectare,Tonnes,Tonne/Hectare,Black (Regur),100.0,,Vertisols,Chromic Haplusterts,Clayey,Very deep,Moderately well drained,Neutral,Alluvium,9
Maharashtra,Nagpur,2022-2023,Linseed,Rabi,120.0,74.11,0.62,Hectare,Tonnes,Tonne/Hectare,Black (Regur),100.0,,Vertisols,Chromic Haplusterts,Clayey,Very deep,Moderately well drained,Neutral,Alluvium,9
Maharashtra,Nagpur,2022-2023,Maize,Kharif,312.0,931.0,2.98,Hectare,Tonnes,Tonne/Hectare,Black (Regur),100.0,,Vertisols,Chromic Haplusterts,Clayey,Very deep,Moderately well drained,Neutral,Alluvium,9
Maharashtra,Nagpur,2022-2023,Maize,Rabi,154.78,305.99,1.98,Hectare,Tonnes,Tonne/Hectare,Black (Regur),100.0,,Vertisols,Chromic Haplusterts,Clayey,Very deep,Moderately well drained,Neutral,Alluvium,9
Maharashtra,Nagpur,2022-2023,Maize,Summer,167.2,143.88,0.86,Hectare,Tonnes,Tonne/Hectare,Black (Regur),100.0,,Vertisols,Chromic Haplusterts,Clayey,Very deep,Moderately well drained,Neutral,Alluvium,9
Maharashtra,Nagpur,2022-2023,Moong(Green Gram),Kharif,1268.83,480.25,0.38,Hectare,Tonnes,Tonne/Hectare,Black (Regur),100.0,,Vertisols,Chromic Haplusterts,Clayey,Very deep,Moderately well drained,Neutral,Alluvium,9
Maharashtra,Nagpur,2022-2023,Moong(Green Gram),Summer,51.9,9.56,0.18,Hectare,Tonnes,Tonne/Hectare,Black (Regur),100.0,,Vertisols,Chromic Haplusterts,Clayey,Very deep,Moderately well drained,Neutral,Alluvium,9
Maharashtra,Nagpur,2022-2023,Other Kharif pulses,Kharif,86.4,48.52,0.56,Hectare,Tonnes,Tonne/Hectare,Black (Regur),100.0,,Vertisols,Chromic Haplusterts,Clayey,Very deep,Moderately well drained,Neutral,Alluvium,9
Maharashtra,Nagpur,2022-2023,Other Rabi pulses,Rabi,460.5,246.03,0.53,Hectare,Tonnes,Tonne/Hectare,Black (Regur),100.0,,Vertisols,Chromic Haplusterts,Clayey,Very deep,Moderately well drained,Neutral,Alluvium,9
Maharashtra,Nagpur,2022-2023,Other Summer Pulses,Summer,4.2,1.12,0.27,Hectare,Tonnes,Tonne/Hectare,Black (Regur),100.0,,Vertisols,Chromic Haplusterts,Clayey,Very deep,Moderately well drained,Neutral,Alluvium,9
Maharashtra,Nagpur,2022-2023,Rice,Kharif,99422.87,199559.8,2.01,Hectare,Tonnes,Tonne/Hectare,Black (Regur),100.0,,Vertisols,Chromic Haplusterts,Clayey,Very deep,Moderately well drained,Neutral,Alluvium,9
Maharashtra,Nagpur,2022-2023,Rice,Summer,354.71,994.47,2.8,Hectare,Tonnes,Tonne/Hectare,Black (Regur),100.0,,Vertisols,Chromic Haplusterts,Clayey,Very deep,Moderately well drained,Neutral,Alluvium,9
Maharashtra,Nagpur,2022-2023,Sesamum,Kharif,24.32,5.41,0.22,Hectare,Tonnes,Tonne/Hectare,Black (Regur),100.0,,Vertisols,Chromic Haplusterts,Clayey,Very deep,Moderately well drained,Neutral,Alluvium,9
Maharashtra,Nagpur,2022-2023,Soyabean,Kharif,83212.0,100054.0,1.2,Hectare,Tonnes,Tonne/Hectare,Black (Regur),100.0,,Vertisols,Chromic Haplusterts,Clayey,Very deep,Moderately well drained,Neutral,Alluvium,9
Maharashtra,Nagpur,2022-2023,Soyabean,Summer,451.7,271.02,0.6,Hectare,Tonnes,Tonne/Hectare,Black (Regur),100.0,,Vertisols,Chromic Haplusterts,Clayey,Very deep,Moderately well drained,Neutral,Alluvium,9
Maharashtra,Nagpur,2022-2023,Sugarcane,Whole Year,3242.0,171210.02,52.81,Hectare,Tonnes,Tonne/Hectare,Black (Regur),100.0,,Vertisols,Chromic Haplusterts,Clayey,Very deep,Moderately well drained,Neutral,Alluvium,9
Maharashtra,Nagpur,2022-2023,Urad,Kharif,1026.97,473.48,0.46,Hectare,Tonnes,Tonne/Hectare,Black (Regur),100.0,,Vertisols,Chromic Haplusterts,Clayey,Very deep,Moderately well drained,Neutral,Alluvium,9
Maharashtra,Nagpur,2022-2023,Wheat,Rabi,117548.73,224306.49,1.91,Hectare,Tonnes,Tonne/Hectare,Black (Regur),100.0,,Vertisols,Chromic Haplusterts,Clayey,Very deep,Moderately well drained,Neutral,Alluvium,9
Maharashtra,Nagpur,2022-2023,other oilseeds,Kharif,14.0,6.72,0.48,Hectare,Tonnes,Tonne/Hectare,Black (Regur),100.0,,Vertisols,Chromic Haplusterts,Clayey,Very deep,Moderately well drained,Neutral,Alluvium,9
Maharashtra,Nagpur,2022-2023,other oilseeds,Rabi,1875.9,743.55,0.4,Hectare,Tonnes,Tonne/Hectare,Black (Regur),100.0,,Vertisols,Chromic Haplusterts,Clayey,Very deep,Moderately well drained,Neutral,Alluvium,9
Maharashtra,Nanded,2022-2023,Arhar/Tur,Kharif,64133.0,58278.0,0.91,Hectare,Tonnes,Tonne/Hectare,Black (Regur),88.9,Other,Vertisols,Chromic Haplusterts,Clayey,Very deep,Moderately well drained,Slightly alkaline,Alluvium,9
Maharashtra,Nanded,2022-2023,Bajra,Kharif,3462.0,1244.0,0.36,Hectare,Tonnes,Tonne/Hectare,Black (Regur),88.9,Other,Vertisols,Chromic Haplusterts,Clayey,Very deep,Moderately well drained,Slightly alkaline,Alluvium,9
Maharashtra,Nanded,2022-2023,Cotton(lint),Kharif,197291.42,333033.72,1.69,Hectare,Bales,Bales/Hectare,Black (Regur),88.9,Other,Vertisols,Chromic Haplusterts,Clayey,Very deep,Moderately well drained,Slightly alkaline,Alluvium,9
Maharashtra,Nanded,2022-2023,Gram,Rabi,275754.59,290490.92,1.05,Hectare,Tonnes,Tonne/Hectare,Black (Regur),88.9,Other,Vertisols,Chromic Haplusterts,Clayey,Very deep,Moderately well drained,Slightly alkaline,Alluvium,9
Maharashtra,Nanded,2022-2023,Groundnut,Kharif,91.21,65.44,0.72,Hectare,Tonnes,Tonne/Hectare,Black (Regur),88.9,Other,Vertisols,Chromic Haplusterts,Clayey,Very deep,Moderately well drained,Slightly alkaline,Alluvium,9
Maharashtra,Nanded,2022-2023,Groundnut,Summer,10283.0,17008.0,1.65,Hectare,Tonnes,Tonne/Hectare,Black (Regur),88.9,Other,Vertisols,Chromic Haplusterts,Clayey,Very deep,Moderately well drained,Slightly alkaline,Alluvium,9
Maharashtra,Nanded,2022-2023,Jowar,Kharif,19395.07,8694.81,0.45,Hectare,Tonnes,Tonne/Hectare,Black (Regur),88.9,Other,Vertisols,Chromic Haplusterts,Clayey,Very deep,Moderately well drained,Slightly alkaline,Alluvium,9
Maharashtra,Nanded,2022-2023,Jowar,Rabi,26844.45,27119.87,1.01,Hectare,Tonnes,Tonne/Hectare,Black (Regur),88.9,Other,Vertisols,Chromic Haplusterts,Clayey,Very deep,Moderately well drained,Slightly alkaline,Alluvium,9
Maharashtra,Nanded,2022-2023,Jowar,Summer,9762.0,8116.32,0.83,Hectare,Tonnes,Tonne/Hectare,Black (Regur),88.9,Other,Vertisols,Chromic Haplusterts,Clayey,Very deep,Moderately well drained,Slightly alkaline,Alluvium,9
Maharashtra,Nanded,2022-2023,Maize,Kharif,555.0,548.0,0.99,Hectare,Tonnes,Tonne/Hectare,Black (Regur),88.9,Other,Vertisols,Chromic Haplusterts,Clayey,Very deep,Moderately well drained,Slightly alkaline,Alluvium,9
Maharashtra,Nanded,2022-2023,Maize,Rabi,5586.87,17050.57,3.05,Hectare,Tonnes,Tonne/Hectare,Black (Regur),88.9,Other,Vertisols,Chromic Haplusterts,Clayey,Very deep,Moderately well drained,Slightly alkaline,Alluvium,9
Maharashtra,Nanded,2022-2023,Maize,Summer,3367.16,3975.94,1.18,Hectare,Tonnes,Tonne/Hectare,Black (Regur),88.9,Other,Vertisols,Chromic Haplusterts,Clayey,Very deep,Moderately well drained,Slightly alkaline,Alluvium,9
Maharashtra,Nanded,2022-2023,Moong(Green Gram),Kharif,23658.24,10726.65,0.45,Hectare,Tonnes,Tonne/Hectare,Black (Regur),88.9,Other,Vertisols,Chromic Haplusterts,Clayey,Very deep,Moderately well drained,Slightly alkaline,Alluvium,9
Maharashtra,Nanded,2022-2023,Moong(Green Gram),Summer,171.0,31.5,0.18,Hectare,Tonnes,Tonne/Hectare,Black (Regur),88.9,Other,Vertisols,Chromic Haplusterts,Clayey,Very deep,Moderately well drained,Slightly alkaline,Alluvium,9
Maharashtra,Nanded,2022-2023,Niger seed,Kharif,163.32,41.24,0.25,Hectare,Tonnes,Tonne/Hectare,Black (Regur),88.9,Other,Vertisols,Chromic Haplusterts,Clayey,Very deep,Moderately well drained,Slightly alkaline,Alluvium,9
Maharashtra,Nanded,2022-2023,Other Cereals,Kharif,380.0,102.03,0.27,Hectare,Tonnes,Tonne/Hectare,Black (Regur),88.9,Other,Vertisols,Chromic Haplusterts,Clayey,Very deep,Moderately well drained,Slightly alkaline,Alluvium,9
Maharashtra,Nanded,2022-2023,Other Cereals,Rabi,1527.0,478.76,0.31,Hectare,Tonnes,Tonne/Hectare,Black (Regur),88.9,Other,Vertisols,Chromic Haplusterts,Clayey,Very deep,Moderately well drained,Slightly alkaline,Alluvium,9
Maharashtra,Nanded,2022-2023,Other Kharif pulses,Kharif,66.0,31.48,0.48,Hectare,Tonnes,Tonne/Hectare,Black (Regur),88.9,Other,Vertisols,Chromic Haplusterts,Clayey,Very deep,Moderately well drained,Slightly alkaline,Alluvium,9
Maharashtra,Nanded,2022-2023,Other Rabi pulses,Rabi,163.0,86.58,0.53,Hectare,Tonnes,Tonne/Hectare,Black (Regur),88.9,Other,Vertisols,Chromic Haplusterts,Clayey,Very deep,Moderately well drained,Slightly alkaline,Alluvium,9
Maharashtra,Nanded,2022-2023,Rice,Kharif,924.0,1831.05,1.98,Hectare,Tonnes,Tonne/Hectare,Black (Regur),88.9,Other,Vertisols,Chromic Haplusterts,Clayey,Very deep,Moderately well drained,Slightly alkaline,Alluvium,9
Maharashtra,Nanded,2022-2023,Rice,Summer,369.99,1463.31,3.96,Hectare,Tonnes,Tonne/Hectare,Black (Regur),88.9,Other,Vertisols,Chromic Haplusterts,Clayey,Very deep,Moderately well drained,Slightly alkaline,Alluvium,9
Maharashtra,Nanded,2022-2023,Safflower,Rabi,4103.06,3214.34,0.78,Hectare,Tonnes,Tonne/Hectare,Black (Regur),88.9,Other,Vertisols,Chromic Haplusterts,Clayey,Very deep,Moderately well drained,Slightly alkaline,Alluvium,9
Maharashtra,Nanded,2022-2023,Sesamum,Kharif,136.45,34.59,0.25,Hectare,Tonnes,Tonne/Hectare,Black (Regur),88.9,Other,Vertisols,Chromic Haplusterts,Clayey,Very deep,Moderately well drained,Slightly alkaline,Alluvium,9
Maharashtra,Nanded,2022-2023,Sesamum,Rabi,73.0,24.46,0.34,Hectare,Tonnes,Tonne/Hectare,Black (Regur),88.9,Other,Vertisols,Chromic Haplusterts,Clayey,Very deep,Moderately well drained,Slightly alkaline,Alluvium,9
Maharashtra,Nanded,2022-2023,Sesamum,Summer,3753.0,739.0,0.2,Hectare,Tonnes,Tonne/Hectare,Black (Regur),88.9,Other,Vertisols,Chromic Haplusterts,Clayey,Very deep,Moderately well drained,Slightly alkaline,Alluvium,9
Maharashtra,Nanded,2022-2023,Soyabean,Kharif,426825.0,528324.0,1.24,Hectare,Tonnes,Tonne/Hectare,Black (Regur),88.9,Other,Vertisols,Chromic Haplusterts,Clayey,Very deep,Moderately well drained,Slightly alkaline,Alluvium,9
Maharashtra,Nanded,2022-2023,Soyabean,Summer,3550.0,1845.93,0.52,Hectare,Tonnes,Tonne/Hectare,Black (Regur),88.9,Other,Vertisols,Chromic Haplusterts,Clayey,Very deep,Moderately well drained,Slightly alkaline,Alluvium,9
Maharashtra,Nanded,2022-2023,Sugarcane,Whole Year,35943.0,1797150.0,50.0,Hectare,Tonnes,Tonne/Hectare,Black (Regur),88.9,Other,Vertisols,Chromic Haplusterts,Clayey,Very deep,Moderately well drained,Slightly alkaline,Alluvium,9
Maharashtra,Nanded,2022-2023,Sunflower,Kharif,10.0,4.0,0.4,Hectare,Tonnes,Tonne/Hectare,Black (Regur),88.9,Other,Vertisols,Chromic Haplusterts,Clayey,Very deep,Moderately well drained,Slightly alkaline,Alluvium,9
Maharashtra,Nanded,2022-2023,Sunflower,Summer,69.0,59.0,0.86,Hectare,Tonnes,Tonne/Hectare,Black (Regur),88.9,Other,Vertisols,Chromic Haplusterts,Clayey,Very deep,Moderately well drained,Slightly alkaline,Alluvium,9
Maharashtra,Nanded,2022-2023,Urad,Kharif,19404.5,11017.88,0.57,Hectare,Tonnes,Tonne/Hectare,Black (Regur),88.9,Other,Vertisols,Chromic Haplusterts,Clayey,Very deep,Moderately well drained,Slightly alkaline,Alluvium,9
Maharashtra,Nanded,2022-2023,Wheat,Rabi,26961.59,37862.16,1.4,Hectare,Tonnes,Tonne/Hectare,Black (Regur),88.9,Other,Vertisols,Chromic Haplusterts,Clayey,Very deep,Moderately well drained,Slightly alkaline,Alluvium,9
Maharashtra,Nanded,2022-2023,other oilseeds,Kharif,20.0,5.39,0.27,Hectare,Tonnes,Tonne/Hectare,Black (Regur),88.9,Other,Vertisols,Chromic Haplusterts,Clayey,Very deep,Moderately well drained,Slightly alkaline,Alluvium,9
Maharashtra,Nanded,2022-2023,other oilseeds,Rabi,7148.0,1590.5,0.22,Hectare,Tonnes,Tonne/Hectare,Black (Regur),88.9,Other,Vertisols,Chromic Haplusterts,Clayey,Very deep,Moderately well drained,Slightly alkaline,Alluvium,9
Maharashtra,Nandurbar,2022-2023,Arhar/Tur,Kharif,12760.0,6165.0,0.48,Hectare,Tonnes,Tonne/Hectare,Black (Regur),100.0,,Entisols,Lithic Ustorthents,Clayey,Shallow,Well drained,Slightly alkaline,Alluvium,8
Maharashtra,Nandurbar,2022-2023,Bajra,Kharif,6327.0,7348.0,1.16,Hectare,Tonnes,Tonne/Hectare,Black (Regur),100.0,,Entisols,Lithic Ustorthents,Clayey,Shallow,Well drained,Slightly alkaline,Alluvium,8
Maharashtra,Nandurbar,2022-2023,Bajra,Summer,606.0,551.46,0.91,Hectare,Tonnes,Tonne/Hectare,Black (Regur),100.0,,Entisols,Lithic Ustorthents,Clayey,Shallow,Well drained,Slightly alkaline,Alluvium,8
Maharashtra,Nandurbar,2022-2023,Cotton(lint),Kharif,129061.0,212362.09,1.65,Hectare,Bales,Bales/Hectare,Black (Regur),100.0,,Entisols,Lithic Ustorthents,Clayey,Shallow,Well drained,Slightly alkaline,Alluvium,8
Maharashtra,Nandurbar,2022-2023,Gram,Rabi,21761.83,24319.93,1.12,Hectare,Tonnes,Tonne/Hectare,Black (Regur),100.0,,Entisols,Lithic Ustorthents,Clayey,Shallow,Well drained,Slightly alkaline,Alluvium,8
Maharashtra,Nandurbar,2022-2023,Groundnut,Kharif,1568.99,1408.17,0.9,Hectare,Tonnes,Tonne/Hectare,Black (Regur),100.0,,Entisols,Lithic Ustorthents,Clayey,Shallow,Well drained,Slightly alkaline,Alluvium,8
Maharashtra,Nandurbar,2022-2023,Groundnut,Summer,3176.0,3407.0,1.07,Hectare,Tonnes,Tonne/Hectare,Black (Regur),100.0,,Entisols,Lithic Ustorthents,Clayey,Shallow,Well drained,Slightly alkaline,Alluvium,8
Maharashtra,Nandurbar,2022-2023,Jowar,Kharif,20421.04,24058.03,1.18,Hectare,Tonnes,Tonne/Hectare,Black (Regur),100.0,,Entisols,Lithic Ustorthents,Clayey,Shallow,Well drained,Slightly alkaline,Alluvium,8
Maharashtra,Nandurbar,2022-2023,Jowar,Rabi,4812.39,7240.0,1.5,Hectare,Tonnes,Tonne/Hectare,Black (Regur),100.0,,Entisols,Lithic Ustorthents,Clayey,Shallow,Well drained,Slightly alkaline,Alluvium,8
Maharashtra,Nandurbar,2022-2023,Jowar,Summer,29.0,24.11,0.83,Hectare,Tonnes,Tonne/Hectare,Black (Regur),100.0,,Entisols,Lithic Ustorthents,Clayey,Shallow,Well drained,Slightly alkaline,Alluvium,8
Maharashtra,Nandurbar,2022-2023,Maize,Kharif,47446.0,130837.0,2.76,Hectare,Tonnes,Tonne/Hectare,Black (Regur),100.0,,Entisols,Lithic Ustorthents,Clayey,Shallow,Well drained,Slightly alkaline,Alluvium,8
Maharashtra,Nandurbar,2022-2023,Maize,Rabi,6467.35,21695.17,3.35,Hectare,Tonnes,Tonne/Hectare,Black (Regur),100.0,,Entisols,Lithic Ustorthents,Clayey,Shallow,Well drained,Slightly alkaline,Alluvium,8
Maharashtra,Nandurbar,2022-2023,Maize,Summer,939.54,1787.27,1.9,Hectare,Tonnes,Tonne/Hectare,Black (Regur),100.0,,Entisols,Lithic Ustorthents,Clayey,Shallow,Well drained,Slightly alkaline,Alluvium,8
Maharashtra,Nandurbar,2022-2023,Moong(Green Gram),Kharif,4016.18,1393.61,0.35,Hectare,Tonnes,Tonne/Hectare,Black (Regur),100.0,,Entisols,Lithic Ustorthents,Clayey,Shallow,Well drained,Slightly alkaline,Alluvium,8
Maharashtra,Nandurbar,2022-2023,Moong(Green Gram),Summer,2551.8,470.02,0.18,Hectare,Tonnes,Tonne/Hectare,Black (Regur),100.0,,Entisols,Lithic Ustorthents,Clayey,Shallow,Well drained,Slightly alkaline,Alluvium,8
Maharashtra,Nandurbar,2022-2023,Other Cereals,Kharif,4504.35,1576.52,0.35,Hectare,Tonnes,Tonne/Hectare,Black (Regur),100.0,,Entisols,Lithic Ustorthents,Clayey,Shallow,Well drained,Slightly alkaline,Alluvium,8
Maharashtra,Nandurbar,2022-2023,Other Cereals,Rabi,448.4,231.43,0.52,Hectare,Tonnes,Tonne/Hectare,Black (Regur),100.0,,Entisols,Lithic Ustorthents,Clayey,Shallow,Well drained,Slightly alkaline,Alluvium,8
Maharashtra,Nandurbar,2022-2023,Other Cereals,Summer,5.0,4.81,0.96,Hectare,Tonnes,Tonne/Hectare,Black (Regur),100.0,,Entisols,Lithic Ustorthents,Clayey,Shallow,Well drained,Slightly alkaline,Alluvium,8
Maharashtra,Nandurbar,2022-2023,Other Kharif pulses,Kharif,418.0,262.0,0.63,Hectare,Tonnes,Tonne/Hectare,Black (Regur),100.0,,Entisols,Lithic Ustorthents,Clayey,Shallow,Well drained,Slightly alkaline,Alluvium,8
Maharashtra,Nandurbar,2022-2023,Other Rabi pulses,Rabi,844.48,458.37,0.54,Hectare,Tonnes,Tonne/Hectare,Black (Regur),100.0,,Entisols,Lithic Ustorthents,Clayey,Shallow,Well drained,Slightly alkaline,Alluvium,8
Maharashtra,Nandurbar,2022-2023,Other Summer Pulses,Summer,65.0,31.17,0.48,Hectare,Tonnes,Tonne/Hectare,Black (Regur),100.0,,Entisols,Lithic Ustorthents,Clayey,Shallow,Well drained,Slightly alkaline,Alluvium,8
Maharashtra,Nandurbar,2022-2023,Ragi,Kharif,4.0,5.0,1.25,Hectare,Tonnes,Tonne/Hectare,Black (Regur),100.0,,Entisols,Lithic Ustorthents,Clayey,Shallow,Well drained,Slightly alkaline,Alluvium,8
Maharashtra,Nandurbar,2022-2023,Rice,Kharif,24060.25,45479.79,1.89,Hectare,Tonnes,Tonne/Hectare,Black (Regur),100.0,,Entisols,Lithic Ustorthents,Clayey,Shallow,Well drained,Slightly alkaline,Alluvium,8
Maharashtra,Nandurbar,2022-2023,Safflower,Rabi,35.0,22.26,0.64,Hectare,Tonnes,Tonne/Hectare,Black (Regur),100.0,,Entisols,Lithic Ustorthents,Clayey,Shallow,Well drained,Slightly alkaline,Alluvium,8
Maharashtra,Nandurbar,2022-2023,Sesamum,Kharif,0.58,0.2,0.34,Hectare,Tonnes,Tonne/Hectare,Black (Regur),100.0,,Entisols,Lithic Ustorthents,Clayey,Shallow,Well drained,Slightly alkaline,Alluvium,8
Maharashtra,Nandurbar,2022-2023,Sesamum,Summer,129.0,27.0,0.21,Hectare,Tonnes,Tonne/Hectare,Black (Regur),100.0,,Entisols,Lithic Ustorthents,Clayey,Shallow,Well drained,Slightly alkaline,Alluvium,8
Maharashtra,Nandurbar,2022-2023,Soyabean,Kharif,30946.0,47455.0,1.53,Hectare,Tonnes,Tonne/Hectare,Black (Regur),100.0,,Entisols,Lithic Ustorthents,Clayey,Shallow,Well drained,Slightly alkaline,Alluvium,8
Maharashtra,Nandurbar,2022-2023,Soyabean,Summer,15.0,22.5,1.5,Hectare,Tonnes,Tonne/Hectare,Black (Regur),100.0,,Entisols,Lithic Ustorthents,Clayey,Shallow,Well drained,Slightly alkaline,Alluvium,8
Maharashtra,Nandurbar,2022-2023,Sugarcane,Whole Year,24042.0,2056071.84,85.52,Hectare,Tonnes,Tonne/Hectare,Black (Regur),100.0,,Entisols,Lithic Ustorthents,Clayey,Shallow,Well drained,Slightly alkaline,Alluvium,8
Maharashtra,Nandurbar,2022-2023,Sunflower,Kharif,116.0,54.0,0.47,Hectare,Tonnes,Tonne/Hectare,Black (Regur),100.0,,Entisols,Lithic Ustorthents,Clayey,Shallow,Well drained,Slightly alkaline,Alluvium,8
Maharashtra,Nandurbar,2022-2023,Sunflower,Rabi,89.35,104.55,1.17,Hectare,Tonnes,Tonne/Hectare,Black (Regur),100.0,,Entisols,Lithic Ustorthents,Clayey,Shallow,Well drained,Slightly alkaline,Alluvium,8
Maharashtra,Nandurbar,2022-2023,Sunflower,Summer,144.0,123.0,0.85,Hectare,Tonnes,Tonne/Hectare,Black (Regur),100.0,,Entisols,Lithic Ustorthents,Clayey,Shallow,Well drained,Slightly alkaline,Alluvium,8
Maharashtra,Nandurbar,2022-2023,Urad,Kharif,8893.27,3439.92,0.39,Hectare,Tonnes,Tonne/Hectare,Black (Regur),100.0,,Entisols,Lithic Ustorthents,Clayey,Shallow,Well drained,Slightly alkaline,Alluvium,8
Maharashtra,Nandurbar,2022-2023,Urad,Summer,10.6,5.71,0.54,Hectare,Tonnes,Tonne/Hectare,Black (Regur),100.0,,Entisols,Lithic Ustorthents,Clayey,Shallow,Well drained,Slightly alkaline,Alluvium,8
Maharashtra,Nandurbar,2022-2023,Wheat,Rabi,26783.15,70212.03,2.62,Hectare,Tonnes,Tonne/Hectare,Black (Regur),100.0,,Entisols,Lithic Ustorthents,Clayey,Shallow,Well drained,Slightly alkaline,Alluvium,8
Maharashtra,Nandurbar,2022-2023,other oilseeds,Kharif,354.6,121.77,0.34,Hectare,Tonnes,Tonne/Hectare,Black (Regur),100.0,,Entisols,Lithic Ustorthents,Clayey,Shallow,Well drained,Slightly alkaline,Alluvium,8
Maharashtra,Nandurbar,2022-2023,other oilseeds,Rabi,2707.02,1018.81,0.38,Hectare,Tonnes,Tonne/Hectare,Black (Regur),100.0,,Entisols,Lithic Ustorthents,Clayey,Shallow,Well drained,Slightly alkaline,Alluvium,8
Maharashtra,Nandurbar,2022-2023,other oilseeds,Summer,105.0,62.5,0.6,Hectare,Tonnes,Tonne/Hectare,Black (Regur),100.0,,Entisols,Lithic Ustorthents,Clayey,Shallow,Well drained,Slightly alkaline,Alluvium,8
Maharashtra,Nashik,2022-2023,Arhar/Tur,Kharif,5939.0,4692.0,0.79,Hectare,Tonnes,Tonne/Hectare,Black (Regur),77.8,Mountain / Forest,Vertisols,Chromic Haplusterts,Clayey,Very deep,Moderately well drained,Slightly alkaline,Alluvium,9
Maharashtra,Nashik,2022-2023,Bajra,Kharif,69662.0,99532.0,1.43,Hectare,Tonnes,Tonne/Hectare,Black (Regur),77.8,Mountain / Forest,Vertisols,Chromic Haplusterts,Clayey,Very deep,Moderately well drained,Slightly alkaline,Alluvium,9
Maharashtra,Nashik,2022-2023,Bajra,Summer,3516.15,3199.7,0.91,Hectare,Tonnes,Tonne/Hectare,Black (Regur),77.8,Mountain / Forest,Vertisols,Chromic Haplusterts,Clayey,Very deep,Moderately well drained,Slightly alkaline,Alluvium,9
Maharashtra,Nashik,2022-2023,Cotton(lint),Kharif,40082.15,112437.26,2.81,Hectare,Bales,Bales/Hectare,Black (Regur),77.8,Mountain / Forest,Vertisols,Chromic Haplusterts,Clayey,Very deep,Moderately well drained,Slightly alkaline,Alluvium,9
Maharashtra,Nashik,2022-2023,Gram,Rabi,32439.78,31920.1,0.98,Hectare,Tonnes,Tonne/Hectare,Black (Regur),77.8,Mountain / Forest,Vertisols,Chromic Haplusterts,Clayey,Very deep,Moderately well drained,Slightly alkaline,Alluvium,9
Maharashtra,Nashik,2022-2023,Groundnut,Kharif,22375.11,26228.1,1.17,Hectare,Tonnes,Tonne/Hectare,Black (Regur),77.8,Mountain / Forest,Vertisols,Chromic Haplusterts,Clayey,Very deep,Moderately well drained,Slightly alkaline,Alluvium,9
Maharashtra,Nashik,2022-2023,Groundnut,Summer,1886.0,3225.0,1.71,Hectare,Tonnes,Tonne/Hectare,Black (Regur),77.8,Mountain / Forest,Vertisols,Chromic Haplusterts,Clayey,Very deep,Moderately well drained,Slightly alkaline,Alluvium,9
Maharashtra,Nashik,2022-2023,Jowar,Kharif,695.24,963.6,1.39,Hectare,Tonnes,Tonne/Hectare,Black (Regur),77.8,Mountain / Forest,Vertisols,Chromic Haplusterts,Clayey,Very deep,Moderately well drained,Slightly alkaline,Alluvium,9
Maharashtra,Nashik,2022-2023,Jowar,Rabi,3233.51,2980.0,0.92,Hectare,Tonnes,Tonne/Hectare,Black (Regur),77.8,Mountain / Forest,Vertisols,Chromic Haplusterts,Clayey,Very deep,Moderately well drained,Slightly alkaline,Alluvium,9
Maharashtra,Nashik,2022-2023,Maize,Kharif,221779.0,952541.0,4.3,Hectare,Tonnes,Tonne/Hectare,Black (Regur),77.8,Mountain / Forest,Vertisols,Chromic Haplusterts,Clayey,Very deep,Moderately well drained,Slightly alkaline,Alluvium,9
Maharashtra,Nashik,2022-2023,Maize,Rabi,5518.89,25405.66,4.6,Hectare,Tonnes,Tonne/Hectare,Black (Regur),77.8,Mountain / Forest,Vertisols,Chromic Haplusterts,Clayey,Very deep,Moderately well drained,Slightly alkaline,Alluvium,9
Maharashtra,Nashik,2022-2023,Maize,Summer,2436.5,5672.85,2.33,Hectare,Tonnes,Tonne/Hectare,Black (Regur),77.8,Mountain / Forest,Vertisols,Chromic Haplusterts,Clayey,Very deep,Moderately well drained,Slightly alkaline,Alluvium,9
Maharashtra,Nashik,2022-2023,Moong(Green Gram),Kharif,10352.99,7337.16,0.71,Hectare,Tonnes,Tonne/Hectare,Black (Regur),77.8,Mountain / Forest,Vertisols,Chromic Haplusterts,Clayey,Very deep,Moderately well drained,Slightly alkaline,Alluvium,9
Maharashtra,Nashik,2022-2023,Moong(Green Gram),Summer,1.1,0.2,0.18,Hectare,Tonnes,Tonne/Hectare,Black (Regur),77.8,Mountain / Forest,Vertisols,Chromic Haplusterts,Clayey,Very deep,Moderately well drained,Slightly alkaline,Alluvium,9
Maharashtra,Nashik,2022-2023,Niger seed,Kharif,1724.26,546.42,0.32,Hectare,Tonnes,Tonne/Hectare,Black (Regur),77.8,Mountain / Forest,Vertisols,Chromic Haplusterts,Clayey,Very deep,Moderately well drained,Slightly alkaline,Alluvium,9
Maharashtra,Nashik,2022-2023,Other Cereals,Kharif,10355.04,5604.15,0.54,Hectare,Tonnes,Tonne/Hectare,Black (Regur),77.8,Mountain / Forest,Vertisols,Chromic Haplusterts,Clayey,Very deep,Moderately well drained,Slightly alkaline,Alluvium,9
Maharashtra,Nashik,2022-2023,Other Cereals,Rabi,28.2,14.68,0.52,Hectare,Tonnes,Tonne/Hectare,Black (Regur),77.8,Mountain / Forest,Vertisols,Chromic Haplusterts,Clayey,Very deep,Moderately well drained,Slightly alkaline,Alluvium,9
Maharashtra,Nashik,2022-2023,Other Kharif pulses,Kharif,2144.0,1016.0,0.47,Hectare,Tonnes,Tonne/Hectare,Black (Regur),77.8,Mountain / Forest,Vertisols,Chromic Haplusterts,Clayey,Very deep,Moderately well drained,Slightly alkaline,Alluvium,9
Maharashtra,Nashik,2022-2023,Other Rabi pulses,Rabi,2914.55,1553.66,0.53,Hectare,Tonnes,Tonne/Hectare,Black (Regur),77.8,Mountain / Forest,Vertisols,Chromic Haplusterts,Clayey,Very deep,Moderately well drained,Slightly alkaline,Alluvium,9
Maharashtra,Nashik,2022-2023,Other Summer Pulses,Summer,0.65,0.26,0.4,Hectare,Tonnes,Tonne/Hectare,Black (Regur),77.8,Mountain / Forest,Vertisols,Chromic Haplusterts,Clayey,Very deep,Moderately well drained,Slightly alkaline,Alluvium,9
Maharashtra,Nashik,2022-2023,Ragi,Kharif,20324.0,24035.0,1.18,Hectare,Tonnes,Tonne/Hectare,Black (Regur),77.8,Mountain / Forest,Vertisols,Chromic Haplusterts,Clayey,Very deep,Moderately well drained,Slightly alkaline,Alluvium,9
Maharashtra,Nashik,2022-2023,Rice,Kharif,92318.5,230131.55,2.49,Hectare,Tonnes,Tonne/Hectare,Black (Regur),77.8,Mountain / Forest,Vertisols,Chromic Haplusterts,Clayey,Very deep,Moderately well drained,Slightly alkaline,Alluvium,9
Maharashtra,Nashik,2022-2023,Rice,Summer,11.2,44.3,3.96,Hectare,Tonnes,Tonne/Hectare,Black (Regur),77.8,Mountain / Forest,Vertisols,Chromic Haplusterts,Clayey,Very deep,Moderately well drained,Slightly alkaline,Alluvium,9
Maharashtra,Nashik,2022-2023,Sesamum,Kharif,1.36,0.46,0.34,Hectare,Tonnes,Tonne/Hectare,Black (Regur),77.8,Mountain / Forest,Vertisols,Chromic Haplusterts,Clayey,Very deep,Moderately well drained,Slightly alkaline,Alluvium,9
Maharashtra,Nashik,2022-2023,Sesamum,Rabi,24.0,8.04,0.34,Hectare,Tonnes,Tonne/Hectare,Black (Regur),77.8,Mountain / Forest,Vertisols,Chromic Haplusterts,Clayey,Very deep,Moderately well drained,Slightly alkaline,Alluvium,9
Maharashtra,Nashik,2022-2023,Soyabean,Kharif,103459.0,178436.0,1.72,Hectare,Tonnes,Tonne/Hectare,Black (Regur),77.8,Mountain / Forest,Vertisols,Chromic Haplusterts,Clayey,Very deep,Moderately well drained,Slightly alkaline,Alluvium,9
Maharashtra,Nashik,2022-2023,Soyabean,Summer,29.7,44.55,1.5,Hectare,Tonnes,Tonne/Hectare,Black (Regur),77.8,Mountain / Forest,Vertisols,Chromic Haplusterts,Clayey,Very deep,Moderately well drained,Slightly alkaline,Alluvium,9
Maharashtra,Nashik,2022-2023,Sugarcane,Whole Year,30965.0,2836084.35,91.59,Hectare,Tonnes,Tonne/Hectare,Black (Regur),77.8,Mountain / Forest,Vertisols,Chromic Haplusterts,Clayey,Very deep,Moderately well drained,Slightly alkaline,Alluvium,9
Maharashtra,Nashik,2022-2023,Sunflower,Summer,15.0,13.0,0.87,Hectare,Tonnes,Tonne/Hectare,Black (Regur),77.8,Mountain / Forest,Vertisols,Chromic Haplusterts,Clayey,Very deep,Moderately well drained,Slightly alkaline,Alluvium,9
Maharashtra,Nashik,2022-2023,Urad,Kharif,5322.64,4817.52,0.91,Hectare,Tonnes,Tonne/Hectare,Black (Regur),77.8,Mountain / Forest,Vertisols,Chromic Haplusterts,Clayey,Very deep,Moderately well drained,Slightly alkaline,Alluvium,9
Maharashtra,Nashik,2022-2023,Urad,Summer,15.6,8.41,0.54,Hectare,Tonnes,Tonne/Hectare,Black (Regur),77.8,Mountain / Forest,Vertisols,Chromic Haplusterts,Clayey,Very deep,Moderately well drained,Slightly alkaline,Alluvium,9
Maharashtra,Nashik,2022-2023,Wheat,Rabi,75975.55,193456.54,2.55,Hectare,Tonnes,Tonne/Hectare,Black (Regur),77.8,Mountain / Forest,Vertisols,Chromic Haplusterts,Clayey,Very deep,Moderately well drained,Slightly alkaline,Alluvium,9
Maharashtra,Nashik,2022-2023,other oilseeds,Kharif,24.75,11.27,0.46,Hectare,Tonnes,Tonne/Hectare,Black (Regur),77.8,Mountain / Forest,Vertisols,Chromic Haplusterts,Clayey,Very deep,Moderately well drained,Slightly alkaline,Alluvium,9
Maharashtra,Nashik,2022-2023,other oilseeds,Rabi,18.2,5.39,0.3,Hectare,Tonnes,Tonne/Hectare,Black (Regur),77.8,Mountain / Forest,Vertisols,Chromic Haplusterts,Clayey,Very deep,Moderately well drained,Slightly alkaline,Alluvium,9
Maharashtra,Nashik,2022-2023,other oilseeds,Summer,1.0,0.59,0.59,Hectare,Tonnes,Tonne/Hectare,Black (Regur),77.8,Mountain / Forest,Vertisols,Chromic Haplusterts,Clayey,Very deep,Moderately well drained,Slightly alkaline,Alluvium,9
Maharashtra,Palghar,2022-2023,Arhar/Tur,Kharif,2903.0,1865.0,0.64,Hectare,Tonnes,Tonne/Hectare,Mountain / Forest,66.7,Black (Regur),Entisols,Lithic Ustorthents,Loamy,Shallow,Well drained,Slightly acidic,Basalt,9
Maharashtra,Palghar,2022-2023,Gram,Rabi,2009.06,1739.91,0.87,Hectare,Tonnes,Tonne/Hectare,Mountain / Forest,66.7,Black (Regur),Entisols,Lithic Ustorthents,Loamy,Shallow,Well drained,Slightly acidic,Basalt,9
Maharashtra,Palghar,2022-2023,Groundnut,Kharif,22.1,20.29,0.92,Hectare,Tonnes,Tonne/Hectare,Mountain / Forest,66.7,Black (Regur),Entisols,Lithic Ustorthents,Loamy,Shallow,Well drained,Slightly acidic,Basalt,9
Maharashtra,Palghar,2022-2023,Jowar,Rabi,516.95,345.9,0.67,Hectare,Tonnes,Tonne/Hectare,Mountain / Forest,66.7,Black (Regur),Entisols,Lithic Ustorthents,Loamy,Shallow,Well drained,Slightly acidic,Basalt,9
Maharashtra,Palghar,2022-2023,Maize,Rabi,12.1,33.26,2.75,Hectare,Tonnes,Tonne/Hectare,Mountain / Forest,66.7,Black (Regur),Entisols,Lithic Ustorthents,Loamy,Shallow,Well drained,Slightly acidic,Basalt,9
Maharashtra,Palghar,2022-2023,Niger seed,Kharif,1544.82,704.46,0.46,Hectare,Tonnes,Tonne/Hectare,Mountain / Forest,66.7,Black (Regur),Entisols,Lithic Ustorthents,Loamy,Shallow,Well drained,Slightly acidic,Basalt,9
Maharashtra,Palghar,2022-2023,Other Cereals,Kharif,8281.83,4463.91,0.54,Hectare,Tonnes,Tonne/Hectare,Mountain / Forest,66.7,Black (Regur),Entisols,Lithic Ustorthents,Loamy,Shallow,Well drained,Slightly acidic,Basalt,9
Maharashtra,Palghar,2022-2023,Other Cereals,Rabi,518.15,497.42,0.96,Hectare,Tonnes,Tonne/Hectare,Mountain / Forest,66.7,Black (Regur),Entisols,Lithic Ustorthents,Loamy,Shallow,Well drained,Slightly acidic,Basalt,9
Maharashtra,Palghar,2022-2023,Other Kharif pulses,Kharif,518.0,279.0,0.54,Hectare,Tonnes,Tonne/Hectare,Mountain / Forest,66.7,Black (Regur),Entisols,Lithic Ustorthents,Loamy,Shallow,Well drained,Slightly acidic,Basalt,9
Maharashtra,Palghar,2022-2023,Other Rabi pulses,Rabi,2751.32,1912.17,0.69,Hectare,Tonnes,Tonne/Hectare,Mountain / Forest,66.7,Black (Regur),Entisols,Lithic Ustorthents,Loamy,Shallow,Well drained,Slightly acidic,Basalt,9
Maharashtra,Palghar,2022-2023,Ragi,Kharif,12487.0,11001.0,0.88,Hectare,Tonnes,Tonne/Hectare,Mountain / Forest,66.7,Black (Regur),Entisols,Lithic Ustorthents,Loamy,Shallow,Well drained,Slightly acidic,Basalt,9
Maharashtra,Palghar,2022-2023,Rice,Kharif,77137.04,183240.0,2.38,Hectare,Tonnes,Tonne/Hectare,Mountain / Forest,66.7,Black (Regur),Entisols,Lithic Ustorthents,Loamy,Shallow,Well drained,Slightly acidic,Basalt,9
Maharashtra,Palghar,2022-2023,Rice,Summer,1788.48,7073.45,3.96,Hectare,Tonnes,Tonne/Hectare,Mountain / Forest,66.7,Black (Regur),Entisols,Lithic Ustorthents,Loamy,Shallow,Well drained,Slightly acidic,Basalt,9
Maharashtra,Palghar,2022-2023,Sesamum,Kharif,14.0,4.78,0.34,Hectare,Tonnes,Tonne/Hectare,Mountain / Forest,66.7,Black (Regur),Entisols,Lithic Ustorthents,Loamy,Shallow,Well drained,Slightly acidic,Basalt,9
Maharashtra,Palghar,2022-2023,Sesamum,Rabi,573.68,192.18,0.34,Hectare,Tonnes,Tonne/Hectare,Mountain / Forest,66.7,Black (Regur),Entisols,Lithic Ustorthents,Loamy,Shallow,Well drained,Slightly acidic,Basalt,9
Maharashtra,Palghar,2022-2023,Urad,Kharif,2892.0,1276.82,0.44,Hectare,Tonnes,Tonne/Hectare,Mountain / Forest,66.7,Black (Regur),Entisols,Lithic Ustorthents,Loamy,Shallow,Well drained,Slightly acidic,Basalt,9
Maharashtra,Palghar,2022-2023,Wheat,Rabi,12.0,24.16,2.01,Hectare,Tonnes,Tonne/Hectare,Mountain / Forest,66.7,Black (Regur),Entisols,Lithic Ustorthents,Loamy,Shallow,Well drained,Slightly acidic,Basalt,9
Maharashtra,Palghar,2022-2023,other oilseeds,Kharif,2.0,0.57,0.29,Hectare,Tonnes,Tonne/Hectare,Mountain / Forest,66.7,Black (Regur),Entisols,Lithic Ustorthents,Loamy,Shallow,Well drained,Slightly acidic,Basalt,9
Maharashtra,Palghar,2022-2023,other oilseeds,Rabi,64.15,34.64,0.54,Hectare,Tonnes,Tonne/Hectare,Mountain / Forest,66.7,Black (Regur),Entisols,Lithic Ustorthents,Loamy,Shallow,Well drained,Slightly acidic,Basalt,9
Maharashtra,Parbhani,2022-2023,Arhar/Tur,Kharif,47085.0,42589.0,0.9,Hectare,Tonnes,Tonne/Hectare,Black (Regur),100.0,,Vertisols,Chromic Haplusterts,Clayey,Very deep,Moderately well drained,Slightly alkaline,Alluvium,9
Maharashtra,Parbhani,2022-2023,Bajra,Kharif,84.0,30.0,0.36,Hectare,Tonnes,Tonne/Hectare,Black (Regur),100.0,,Vertisols,Chromic Haplusterts,Clayey,Very deep,Moderately well drained,Slightly alkaline,Alluvium,9
Maharashtra,Parbhani,2022-2023,Bajra,Summer,1046.7,952.5,0.91,Hectare,Tonnes,Tonne/Hectare,Black (Regur),100.0,,Vertisols,Chromic Haplusterts,Clayey,Very deep,Moderately well drained,Slightly alkaline,Alluvium,9
Maharashtra,Parbhani,2022-2023,Cotton(lint),Kharif,182292.98,533158.21,2.92,Hectare,Bales,Bales/Hectare,Black (Regur),100.0,,Vertisols,Chromic Haplusterts,Clayey,Very deep,Moderately well drained,Slightly alkaline,Alluvium,9
Maharashtra,Parbhani,2022-2023,Gram,Rabi,172793.0,210090.37,1.22,Hectare,Tonnes,Tonne/Hectare,Black (Regur),100.0,,Vertisols,Chromic Haplusterts,Clayey,Very deep,Moderately well drained,Slightly alkaline,Alluvium,9
Maharashtra,Parbhani,2022-2023,Groundnut,Kharif,6.81,4.89,0.72,Hectare,Tonnes,Tonne/Hectare,Black (Regur),100.0,,Vertisols,Chromic Haplusterts,Clayey,Very deep,Moderately well drained,Slightly alkaline,Alluvium,9
Maharashtra,Parbhani,2022-2023,Groundnut,Summer,8010.0,11176.0,1.4,Hectare,Tonnes,Tonne/Hectare,Black (Regur),100.0,,Vertisols,Chromic Haplusterts,Clayey,Very deep,Moderately well drained,Slightly alkaline,Alluvium,9
Maharashtra,Parbhani,2022-2023,Jowar,Kharif,3813.35,2723.5,0.71,Hectare,Tonnes,Tonne/Hectare,Black (Regur),100.0,,Vertisols,Chromic Haplusterts,Clayey,Very deep,Moderately well drained,Slightly alkaline,Alluvium,9
Maharashtra,Parbhani,2022-2023,Jowar,Rabi,85722.0,111689.77,1.3,Hectare,Tonnes,Tonne/Hectare,Black (Regur),100.0,,Vertisols,Chromic Haplusterts,Clayey,Very deep,Moderately well drained,Slightly alkaline,Alluvium,9
Maharashtra,Parbhani,2022-2023,Jowar,Summer,182.0,151.32,0.83,Hectare,Tonnes,Tonne/Hectare,Black (Regur),100.0,,Vertisols,Chromic Haplusterts,Clayey,Very deep,Moderately well drained,Slightly alkaline,Alluvium,9
Maharashtra,Parbhani,2022-2023,Linseed,Rabi,36.2,16.89,0.47,Hectare,Tonnes,Tonne/Hectare,Black (Regur),100.0,,Vertisols,Chromic Haplusterts,Clayey,Very deep,Moderately well drained,Slightly alkaline,Alluvium,9
Maharashtra,Parbhani,2022-2023,Maize,Kharif,954.0,941.0,0.99,Hectare,Tonnes,Tonne/Hectare,Black (Regur),100.0,,Vertisols,Chromic Haplusterts,Clayey,Very deep,Moderately well drained,Slightly alkaline,Alluvium,9
Maharashtra,Parbhani,2022-2023,Maize,Rabi,1339.0,2647.13,1.98,Hectare,Tonnes,Tonne/Hectare,Black (Regur),100.0,,Vertisols,Chromic Haplusterts,Clayey,Very deep,Moderately well drained,Slightly alkaline,Alluvium,9
Maharashtra,Parbhani,2022-2023,Maize,Summer,871.9,894.7,1.03,Hectare,Tonnes,Tonne/Hectare,Black (Regur),100.0,,Vertisols,Chromic Haplusterts,Clayey,Very deep,Moderately well drained,Slightly alkaline,Alluvium,9
Maharashtra,Parbhani,2022-2023,Moong(Green Gram),Kharif,15592.26,12579.84,0.81,Hectare,Tonnes,Tonne/Hectare,Black (Regur),100.0,,Vertisols,Chromic Haplusterts,Clayey,Very deep,Moderately well drained,Slightly alkaline,Alluvium,9
Maharashtra,Parbhani,2022-2023,Moong(Green Gram),Summer,35.9,6.61,0.18,Hectare,Tonnes,Tonne/Hectare,Black (Regur),100.0,,Vertisols,Chromic Haplusterts,Clayey,Very deep,Moderately well drained,Slightly alkaline,Alluvium,9
Maharashtra,Parbhani,2022-2023,Niger seed,Kharif,12.0,3.03,0.25,Hectare,Tonnes,Tonne/Hectare,Black (Regur),100.0,,Vertisols,Chromic Haplusterts,Clayey,Very deep,Moderately well drained,Slightly alkaline,Alluvium,9
Maharashtra,Parbhani,2022-2023,Other Cereals,Kharif,91.0,25.39,0.28,Hectare,Tonnes,Tonne/Hectare,Black (Regur),100.0,,Vertisols,Chromic Haplusterts,Clayey,Very deep,Moderately well drained,Slightly alkaline,Alluvium,9
Maharashtra,Parbhani,2022-2023,Other Cereals,Rabi,481.0,146.22,0.3,Hectare,Tonnes,Tonne/Hectare,Black (Regur),100.0,,Vertisols,Chromic Haplusterts,Clayey,Very deep,Moderately well drained,Slightly alkaline,Alluvium,9
Maharashtra,Parbhani,2022-2023,Other Kharif pulses,Kharif,68.0,11.49,0.17,Hectare,Tonnes,Tonne/Hectare,Black (Regur),100.0,,Vertisols,Chromic Haplusterts,Clayey,Very deep,Moderately well drained,Slightly alkaline,Alluvium,9
Maharashtra,Parbhani,2022-2023,Other Rabi pulses,Rabi,307.8,156.95,0.51,Hectare,Tonnes,Tonne/Hectare,Black (Regur),100.0,,Vertisols,Chromic Haplusterts,Clayey,Very deep,Moderately well drained,Slightly alkaline,Alluvium,9
Maharashtra,Parbhani,2022-2023,Other Summer Pulses,Summer,8.7,2.69,0.31,Hectare,Tonnes,Tonne/Hectare,Black (Regur),100.0,,Vertisols,Chromic Haplusterts,Clayey,Very deep,Moderately well drained,Slightly alkaline,Alluvium,9
Maharashtra,Parbhani,2022-2023,Safflower,Rabi,1506.2,927.82,0.62,Hectare,Tonnes,Tonne/Hectare,Black (Regur),100.0,,Vertisols,Chromic Haplusterts,Clayey,Very deep,Moderately well drained,Slightly alkaline,Alluvium,9
Maharashtra,Parbhani,2022-2023,Sesamum,Kharif,112.61,28.55,0.25,Hectare,Tonnes,Tonne/Hectare,Black (Regur),100.0,,Vertisols,Chromic Haplusterts,Clayey,Very deep,Moderately well drained,Slightly alkaline,Alluvium,9
Maharashtra,Parbhani,2022-2023,Sesamum,Summer,15.0,3.0,0.2,Hectare,Tonnes,Tonne/Hectare,Black (Regur),100.0,,Vertisols,Chromic Haplusterts,Clayey,Very deep,Moderately well drained,Slightly alkaline,Alluvium,9
Maharashtra,Parbhani,2022-2023,Soyabean,Kharif,263396.0,410318.0,1.56,Hectare,Tonnes,Tonne/Hectare,Black (Regur),100.0,,Vertisols,Chromic Haplusterts,Clayey,Very deep,Moderately well drained,Slightly alkaline,Alluvium,9
Maharashtra,Parbhani,2022-2023,Soyabean,Summer,4655.5,2420.77,0.52,Hectare,Tonnes,Tonne/Hectare,Black (Regur),100.0,,Vertisols,Chromic Haplusterts,Clayey,Very deep,Moderately well drained,Slightly alkaline,Alluvium,9
Maharashtra,Parbhani,2022-2023,Sugarcane,Whole Year,47058.0,4235220.0,90.0,Hectare,Tonnes,Tonne/Hectare,Black (Regur),100.0,,Vertisols,Chromic Haplusterts,Clayey,Very deep,Moderately well drained,Slightly alkaline,Alluvium,9
Maharashtra,Parbhani,2022-2023,Sunflower,Rabi,9.0,4.18,0.46,Hectare,Tonnes,Tonne/Hectare,Black (Regur),100.0,,Vertisols,Chromic Haplusterts,Clayey,Very deep,Moderately well drained,Slightly alkaline,Alluvium,9
Maharashtra,Parbhani,2022-2023,Urad,Kharif,8576.03,7389.97,0.86,Hectare,Tonnes,Tonne/Hectare,Black (Regur),100.0,,Vertisols,Chromic Haplusterts,Clayey,Very deep,Moderately well drained,Slightly alkaline,Alluvium,9
Maharashtra,Parbhani,2022-2023,Urad,Summer,42.0,22.63,0.54,Hectare,Tonnes,Tonne/Hectare,Black (Regur),100.0,,Vertisols,Chromic Haplusterts,Clayey,Very deep,Moderately well drained,Slightly alkaline,Alluvium,9
Maharashtra,Parbhani,2022-2023,Wheat,Rabi,33126.0,61041.28,1.84,Hectare,Tonnes,Tonne/Hectare,Black (Regur),100.0,,Vertisols,Chromic Haplusterts,Clayey,Very deep,Moderately well drained,Slightly alkaline,Alluvium,9
Maharashtra,Parbhani,2022-2023,other oilseeds,Kharif,46.0,10.84,0.24,Hectare,Tonnes,Tonne/Hectare,Black (Regur),100.0,,Vertisols,Chromic Haplusterts,Clayey,Very deep,Moderately well drained,Slightly alkaline,Alluvium,9
Maharashtra,Parbhani,2022-2023,other oilseeds,Rabi,126.98,21.85,0.17,Hectare,Tonnes,Tonne/Hectare,Black (Regur),100.0,,Vertisols,Chromic Haplusterts,Clayey,Very deep,Moderately well drained,Slightly alkaline,Alluvium,9
Maharashtra,Pune,2022-2023,Arhar/Tur,Kharif,997.0,829.0,0.83,Hectare,Tonnes,Tonne/Hectare,Black (Regur),88.9,Mountain / Forest,Entisols,Lithic Ustorthents,Clayey,Shallow,Well drained,Slightly alkaline,Alluvium,9
Maharashtra,Pune,2022-2023,Bajra,Kharif,33942.0,54931.0,1.62,Hectare,Tonnes,Tonne/Hectare,Black (Regur),88.9,Mountain / Forest,Entisols,Lithic Ustorthents,Clayey,Shallow,Well drained,Slightly alkaline,Alluvium,9
Maharashtra,Pune,2022-2023,Bajra,Summer,4672.07,4251.58,0.91,Hectare,Tonnes,Tonne/Hectare,Black (Regur),88.9,Mountain / Forest,Entisols,Lithic Ustorthents,Clayey,Shallow,Well drained,Slightly alkaline,Alluvium,9
Maharashtra,Pune,2022-2023,Cotton(lint),Kharif,423.1,1017.0,2.4,Hectare,Bales,Bales/Hectare,Black (Regur),88.9,Mountain / Forest,Entisols,Lithic Ustorthents,Clayey,Shallow,Well drained,Slightly alkaline,Alluvium,9
Maharashtra,Pune,2022-2023,Gram,Rabi,29458.13,32350.04,1.1,Hectare,Tonnes,Tonne/Hectare,Black (Regur),88.9,Mountain / Forest,Entisols,Lithic Ustorthents,Clayey,Shallow,Well drained,Slightly alkaline,Alluvium,9
Maharashtra,Pune,2022-2023,Groundnut,Kharif,7918.22,8244.45,1.04,Hectare,Tonnes,Tonne/Hectare,Black (Regur),88.9,Mountain / Forest,Entisols,Lithic Ustorthents,Clayey,Shallow,Well drained,Slightly alkaline,Alluvium,9
Maharashtra,Pune,2022-2023,Groundnut,Summer,5052.0,7363.0,1.46,Hectare,Tonnes,Tonne/Hectare,Black (Regur),88.9,Mountain / Forest,Entisols,Lithic Ustorthents,Clayey,Shallow,Well drained,Slightly alkaline,Alluvium,9
Maharashtra,Pune,2022-2023,Jowar,Kharif,164.3,50.47,0.31,Hectare,Tonnes,Tonne/Hectare,Black (Regur),88.9,Mountain / Forest,Entisols,Lithic Ustorthents,Clayey,Shallow,Well drained,Slightly alkaline,Alluvium,9
Maharashtra,Pune,2022-2023,Jowar,Rabi,71280.15,66639.81,0.93,Hectare,Tonnes,Tonne/Hectare,Black (Regur),88.9,Mountain / Forest,Entisols,Lithic Ustorthents,Clayey,Shallow,Well drained,Slightly alkaline,Alluvium,9
Maharashtra,Pune,2022-2023,Maize,Kharif,27060.0,100248.0,3.7,Hectare,Tonnes,Tonne/Hectare,Black (Regur),88.9,Mountain / Forest,Entisols,Lithic Ustorthents,Clayey,Shallow,Well drained,Slightly alkaline,Alluvium,9
Maharashtra,Pune,2022-2023,Maize,Rabi,15574.25,79174.82,5.08,Hectare,Tonnes,Tonne/Hectare,Black (Regur),88.9,Mountain / Forest,Entisols,Lithic Ustorthents,Clayey,Shallow,Well drained,Slightly alkaline,Alluvium,9
Maharashtra,Pune,2022-2023,Maize,Summer,5505.82,9624.17,1.75,Hectare,Tonnes,Tonne/Hectare,Black (Regur),88.9,Mountain / Forest,Entisols,Lithic Ustorthents,Clayey,Shallow,Well drained,Slightly alkaline,Alluvium,9
Maharashtra,Pune,2022-2023,Moong(Green Gram),Kharif,9877.36,7053.42,0.71,Hectare,Tonnes,Tonne/Hectare,Black (Regur),88.9,Mountain / Forest,Entisols,Lithic Ustorthents,Clayey,Shallow,Well drained,Slightly alkaline,Alluvium,9
Maharashtra,Pune,2022-2023,Moong(Green Gram),Summer,63.1,11.62,0.18,Hectare,Tonnes,Tonne/Hectare,Black (Regur),88.9,Mountain / Forest,Entisols,Lithic Ustorthents,Clayey,Shallow,Well drained,Slightly alkaline,Alluvium,9
Maharashtra,Pune,2022-2023,Niger seed,Kharif,399.51,182.18,0.46,Hectare,Tonnes,Tonne/Hectare,Black (Regur),88.9,Mountain / Forest,Entisols,Lithic Ustorthents,Clayey,Shallow,Well drained,Slightly alkaline,Alluvium,9
Maharashtra,Pune,2022-2023,Other Cereals,Kharif,533.0,308.61,0.58,Hectare,Tonnes,Tonne/Hectare,Black (Regur),88.9,Mountain / Forest,Entisols,Lithic Ustorthents,Clayey,Shallow,Well drained,Slightly alkaline,Alluvium,9
Maharashtra,Pune,2022-2023,Other Cereals,Rabi,94.3,24.96,0.26,Hectare,Tonnes,Tonne/Hectare,Black (Regur),88.9,Mountain / Forest,Entisols,Lithic Ustorthents,Clayey,Shallow,Well drained,Slightly alkaline,Alluvium,9
Maharashtra,Pune,2022-2023,Other Cereals,Summer,19.5,16.69,0.86,Hectare,Tonnes,Tonne/Hectare,Black (Regur),88.9,Mountain / Forest,Entisols,Lithic Ustorthents,Clayey,Shallow,Well drained,Slightly alkaline,Alluvium,9
Maharashtra,Pune,2022-2023,Other Kharif pulses,Kharif,8330.0,3841.0,0.46,Hectare,Tonnes,Tonne/Hectare,Black (Regur),88.9,Mountain / Forest,Entisols,Lithic Ustorthents,Clayey,Shallow,Well drained,Slightly alkaline,Alluvium,9
Maharashtra,Pune,2022-2023,Other Rabi pulses,Rabi,5857.4,2518.98,0.43,Hectare,Tonnes,Tonne/Hectare,Black (Regur),88.9,Mountain / Forest,Entisols,Lithic Ustorthents,Clayey,Shallow,Well drained,Slightly alkaline,Alluvium,9
Maharashtra,Pune,2022-2023,Other Summer Pulses,Summer,8.0,6.1,0.76,Hectare,Tonnes,Tonne/Hectare,Black (Regur),88.9,Mountain / Forest,Entisols,Lithic Ustorthents,Clayey,Shallow,Well drained,Slightly alkaline,Alluvium,9
Maharashtra,Pune,2022-2023,Ragi,Kharif,2000.0,1906.0,0.95,Hectare,Tonnes,Tonne/Hectare,Black (Regur),88.9,Mountain / Forest,Entisols,Lithic Ustorthents,Clayey,Shallow,Well drained,Slightly alkaline,Alluvium,9
Maharashtra,Pune,2022-2023,Rice,Kharif,59820.51,151843.76,2.54,Hectare,Tonnes,Tonne/Hectare,Black (Regur),88.9,Mountain / Forest,Entisols,Lithic Ustorthents,Clayey,Shallow,Well drained,Slightly alkaline,Alluvium,9
Maharashtra,Pune,2022-2023,Safflower,Rabi,2.82,1.55,0.55,Hectare,Tonnes,Tonne/Hectare,Black (Regur),88.9,Mountain / Forest,Entisols,Lithic Ustorthents,Clayey,Shallow,Well drained,Slightly alkaline,Alluvium,9
Maharashtra,Pune,2022-2023,Sesamum,Kharif,55.92,19.09,0.34,Hectare,Tonnes,Tonne/Hectare,Black (Regur),88.9,Mountain / Forest,Entisols,Lithic Ustorthents,Clayey,Shallow,Well drained,Slightly alkaline,Alluvium,9
Maharashtra,Pune,2022-2023,Soyabean,Kharif,44340.0,115638.0,2.61,Hectare,Tonnes,Tonne/Hectare,Black (Regur),88.9,Mountain / Forest,Entisols,Lithic Ustorthents,Clayey,Shallow,Well drained,Slightly alkaline,Alluvium,9
Maharashtra,Pune,2022-2023,Soyabean,Summer,163.05,244.58,1.5,Hectare,Tonnes,Tonne/Hectare,Black (Regur),88.9,Mountain / Forest,Entisols,Lithic Ustorthents,Clayey,Shallow,Well drained,Slightly alkaline,Alluvium,9
Maharashtra,Pune,2022-2023,Sugarcane,Whole Year,157570.0,16859990.0,107.0,Hectare,Tonnes,Tonne/Hectare,Black (Regur),88.9,Mountain / Forest,Entisols,Lithic Ustorthents,Clayey,Shallow,Well drained,Slightly alkaline,Alluvium,9
Maharashtra,Pune,2022-2023,Sunflower,Kharif,152.0,71.0,0.47,Hectare,Tonnes,Tonne/Hectare,Black (Regur),88.9,Mountain / Forest,Entisols,Lithic Ustorthents,Clayey,Shallow,Well drained,Slightly alkaline,Alluvium,9
Maharashtra,Pune,2022-2023,Sunflower,Rabi,96.63,113.07,1.17,Hectare,Tonnes,Tonne/Hectare,Black (Regur),88.9,Mountain / Forest,Entisols,Lithic Ustorthents,Clayey,Shallow,Well drained,Slightly alkaline,Alluvium,9
Maharashtra,Pune,2022-2023,Sunflower,Summer,16.0,14.0,0.88,Hectare,Tonnes,Tonne/Hectare,Black (Regur),88.9,Mountain / Forest,Entisols,Lithic Ustorthents,Clayey,Shallow,Well drained,Slightly alkaline,Alluvium,9
Maharashtra,Pune,2022-2023,Urad,Kharif,1307.64,1001.39,0.77,Hectare,Tonnes,Tonne/Hectare,Black (Regur),88.9,Mountain / Forest,Entisols,Lithic Ustorthents,Clayey,Shallow,Well drained,Slightly alkaline,Alluvium,9
Maharashtra,Pune,2022-2023,Urad,Summer,51.0,27.48,0.54,Hectare,Tonnes,Tonne/Hectare,Black (Regur),88.9,Mountain / Forest,Entisols,Lithic Ustorthents,Clayey,Shallow,Well drained,Slightly alkaline,Alluvium,9
Maharashtra,Pune,2022-2023,Wheat,Rabi,47687.58,116262.32,2.44,Hectare,Tonnes,Tonne/Hectare,Black (Regur),88.9,Mountain / Forest,Entisols,Lithic Ustorthents,Clayey,Shallow,Well drained,Slightly alkaline,Alluvium,9
Maharashtra,Pune,2022-2023,other oilseeds,Kharif,32.0,7.34,0.23,Hectare,Tonnes,Tonne/Hectare,Black (Regur),88.9,Mountain / Forest,Entisols,Lithic Ustorthents,Clayey,Shallow,Well drained,Slightly alkaline,Alluvium,9
Maharashtra,Pune,2022-2023,other oilseeds,Rabi,55.5,11.89,0.21,Hectare,Tonnes,Tonne/Hectare,Black (Regur),88.9,Mountain / Forest,Entisols,Lithic Ustorthents,Clayey,Shallow,Well drained,Slightly alkaline,Alluvium,9
Maharashtra,Pune,2022-2023,other oilseeds,Summer,4.1,1.63,0.4,Hectare,Tonnes,Tonne/Hectare,Black (Regur),88.9,Mountain / Forest,Entisols,Lithic Ustorthents,Clayey,Shallow,Well drained,Slightly alkaline,Alluvium,9
Maharashtra,Raigad,2022-2023,Arhar/Tur,Kharif,980.0,630.0,0.64,Hectare,Tonnes,Tonne/Hectare,Mountain / Forest,77.8,Red & Yellow,Inceptisols,Typic Haplustepts,Loamy,Shallow,Well drained,Slightly acidic,Basalt,9
Maharashtra,Raigad,2022-2023,Gram,Rabi,966.98,837.43,0.87,Hectare,Tonnes,Tonne/Hectare,Mountain / Forest,77.8,Red & Yellow,Inceptisols,Typic Haplustepts,Loamy,Shallow,Well drained,Slightly acidic,Basalt,9
Maharashtra,Raigad,2022-2023,Groundnut,Summer,23.0,136.0,5.91,Hectare,Tonnes,Tonne/Hectare,Mountain / Forest,77.8,Red & Yellow,Inceptisols,Typic Haplustepts,Loamy,Shallow,Well drained,Slightly acidic,Basalt,9
Maharashtra,Raigad,2022-2023,Other Cereals,Kharif,316.99,142.2,0.45,Hectare,Tonnes,Tonne/Hectare,Mountain / Forest,77.8,Red & Yellow,Inceptisols,Typic Haplustepts,Loamy,Shallow,Well drained,Slightly acidic,Basalt,9
Maharashtra,Raigad,2022-2023,Other Kharif pulses,Kharif,2.0,1.0,0.5,Hectare,Tonnes,Tonne/Hectare,Mountain / Forest,77.8,Red & Yellow,Inceptisols,Typic Haplustepts,Loamy,Shallow,Well drained,Slightly acidic,Basalt,9
Maharashtra,Raigad,2022-2023,Other Rabi pulses,Rabi,12993.52,4534.74,0.35,Hectare,Tonnes,Tonne/Hectare,Mountain / Forest,77.8,Red & Yellow,Inceptisols,Typic Haplustepts,Loamy,Shallow,Well drained,Slightly acidic,Basalt,9
Maharashtra,Raigad,2022-2023,Ragi,Kharif,4905.0,4934.0,1.01,Hectare,Tonnes,Tonne/Hectare,Mountain / Forest,77.8,Red & Yellow,Inceptisols,Typic Haplustepts,Loamy,Shallow,Well drained,Slightly acidic,Basalt,9
Maharashtra,Raigad,2022-2023,Rice,Kharif,95155.61,253990.0,2.67,Hectare,Tonnes,Tonne/Hectare,Mountain / Forest,77.8,Red & Yellow,Inceptisols,Typic Haplustepts,Loamy,Shallow,Well drained,Slightly acidic,Basalt,9
Maharashtra,Raigad,2022-2023,Rice,Summer,937.29,3797.54,4.05,Hectare,Tonnes,Tonne/Hectare,Mountain / Forest,77.8,Red & Yellow,Inceptisols,Typic Haplustepts,Loamy,Shallow,Well drained,Slightly acidic,Basalt,9
Maharashtra,Raigad,2022-2023,other oilseeds,Rabi,13.3,5.99,0.45,Hectare,Tonnes,Tonne/Hectare,Mountain / Forest,77.8,Red & Yellow,Inceptisols,Typic Haplustepts,Loamy,Shallow,Well drained,Slightly acidic,Basalt,9
Maharashtra,Ratnagiri,2022-2023,Arhar/Tur,Kharif,43.0,28.0,0.65,Hectare,Tonnes,Tonne/Hectare,Red & Yellow,66.7,Black (Regur),Inceptisols,Typic Haplustepts,Clayey,Moderately deep,Well drained,Others,Colluvium,9
Maharashtra,Ratnagiri,2022-2023,Groundnut,Kharif,11.0,10.1,0.92,Hectare,Tonnes,Tonne/Hectare,Red & Yellow,66.7,Black (Regur),Inceptisols,Typic Haplustepts,Clayey,Moderately deep,Well drained,Others,Colluvium,9
Maharashtra,Ratnagiri,2022-2023,Groundnut,Summer,32.0,75.0,2.34,Hectare,Tonnes,Tonne/Hectare,Red & Yellow,66.7,Black (Regur),Inceptisols,Typic Haplustepts,Clayey,Moderately deep,Well drained,Others,Colluvium,9
Maharashtra,Ratnagiri,2022-2023,Maize,Rabi,34.5,94.83,2.75,Hectare,Tonnes,Tonne/Hectare,Red & Yellow,66.7,Black (Regur),Inceptisols,Typic Haplustepts,Clayey,Moderately deep,Well drained,Others,Colluvium,9
Maharashtra,Ratnagiri,2022-2023,Moong(Green Gram),Summer,3.66,0.67,0.18,Hectare,Tonnes,Tonne/Hectare,Red & Yellow,66.7,Black (Regur),Inceptisols,Typic Haplustepts,Clayey,Moderately deep,Well drained,Others,Colluvium,9
Maharashtra,Ratnagiri,2022-2023,Other Cereals,Kharif,382.01,321.04,0.84,Hectare,Tonnes,Tonne/Hectare,Red & Yellow,66.7,Black (Regur),Inceptisols,Typic Haplustepts,Clayey,Moderately deep,Well drained,Others,Colluvium,9
Maharashtra,Ratnagiri,2022-2023,Other Cereals,Rabi,17.29,17.64,1.02,Hectare,Tonnes,Tonne/Hectare,Red & Yellow,66.7,Black (Regur),Inceptisols,Typic Haplustepts,Clayey,Moderately deep,Well drained,Others,Colluvium,9
Maharashtra,Ratnagiri,2022-2023,Other Kharif pulses,Kharif,39.0,22.0,0.56,Hectare,Tonnes,Tonne/Hectare,Red & Yellow,66.7,Black (Regur),Inceptisols,Typic Haplustepts,Clayey,Moderately deep,Well drained,Others,Colluvium,9
Maharashtra,Ratnagiri,2022-2023,Other Rabi pulses,Rabi,7282.13,5607.24,0.77,Hectare,Tonnes,Tonne/Hectare,Red & Yellow,66.7,Black (Regur),Inceptisols,Typic Haplustepts,Clayey,Moderately deep,Well drained,Others,Colluvium,9
Maharashtra,Ratnagiri,2022-2023,Other Summer Pulses,Summer,62.78,30.1,0.48,Hectare,Tonnes,Tonne/Hectare,Red & Yellow,66.7,Black (Regur),Inceptisols,Typic Haplustepts,Clayey,Moderately deep,Well drained,Others,Colluvium,9
Maharashtra,Ratnagiri,2022-2023,Ragi,Kharif,10050.0,14141.0,1.41,Hectare,Tonnes,Tonne/Hectare,Red & Yellow,66.7,Black (Regur),Inceptisols,Typic Haplustepts,Clayey,Moderately deep,Well drained,Others,Colluvium,9
Maharashtra,Ratnagiri,2022-2023,Rice,Kharif,69190.23,206440.0,2.98,Hectare,Tonnes,Tonne/Hectare,Red & Yellow,66.7,Black (Regur),Inceptisols,Typic Haplustepts,Clayey,Moderately deep,Well drained,Others,Colluvium,9
Maharashtra,Ratnagiri,2022-2023,Rice,Summer,10.5,37.5,3.57,Hectare,Tonnes,Tonne/Hectare,Red & Yellow,66.7,Black (Regur),Inceptisols,Typic Haplustepts,Clayey,Moderately deep,Well drained,Others,Colluvium,9
Maharashtra,Ratnagiri,2022-2023,Sesamum,Kharif,16.94,5.78,0.34,Hectare,Tonnes,Tonne/Hectare,Red & Yellow,66.7,Black (Regur),Inceptisols,Typic Haplustepts,Clayey,Moderately deep,Well drained,Others,Colluvium,9
Maharashtra,Ratnagiri,2022-2023,Sugarcane,Whole Year,19.0,1523.8,80.2,Hectare,Tonnes,Tonne/Hectare,Red & Yellow,66.7,Black (Regur),Inceptisols,Typic Haplustepts,Clayey,Moderately deep,Well drained,Others,Colluvium,9
Maharashtra,Ratnagiri,2022-2023,Urad,Summer,0.9,0.49,0.54,Hectare,Tonnes,Tonne/Hectare,Red & Yellow,66.7,Black (Regur),Inceptisols,Typic Haplustepts,Clayey,Moderately deep,Well drained,Others,Colluvium,9
Maharashtra,Ratnagiri,2022-2023,other oilseeds,Kharif,0.3,0.09,0.31,Hectare,Tonnes,Tonne/Hectare,Red & Yellow,66.7,Black (Regur),Inceptisols,Typic Haplustepts,Clayey,Moderately deep,Well drained,Others,Colluvium,9
Maharashtra,Ratnagiri,2022-2023,other oilseeds,Rabi,65.22,43.37,0.66,Hectare,Tonnes,Tonne/Hectare,Red & Yellow,66.7,Black (Regur),Inceptisols,Typic Haplustepts,Clayey,Moderately deep,Well drained,Others,Colluvium,9
Maharashtra,Ratnagiri,2022-2023,other oilseeds,Summer,0.7,0.43,0.61,Hectare,Tonnes,Tonne/Hectare,Red & Yellow,66.7,Black (Regur),Inceptisols,Typic Haplustepts,Clayey,Moderately deep,Well drained,Others,Colluvium,9
Maharashtra,Sangli,2022-2023,Arhar/Tur,Kharif,9941.0,7009.0,0.71,Hectare,Tonnes,Tonne/Hectare,Black (Regur),55.6,Red & Yellow,Entisols,Lithic Ustorthents,Clayey,Shallow,Well drained,Neutral,Basalt,9
Maharashtra,Sangli,2022-2023,Bajra,Kharif,44597.0,50007.0,1.12,Hectare,Tonnes,Tonne/Hectare,Black (Regur),55.6,Red & Yellow,Entisols,Lithic Ustorthents,Clayey,Shallow,Well drained,Neutral,Basalt,9
Maharashtra,Sangli,2022-2023,Cotton(lint),Kharif,125.0,278.79,2.23,Hectare,Bales,Bales/Hectare,Black (Regur),55.6,Red & Yellow,Entisols,Lithic Ustorthents,Clayey,Shallow,Well drained,Neutral,Basalt,9
Maharashtra,Sangli,2022-2023,Gram,Rabi,24875.12,26370.12,1.06,Hectare,Tonnes,Tonne/Hectare,Black (Regur),55.6,Red & Yellow,Entisols,Lithic Ustorthents,Clayey,Shallow,Well drained,Neutral,Basalt,9
Maharashtra,Sangli,2022-2023,Groundnut,Kharif,29913.75,36593.49,1.22,Hectare,Tonnes,Tonne/Hectare,Black (Regur),55.6,Red & Yellow,Entisols,Lithic Ustorthents,Clayey,Shallow,Well drained,Neutral,Basalt,9
Maharashtra,Sangli,2022-2023,Groundnut,Summer,585.0,677.0,1.16,Hectare,Tonnes,Tonne/Hectare,Black (Regur),55.6,Red & Yellow,Entisols,Lithic Ustorthents,Clayey,Shallow,Well drained,Neutral,Basalt,9
Maharashtra,Sangli,2022-2023,Jowar,Kharif,20010.69,12872.88,0.64,Hectare,Tonnes,Tonne/Hectare,Black (Regur),55.6,Red & Yellow,Entisols,Lithic Ustorthents,Clayey,Shallow,Well drained,Neutral,Basalt,9
Maharashtra,Sangli,2022-2023,Jowar,Rabi,124431.22,122740.2,0.99,Hectare,Tonnes,Tonne/Hectare,Black (Regur),55.6,Red & Yellow,Entisols,Lithic Ustorthents,Clayey,Shallow,Well drained,Neutral,Basalt,9
Maharashtra,Sangli,2022-2023,Maize,Kharif,44393.0,127546.0,2.87,Hectare,Tonnes,Tonne/Hectare,Black (Regur),55.6,Red & Yellow,Entisols,Lithic Ustorthents,Clayey,Shallow,Well drained,Neutral,Basalt,9
Maharashtra,Sangli,2022-2023,Maize,Rabi,23699.42,74233.69,3.13,Hectare,Tonnes,Tonne/Hectare,Black (Regur),55.6,Red & Yellow,Entisols,Lithic Ustorthents,Clayey,Shallow,Well drained,Neutral,Basalt,9
Maharashtra,Sangli,2022-2023,Maize,Summer,1231.92,3471.55,2.82,Hectare,Tonnes,Tonne/Hectare,Black (Regur),55.6,Red & Yellow,Entisols,Lithic Ustorthents,Clayey,Shallow,Well drained,Neutral,Basalt,9
Maharashtra,Sangli,2022-2023,Moong(Green Gram),Kharif,5674.1,3214.95,0.57,Hectare,Tonnes,Tonne/Hectare,Black (Regur),55.6,Red & Yellow,Entisols,Lithic Ustorthents,Clayey,Shallow,Well drained,Neutral,Basalt,9
Maharashtra,Sangli,2022-2023,Other Cereals,Kharif,2604.0,527.83,0.2,Hectare,Tonnes,Tonne/Hectare,Black (Regur),55.6,Red & Yellow,Entisols,Lithic Ustorthents,Clayey,Shallow,Well drained,Neutral,Basalt,9
Maharashtra,Sangli,2022-2023,Other Cereals,Rabi,3.0,0.84,0.28,Hectare,Tonnes,Tonne/Hectare,Black (Regur),55.6,Red & Yellow,Entisols,Lithic Ustorthents,Clayey,Shallow,Well drained,Neutral,Basalt,9
Maharashtra,Sangli,2022-2023,Other Kharif pulses,Kharif,6047.0,2079.0,0.34,Hectare,Tonnes,Tonne/Hectare,Black (Regur),55.6,Red & Yellow,Entisols,Lithic Ustorthents,Clayey,Shallow,Well drained,Neutral,Basalt,9
Maharashtra,Sangli,2022-2023,Other Rabi pulses,Rabi,685.0,359.63,0.53,Hectare,Tonnes,Tonne/Hectare,Black (Regur),55.6,Red & Yellow,Entisols,Lithic Ustorthents,Clayey,Shallow,Well drained,Neutral,Basalt,9
Maharashtra,Sangli,2022-2023,Ragi,Kharif,136.0,284.0,2.09,Hectare,Tonnes,Tonne/Hectare,Black (Regur),55.6,Red & Yellow,Entisols,Lithic Ustorthents,Clayey,Shallow,Well drained,Neutral,Basalt,9
Maharashtra,Sangli,2022-2023,Rice,Kharif,14704.8,38937.54,2.65,Hectare,Tonnes,Tonne/Hectare,Black (Regur),55.6,Red & Yellow,Entisols,Lithic Ustorthents,Clayey,Shallow,Well drained,Neutral,Basalt,9
Maharashtra,Sangli,2022-2023,Sesamum,Kharif,3.0,1.02,0.34,Hectare,Tonnes,Tonne/Hectare,Black (Regur),55.6,Red & Yellow,Entisols,Lithic Ustorthents,Clayey,Shallow,Well drained,Neutral,Basalt,9
Maharashtra,Sangli,2022-2023,Soyabean,Kharif,44271.0,66579.0,1.5,Hectare,Tonnes,Tonne/Hectare,Black (Regur),55.6,Red & Yellow,Entisols,Lithic Ustorthents,Clayey,Shallow,Well drained,Neutral,Basalt,9
Maharashtra,Sangli,2022-2023,Soyabean,Summer,24.0,35.88,1.5,Hectare,Tonnes,Tonne/Hectare,Black (Regur),55.6,Red & Yellow,Entisols,Lithic Ustorthents,Clayey,Shallow,Well drained,Neutral,Basalt,9
Maharashtra,Sangli,2022-2023,Sugarcane,Whole Year,137585.0,14226289.0,103.4,Hectare,Tonnes,Tonne/Hectare,Black (Regur),55.6,Red & Yellow,Entisols,Lithic Ustorthents,Clayey,Shallow,Well drained,Neutral,Basalt,9
Maharashtra,Sangli,2022-2023,Sunflower,Kharif,1096.0,629.0,0.57,Hectare,Tonnes,Tonne/Hectare,Black (Regur),55.6,Red & Yellow,Entisols,Lithic Ustorthents,Clayey,Shallow,Well drained,Neutral,Basalt,9
Maharashtra,Sangli,2022-2023,Sunflower,Rabi,22.0,25.74,1.17,Hectare,Tonnes,Tonne/Hectare,Black (Regur),55.6,Red & Yellow,Entisols,Lithic Ustorthents,Clayey,Shallow,Well drained,Neutral,Basalt,9
Maharashtra,Sangli,2022-2023,Urad,Kharif,18027.34,10920.96,0.61,Hectare,Tonnes,Tonne/Hectare,Black (Regur),55.6,Red & Yellow,Entisols,Lithic Ustorthents,Clayey,Shallow,Well drained,Neutral,Basalt,9
Maharashtra,Sangli,2022-2023,Wheat,Rabi,20124.21,45490.78,2.26,Hectare,Tonnes,Tonne/Hectare,Black (Regur),55.6,Red & Yellow,Entisols,Lithic Ustorthents,Clayey,Shallow,Well drained,Neutral,Basalt,9
Maharashtra,Sangli,2022-2023,other oilseeds,Kharif,21.0,4.4,0.21,Hectare,Tonnes,Tonne/Hectare,Black (Regur),55.6,Red & Yellow,Entisols,Lithic Ustorthents,Clayey,Shallow,Well drained,Neutral,Basalt,9
Maharashtra,Sangli,2022-2023,other oilseeds,Rabi,9.0,1.58,0.18,Hectare,Tonnes,Tonne/Hectare,Black (Regur),55.6,Red & Yellow,Entisols,Lithic Ustorthents,Clayey,Shallow,Well drained,Neutral,Basalt,9
Maharashtra,Satara,2022-2023,Arhar/Tur,Kharif,1122.0,978.0,0.87,Hectare,Tonnes,Tonne/Hectare,Red & Yellow,77.8,Alluvial,Entisols,Lithic Ustorthents,Loamy,Shallow,Well drained,Others,,9
Maharashtra,Satara,2022-2023,Bajra,Kharif,45453.0,30513.0,0.67,Hectare,Tonnes,Tonne/Hectare,Red & Yellow,77.8,Alluvial,Entisols,Lithic Ustorthents,Loamy,Shallow,Well drained,Others,,9
Maharashtra,Satara,2022-2023,Bajra,Summer,981.0,392.4,0.4,Hectare,Tonnes,Tonne/Hectare,Red & Yellow,77.8,Alluvial,Entisols,Lithic Ustorthents,Loamy,Shallow,Well drained,Others,,9
Maharashtra,Satara,2022-2023,Cotton(lint),Kharif,503.36,1088.81,2.16,Hectare,Bales,Bales/Hectare,Red & Yellow,77.8,Alluvial,Entisols,Lithic Ustorthents,Loamy,Shallow,Well drained,Others,,9
Maharashtra,Satara,2022-2023,Gram,Rabi,33916.31,32479.95,0.96,Hectare,Tonnes,Tonne/Hectare,Red & Yellow,77.8,Alluvial,Entisols,Lithic Ustorthents,Loamy,Shallow,Well drained,Others,,9
Maharashtra,Satara,2022-2023,Groundnut,Kharif,31133.35,46762.29,1.5,Hectare,Tonnes,Tonne/Hectare,Red & Yellow,77.8,Alluvial,Entisols,Lithic Ustorthents,Loamy,Shallow,Well drained,Others,,9
Maharashtra,Satara,2022-2023,Groundnut,Summer,2957.0,5048.0,1.71,Hectare,Tonnes,Tonne/Hectare,Red & Yellow,77.8,Alluvial,Entisols,Lithic Ustorthents,Loamy,Shallow,Well drained,Others,,9
Maharashtra,Satara,2022-2023,Jowar,Kharif,12638.8,18153.11,1.44,Hectare,Tonnes,Tonne/Hectare,Red & Yellow,77.8,Alluvial,Entisols,Lithic Ustorthents,Loamy,Shallow,Well drained,Others,,9
Maharashtra,Satara,2022-2023,Jowar,Rabi,112894.96,115350.43,1.02,Hectare,Tonnes,Tonne/Hectare,Red & Yellow,77.8,Alluvial,Entisols,Lithic Ustorthents,Loamy,Shallow,Well drained,Others,,9
Maharashtra,Satara,2022-2023,Maize,Kharif,21437.0,51690.0,2.41,Hectare,Tonnes,Tonne/Hectare,Red & Yellow,77.8,Alluvial,Entisols,Lithic Ustorthents,Loamy,Shallow,Well drained,Others,,9
Maharashtra,Satara,2022-2023,Maize,Rabi,20153.01,34667.21,1.72,Hectare,Tonnes,Tonne/Hectare,Red & Yellow,77.8,Alluvial,Entisols,Lithic Ustorthents,Loamy,Shallow,Well drained,Others,,9
Maharashtra,Satara,2022-2023,Maize,Summer,1076.48,2260.61,2.1,Hectare,Tonnes,Tonne/Hectare,Red & Yellow,77.8,Alluvial,Entisols,Lithic Ustorthents,Loamy,Shallow,Well drained,Others,,9
Maharashtra,Satara,2022-2023,Moong(Green Gram),Kharif,11966.96,12328.36,1.03,Hectare,Tonnes,Tonne/Hectare,Red & Yellow,77.8,Alluvial,Entisols,Lithic Ustorthents,Loamy,Shallow,Well drained,Others,,9
Maharashtra,Satara,2022-2023,Niger seed,Kharif,582.0,265.4,0.46,Hectare,Tonnes,Tonne/Hectare,Red & Yellow,77.8,Alluvial,Entisols,Lithic Ustorthents,Loamy,Shallow,Well drained,Others,,9
Maharashtra,Satara,2022-2023,Other Cereals,Kharif,298.0,149.0,0.5,Hectare,Tonnes,Tonne/Hectare,Red & Yellow,77.8,Alluvial,Entisols,Lithic Ustorthents,Loamy,Shallow,Well drained,Others,,9
Maharashtra,Satara,2022-2023,Other Cereals,Rabi,168.0,79.8,0.48,Hectare,Tonnes,Tonne/Hectare,Red & Yellow,77.8,Alluvial,Entisols,Lithic Ustorthents,Loamy,Shallow,Well drained,Others,,9
Maharashtra,Satara,2022-2023,Other Kharif pulses,Kharif,44573.0,57945.0,1.3,Hectare,Tonnes,Tonne/Hectare,Red & Yellow,77.8,Alluvial,Entisols,Lithic Ustorthents,Loamy,Shallow,Well drained,Others,,9
Maharashtra,Satara,2022-2023,Other Rabi pulses,Rabi,2564.0,1243.54,0.49,Hectare,Tonnes,Tonne/Hectare,Red & Yellow,77.8,Alluvial,Entisols,Lithic Ustorthents,Loamy,Shallow,Well drained,Others,,9
Maharashtra,Satara,2022-2023,Other Summer Pulses,Summer,21.0,12.36,0.59,Hectare,Tonnes,Tonne/Hectare,Red & Yellow,77.8,Alluvial,Entisols,Lithic Ustorthents,Loamy,Shallow,Well drained,Others,,9
Maharashtra,Satara,2022-2023,Ragi,Kharif,4916.0,5565.0,1.13,Hectare,Tonnes,Tonne/Hectare,Red & Yellow,77.8,Alluvial,Entisols,Lithic Ustorthents,Loamy,Shallow,Well drained,Others,,9
Maharashtra,Satara,2022-2023,Rice,Kharif,47710.76,93200.74,1.95,Hectare,Tonnes,Tonne/Hectare,Red & Yellow,77.8,Alluvial,Entisols,Lithic Ustorthents,Loamy,Shallow,Well drained,Others,,9
Maharashtra,Satara,2022-2023,Safflower,Rabi,25.0,3.01,0.12,Hectare,Tonnes,Tonne/Hectare,Red & Yellow,77.8,Alluvial,Entisols,Lithic Ustorthents,Loamy,Shallow,Well drained,Others,,9
Maharashtra,Satara,2022-2023,Soyabean,Kharif,85795.0,184186.0,2.15,Hectare,Tonnes,Tonne/Hectare,Red & Yellow,77.8,Alluvial,Entisols,Lithic Ustorthents,Loamy,Shallow,Well drained,Others,,9
Maharashtra,Satara,2022-2023,Soyabean,Summer,80.0,117.6,1.47,Hectare,Tonnes,Tonne/Hectare,Red & Yellow,77.8,Alluvial,Entisols,Lithic Ustorthents,Loamy,Shallow,Well drained,Others,,9
Maharashtra,Satara,2022-2023,Sugarcane,Whole Year,116625.0,12747112.5,109.3,Hectare,Tonnes,Tonne/Hectare,Red & Yellow,77.8,Alluvial,Entisols,Lithic Ustorthents,Loamy,Shallow,Well drained,Others,,9
Maharashtra,Satara,2022-2023,Sunflower,Kharif,76.0,44.0,0.58,Hectare,Tonnes,Tonne/Hectare,Red & Yellow,77.8,Alluvial,Entisols,Lithic Ustorthents,Loamy,Shallow,Well drained,Others,,9
Maharashtra,Satara,2022-2023,Sunflower,Rabi,55.0,64.36,1.17,Hectare,Tonnes,Tonne/Hectare,Red & Yellow,77.8,Alluvial,Entisols,Lithic Ustorthents,Loamy,Shallow,Well drained,Others,,9
Maharashtra,Satara,2022-2023,Sunflower,Summer,61.0,52.0,0.85,Hectare,Tonnes,Tonne/Hectare,Red & Yellow,77.8,Alluvial,Entisols,Lithic Ustorthents,Loamy,Shallow,Well drained,Others,,9
Maharashtra,Satara,2022-2023,Urad,Kharif,3929.55,4282.03,1.09,Hectare,Tonnes,Tonne/Hectare,Red & Yellow,77.8,Alluvial,Entisols,Lithic Ustorthents,Loamy,Shallow,Well drained,Others,,9
Maharashtra,Satara,2022-2023,Wheat,Rabi,44542.46,104153.63,2.34,Hectare,Tonnes,Tonne/Hectare,Red & Yellow,77.8,Alluvial,Entisols,Lithic Ustorthents,Loamy,Shallow,Well drained,Others,,9
Maharashtra,Satara,2022-2023,other oilseeds,Kharif,51.0,25.5,0.5,Hectare,Tonnes,Tonne/Hectare,Red & Yellow,77.8,Alluvial,Entisols,Lithic Ustorthents,Loamy,Shallow,Well drained,Others,,9
Maharashtra,Satara,2022-2023,other oilseeds,Rabi,91.0,22.75,0.25,Hectare,Tonnes,Tonne/Hectare,Red & Yellow,77.8,Alluvial,Entisols,Lithic Ustorthents,Loamy,Shallow,Well drained,Others,,9
Maharashtra,Sindhudurg,2022-2023,Groundnut,Kharif,541.44,496.99,0.92,Hectare,Tonnes,Tonne/Hectare,Red & Yellow,88.9,Mountain / Forest,Inceptisols,Typic Haplustepts,Loamy,Moderately deep,Well drained,Slightly acidic,Colluvium,9
Maharashtra,Sindhudurg,2022-2023,Groundnut,Summer,2158.0,4946.0,2.29,Hectare,Tonnes,Tonne/Hectare,Red & Yellow,88.9,Mountain / Forest,Inceptisols,Typic Haplustepts,Loamy,Moderately deep,Well drained,Slightly acidic,Colluvium,9
Maharashtra,Sindhudurg,2022-2023,Maize,Rabi,404.0,1110.43,2.75,Hectare,Tonnes,Tonne/Hectare,Red & Yellow,88.9,Mountain / Forest,Inceptisols,Typic Haplustepts,Loamy,Moderately deep,Well drained,Slightly acidic,Colluvium,9
Maharashtra,Sindhudurg,2022-2023,Maize,Summer,163.0,379.51,2.33,Hectare,Tonnes,Tonne/Hectare,Red & Yellow,88.9,Mountain / Forest,Inceptisols,Typic Haplustepts,Loamy,Moderately deep,Well drained,Slightly acidic,Colluvium,9
Maharashtra,Sindhudurg,2022-2023,Other Cereals,Kharif,39.0,19.73,0.51,Hectare,Tonnes,Tonne/Hectare,Red & Yellow,88.9,Mountain / Forest,Inceptisols,Typic Haplustepts,Loamy,Moderately deep,Well drained,Slightly acidic,Colluvium,9
Maharashtra,Sindhudurg,2022-2023,Other Cereals,Rabi,844.0,779.65,0.92,Hectare,Tonnes,Tonne/Hectare,Red & Yellow,88.9,Mountain / Forest,Inceptisols,Typic Haplustepts,Loamy,Moderately deep,Well drained,Slightly acidic,Colluvium,9
Maharashtra,Sindhudurg,2022-2023,Other Cereals,Summer,199.0,179.1,0.9,Hectare,Tonnes,Tonne/Hectare,Red & Yellow,88.9,Mountain / Forest,Inceptisols,Typic Haplustepts,Loamy,Moderately deep,Well drained,Slightly acidic,Colluvium,9
Maharashtra,Sindhudurg,2022-2023,Other Kharif pulses,Kharif,358.0,236.0,0.66,Hectare,Tonnes,Tonne/Hectare,Red & Yellow,88.9,Mountain / Forest,Inceptisols,Typic Haplustepts,Loamy,Moderately deep,Well drained,Slightly acidic,Colluvium,9
Maharashtra,Sindhudurg,2022-2023,Other Rabi pulses,Rabi,5675.0,3562.77,0.63,Hectare,Tonnes,Tonne/Hectare,Red & Yellow,88.9,Mountain / Forest,Inceptisols,Typic Haplustepts,Loamy,Moderately deep,Well drained,Slightly acidic,Colluvium,9
Maharashtra,Sindhudurg,2022-2023,Ragi,Kharif,1284.0,2350.0,1.83,Hectare,Tonnes,Tonne/Hectare,Red & Yellow,88.9,Mountain / Forest,Inceptisols,Typic Haplustepts,Loamy,Moderately deep,Well drained,Slightly acidic,Colluvium,9
Maharashtra,Sindhudurg,2022-2023,Rice,Kharif,62063.18,166240.0,2.68,Hectare,Tonnes,Tonne/Hectare,Red & Yellow,88.9,Mountain / Forest,Inceptisols,Typic Haplustepts,Loamy,Moderately deep,Well drained,Slightly acidic,Colluvium,9
Maharashtra,Sindhudurg,2022-2023,Rice,Summer,1551.0,6134.22,3.96,Hectare,Tonnes,Tonne/Hectare,Red & Yellow,88.9,Mountain / Forest,Inceptisols,Typic Haplustepts,Loamy,Moderately deep,Well drained,Slightly acidic,Colluvium,9
Maharashtra,Sindhudurg,2022-2023,Sesamum,Summer,74.0,15.0,0.2,Hectare,Tonnes,Tonne/Hectare,Red & Yellow,88.9,Mountain / Forest,Inceptisols,Typic Haplustepts,Loamy,Moderately deep,Well drained,Slightly acidic,Colluvium,9
Maharashtra,Sindhudurg,2022-2023,Sugarcane,Whole Year,1236.0,99127.2,80.2,Hectare,Tonnes,Tonne/Hectare,Red & Yellow,88.9,Mountain / Forest,Inceptisols,Typic Haplustepts,Loamy,Moderately deep,Well drained,Slightly acidic,Colluvium,9
Maharashtra,Sindhudurg,2022-2023,Urad,Kharif,10.0,5.4,0.54,Hectare,Tonnes,Tonne/Hectare,Red & Yellow,88.9,Mountain / Forest,Inceptisols,Typic Haplustepts,Loamy,Moderately deep,Well drained,Slightly acidic,Colluvium,9
Maharashtra,Sindhudurg,2022-2023,other oilseeds,Rabi,1066.0,633.56,0.59,Hectare,Tonnes,Tonne/Hectare,Red & Yellow,88.9,Mountain / Forest,Inceptisols,Typic Haplustepts,Loamy,Moderately deep,Well drained,Slightly acidic,Colluvium,9
Maharashtra,Sindhudurg,2022-2023,other oilseeds,Summer,131.0,79.48,0.61,Hectare,Tonnes,Tonne/Hectare,Red & Yellow,88.9,Mountain / Forest,Inceptisols,Typic Haplustepts,Loamy,Moderately deep,Well drained,Slightly acidic,Colluvium,9
Maharashtra,Solapur,2022-2023,Arhar/Tur,Kharif,62818.0,33495.0,0.53,Hectare,Tonnes,Tonne/Hectare,Black (Regur),55.6,Mountain / Forest,Vertisols,Chromic Haplusterts,Clayey,Very deep,Moderately well drained,Slightly alkaline,Alluvium,9
Maharashtra,Solapur,2022-2023,Bajra,Kharif,49448.0,20712.0,0.42,Hectare,Tonnes,Tonne/Hectare,Black (Regur),55.6,Mountain / Forest,Vertisols,Chromic Haplusterts,Clayey,Very deep,Moderately well drained,Slightly alkaline,Alluvium,9
Maharashtra,Solapur,2022-2023,Bajra,Summer,64.0,58.24,0.91,Hectare,Tonnes,Tonne/Hectare,Black (Regur),55.6,Mountain / Forest,Vertisols,Chromic Haplusterts,Clayey,Very deep,Moderately well drained,Slightly alkaline,Alluvium,9
Maharashtra,Solapur,2022-2023,Cotton(lint),Kharif,413.96,667.8,1.61,Hectare,Bales,Bales/Hectare,Black (Regur),55.6,Mountain / Forest,Vertisols,Chromic Haplusterts,Clayey,Very deep,Moderately well drained,Slightly alkaline,Alluvium,9
Maharashtra,Solapur,2022-2023,Gram,Rabi,93995.97,66470.19,0.71,Hectare,Tonnes,Tonne/Hectare,Black (Regur),55.6,Mountain / Forest,Vertisols,Chromic Haplusterts,Clayey,Very deep,Moderately well drained,Slightly alkaline,Alluvium,9
Maharashtra,Solapur,2022-2023,Groundnut,Kharif,3142.02,1228.84,0.39,Hectare,Tonnes,Tonne/Hectare,Black (Regur),55.6,Mountain / Forest,Vertisols,Chromic Haplusterts,Clayey,Very deep,Moderately well drained,Slightly alkaline,Alluvium,9
Maharashtra,Solapur,2022-2023,Groundnut,Summer,4346.0,6010.0,1.38,Hectare,Tonnes,Tonne/Hectare,Black (Regur),55.6,Mountain / Forest,Vertisols,Chromic Haplusterts,Clayey,Very deep,Moderately well drained,Slightly alkaline,Alluvium,9
Maharashtra,Solapur,2022-2023,Jowar,Kharif,313.64,156.14,0.5,Hectare,Tonnes,Tonne/Hectare,Black (Regur),55.6,Mountain / Forest,Vertisols,Chromic Haplusterts,Clayey,Very deep,Moderately well drained,Slightly alkaline,Alluvium,9
Maharashtra,Solapur,2022-2023,Jowar,Rabi,251430.71,195660.86,0.78,Hectare,Tonnes,Tonne/Hectare,Black (Regur),55.6,Mountain / Forest,Vertisols,Chromic Haplusterts,Clayey,Very deep,Moderately well drained,Slightly alkaline,Alluvium,9
Maharashtra,Solapur,2022-2023,Linseed,Rabi,24.94,9.41,0.38,Hectare,Tonnes,Tonne/Hectare,Black (Regur),55.6,Mountain / Forest,Vertisols,Chromic Haplusterts,Clayey,Very deep,Moderately well drained,Slightly alkaline,Alluvium,9
Maharashtra,Solapur,2022-2023,Maize,Kharif,45110.0,101398.0,2.25,Hectare,Tonnes,Tonne/Hectare,Black (Regur),55.6,Mountain / Forest,Vertisols,Chromic Haplusterts,Clayey,Very deep,Moderately well drained,Slightly alkaline,Alluvium,9
Maharashtra,Solapur,2022-2023,Maize,Rabi,64532.28,159717.39,2.48,Hectare,Tonnes,Tonne/Hectare,Black (Regur),55.6,Mountain / Forest,Vertisols,Chromic Haplusterts,Clayey,Very deep,Moderately well drained,Slightly alkaline,Alluvium,9
Maharashtra,Solapur,2022-2023,Maize,Summer,9667.41,15537.46,1.61,Hectare,Tonnes,Tonne/Hectare,Black (Regur),55.6,Mountain / Forest,Vertisols,Chromic Haplusterts,Clayey,Very deep,Moderately well drained,Slightly alkaline,Alluvium,9
Maharashtra,Solapur,2022-2023,Moong(Green Gram),Kharif,10500.98,4480.77,0.43,Hectare,Tonnes,Tonne/Hectare,Black (Regur),55.6,Mountain / Forest,Vertisols,Chromic Haplusterts,Clayey,Very deep,Moderately well drained,Slightly alkaline,Alluvium,9
Maharashtra,Solapur,2022-2023,Moong(Green Gram),Summer,9.0,1.66,0.18,Hectare,Tonnes,Tonne/Hectare,Black (Regur),55.6,Mountain / Forest,Vertisols,Chromic Haplusterts,Clayey,Very deep,Moderately well drained,Slightly alkaline,Alluvium,9
Maharashtra,Solapur,2022-2023,Niger seed,Kharif,8.32,3.79,0.46,Hectare,Tonnes,Tonne/Hectare,Black (Regur),55.6,Mountain / Forest,Vertisols,Chromic Haplusterts,Clayey,Very deep,Moderately well drained,Slightly alkaline,Alluvium,9
Maharashtra,Solapur,2022-2023,Other Kharif pulses,Kharif,316.0,92.0,0.29,Hectare,Tonnes,Tonne/Hectare,Black (Regur),55.6,Mountain / Forest,Vertisols,Chromic Haplusterts,Clayey,Very deep,Moderately well drained,Slightly alkaline,Alluvium,9
Maharashtra,Solapur,2022-2023,Other Rabi pulses,Rabi,33.0,12.21,0.37,Hectare,Tonnes,Tonne/Hectare,Black (Regur),55.6,Mountain / Forest,Vertisols,Chromic Haplusterts,Clayey,Very deep,Moderately well drained,Slightly alkaline,Alluvium,9
Maharashtra,Solapur,2022-2023,Other Summer Pulses,Summer,1.0,0.76,0.76,Hectare,Tonnes,Tonne/Hectare,Black (Regur),55.6,Mountain / Forest,Vertisols,Chromic Haplusterts,Clayey,Very deep,Moderately well drained,Slightly alkaline,Alluvium,9
Maharashtra,Solapur,2022-2023,Rice,Summer,8.75,34.61,3.95,Hectare,Tonnes,Tonne/Hectare,Black (Regur),55.6,Mountain / Forest,Vertisols,Chromic Haplusterts,Clayey,Very deep,Moderately well drained,Slightly alkaline,Alluvium,9
Maharashtra,Solapur,2022-2023,Safflower,Rabi,1224.27,792.96,0.65,Hectare,Tonnes,Tonne/Hectare,Black (Regur),55.6,Mountain / Forest,Vertisols,Chromic Haplusterts,Clayey,Very deep,Moderately well drained,Slightly alkaline,Alluvium,9
Maharashtra,Solapur,2022-2023,Sesamum,Kharif,132.16,45.11,0.34,Hectare,Tonnes,Tonne/Hectare,Black (Regur),55.6,Mountain / Forest,Vertisols,Chromic Haplusterts,Clayey,Very deep,Moderately well drained,Slightly alkaline,Alluvium,9
Maharashtra,Solapur,2022-2023,Sesamum,Summer,1.0,0.2,0.2,Hectare,Tonnes,Tonne/Hectare,Black (Regur),55.6,Mountain / Forest,Vertisols,Chromic Haplusterts,Clayey,Very deep,Moderately well drained,Slightly alkaline,Alluvium,9
Maharashtra,Solapur,2022-2023,Soyabean,Kharif,86495.0,80432.0,0.93,Hectare,Tonnes,Tonne/Hectare,Black (Regur),55.6,Mountain / Forest,Vertisols,Chromic Haplusterts,Clayey,Very deep,Moderately well drained,Slightly alkaline,Alluvium,9
Maharashtra,Solapur,2022-2023,Soyabean,Summer,342.5,513.75,1.5,Hectare,Tonnes,Tonne/Hectare,Black (Regur),55.6,Mountain / Forest,Vertisols,Chromic Haplusterts,Clayey,Very deep,Moderately well drained,Slightly alkaline,Alluvium,9
Maharashtra,Solapur,2022-2023,Sugarcane,Whole Year,230050.0,20058059.5,87.19,Hectare,Tonnes,Tonne/Hectare,Black (Regur),55.6,Mountain / Forest,Vertisols,Chromic Haplusterts,Clayey,Very deep,Moderately well drained,Slightly alkaline,Alluvium,9
Maharashtra,Solapur,2022-2023,Sunflower,Kharif,2237.0,1044.0,0.47,Hectare,Tonnes,Tonne/Hectare,Black (Regur),55.6,Mountain / Forest,Vertisols,Chromic Haplusterts,Clayey,Very deep,Moderately well drained,Slightly alkaline,Alluvium,9
Maharashtra,Solapur,2022-2023,Sunflower,Rabi,466.08,565.36,1.21,Hectare,Tonnes,Tonne/Hectare,Black (Regur),55.6,Mountain / Forest,Vertisols,Chromic Haplusterts,Clayey,Very deep,Moderately well drained,Slightly alkaline,Alluvium,9
Maharashtra,Solapur,2022-2023,Sunflower,Summer,67.0,57.0,0.85,Hectare,Tonnes,Tonne/Hectare,Black (Regur),55.6,Mountain / Forest,Vertisols,Chromic Haplusterts,Clayey,Very deep,Moderately well drained,Slightly alkaline,Alluvium,9
Maharashtra,Solapur,2022-2023,Urad,Kharif,43099.32,20541.14,0.48,Hectare,Tonnes,Tonne/Hectare,Black (Regur),55.6,Mountain / Forest,Vertisols,Chromic Haplusterts,Clayey,Very deep,Moderately well drained,Slightly alkaline,Alluvium,9
Maharashtra,Solapur,2022-2023,Urad,Summer,21.0,11.32,0.54,Hectare,Tonnes,Tonne/Hectare,Black (Regur),55.6,Mountain / Forest,Vertisols,Chromic Haplusterts,Clayey,Very deep,Moderately well drained,Slightly alkaline,Alluvium,9
Maharashtra,Solapur,2022-2023,Wheat,Rabi,84845.01,132188.53,1.56,Hectare,Tonnes,Tonne/Hectare,Black (Regur),55.6,Mountain / Forest,Vertisols,Chromic Haplusterts,Clayey,Very deep,Moderately well drained,Slightly alkaline,Alluvium,9
Maharashtra,Solapur,2022-2023,other oilseeds,Rabi,375.0,79.36,0.21,Hectare,Tonnes,Tonne/Hectare,Black (Regur),55.6,Mountain / Forest,Vertisols,Chromic Haplusterts,Clayey,Very deep,Moderately well drained,Slightly alkaline,Alluvium,9
Maharashtra,Thane,2022-2023,Arhar/Tur,Kharif,1256.0,806.0,0.64,Hectare,Tonnes,Tonne/Hectare,Mountain / Forest,66.7,Red & Yellow,Inceptisols,Typic Haplustepts,Loamy,Shallow,Well drained,Slightly acidic,Basalt,9
Maharashtra,Thane,2022-2023,Gram,Rabi,3356.96,2907.23,0.87,Hectare,Tonnes,Tonne/Hectare,Mountain / Forest,66.7,Red & Yellow,Inceptisols,Typic Haplustepts,Loamy,Shallow,Well drained,Slightly acidic,Basalt,9
Maharashtra,Thane,2022-2023,Groundnut,Summer,21.0,49.0,2.33,Hectare,Tonnes,Tonne/Hectare,Mountain / Forest,66.7,Red & Yellow,Inceptisols,Typic Haplustepts,Loamy,Shallow,Well drained,Slightly acidic,Basalt,9
Maharashtra,Thane,2022-2023,Jowar,Rabi,27.5,18.4,0.67,Hectare,Tonnes,Tonne/Hectare,Mountain / Forest,66.7,Red & Yellow,Inceptisols,Typic Haplustepts,Loamy,Shallow,Well drained,Slightly acidic,Basalt,9
Maharashtra,Thane,2022-2023,Maize,Rabi,103.85,285.44,2.75,Hectare,Tonnes,Tonne/Hectare,Mountain / Forest,66.7,Red & Yellow,Inceptisols,Typic Haplustepts,Loamy,Shallow,Well drained,Slightly acidic,Basalt,9
Maharashtra,Thane,2022-2023,Maize,Summer,75.0,174.62,2.33,Hectare,Tonnes,Tonne/Hectare,Mountain / Forest,66.7,Red & Yellow,Inceptisols,Typic Haplustepts,Loamy,Shallow,Well drained,Slightly acidic,Basalt,9
Maharashtra,Thane,2022-2023,Niger seed,Kharif,81.0,36.94,0.46,Hectare,Tonnes,Tonne/Hectare,Mountain / Forest,66.7,Red & Yellow,Inceptisols,Typic Haplustepts,Loamy,Shallow,Well drained,Slightly acidic,Basalt,9
Maharashtra,Thane,2022-2023,Other Cereals,Kharif,1802.4,1441.92,0.8,Hectare,Tonnes,Tonne/Hectare,Mountain / Forest,66.7,Red & Yellow,Inceptisols,Typic Haplustepts,Loamy,Shallow,Well drained,Slightly acidic,Basalt,9
Maharashtra,Thane,2022-2023,Other Kharif pulses,Kharif,53.0,40.0,0.75,Hectare,Tonnes,Tonne/Hectare,Mountain / Forest,66.7,Red & Yellow,Inceptisols,Typic Haplustepts,Loamy,Shallow,Well drained,Slightly acidic,Basalt,9
Maharashtra,Thane,2022-2023,Other Rabi pulses,Rabi,2965.38,2520.57,0.85,Hectare,Tonnes,Tonne/Hectare,Mountain / Forest,66.7,Red & Yellow,Inceptisols,Typic Haplustepts,Loamy,Shallow,Well drained,Slightly acidic,Basalt,9
Maharashtra,Thane,2022-2023,Ragi,Kharif,2302.0,2364.0,1.03,Hectare,Tonnes,Tonne/Hectare,Mountain / Forest,66.7,Red & Yellow,Inceptisols,Typic Haplustepts,Loamy,Shallow,Well drained,Slightly acidic,Basalt,9
Maharashtra,Thane,2022-2023,Rice,Kharif,54889.22,146850.0,2.68,Hectare,Tonnes,Tonne/Hectare,Mountain / Forest,66.7,Red & Yellow,Inceptisols,Typic Haplustepts,Loamy,Shallow,Well drained,Slightly acidic,Basalt,9
Maharashtra,Thane,2022-2023,Rice,Summer,54.72,131.83,2.41,Hectare,Tonnes,Tonne/Hectare,Mountain / Forest,66.7,Red & Yellow,Inceptisols,Typic Haplustepts,Loamy,Shallow,Well drained,Slightly acidic,Basalt,9
Maharashtra,Thane,2022-2023,Sesamum,Rabi,60.3,20.2,0.34,Hectare,Tonnes,Tonne/Hectare,Mountain / Forest,66.7,Red & Yellow,Inceptisols,Typic Haplustepts,Loamy,Shallow,Well drained,Slightly acidic,Basalt,9
Maharashtra,Thane,2022-2023,Sugarcane,Whole Year,11.0,882.2,80.2,Hectare,Tonnes,Tonne/Hectare,Mountain / Forest,66.7,Red & Yellow,Inceptisols,Typic Haplustepts,Loamy,Shallow,Well drained,Slightly acidic,Basalt,9
Maharashtra,Thane,2022-2023,Urad,Kharif,577.08,594.74,1.03,Hectare,Tonnes,Tonne/Hectare,Mountain / Forest,66.7,Red & Yellow,Inceptisols,Typic Haplustepts,Loamy,Shallow,Well drained,Slightly acidic,Basalt,9
Maharashtra,Thane,2022-2023,other oilseeds,Rabi,30.08,14.08,0.47,Hectare,Tonnes,Tonne/Hectare,Mountain / Forest,66.7,Red & Yellow,Inceptisols,Typic Haplustepts,Loamy,Shallow,Well drained,Slightly acidic,Basalt,9
Maharashtra,Wardha,2022-2023,Arhar/Tur,Kharif,76863.0,50153.0,0.65,Hectare,Tonnes,Tonne/Hectare,Black (Regur),100.0,,Vertisols,Chromic Haplusterts,Clayey,Very deep,Moderately well drained,Neutral,Alluvium,9
Maharashtra,Wardha,2022-2023,Cotton(lint),Kharif,254370.99,625617.97,2.46,Hectare,Bales,Bales/Hectare,Black (Regur),100.0,,Vertisols,Chromic Haplusterts,Clayey,Very deep,Moderately well drained,Neutral,Alluvium,9
Maharashtra,Wardha,2022-2023,Gram,Rabi,85792.13,118150.35,1.38,Hectare,Tonnes,Tonne/Hectare,Black (Regur),100.0,,Vertisols,Chromic Haplusterts,Clayey,Very deep,Moderately well drained,Neutral,Alluvium,9
Maharashtra,Wardha,2022-2023,Groundnut,Kharif,444.97,226.8,0.51,Hectare,Tonnes,Tonne/Hectare,Black (Regur),100.0,,Vertisols,Chromic Haplusterts,Clayey,Very deep,Moderately well drained,Neutral,Alluvium,9
Maharashtra,Wardha,2022-2023,Groundnut,Summer,1479.0,2678.0,1.81,Hectare,Tonnes,Tonne/Hectare,Black (Regur),100.0,,Vertisols,Chromic Haplusterts,Clayey,Very deep,Moderately well drained,Neutral,Alluvium,9
Maharashtra,Wardha,2022-2023,Jowar,Kharif,306.78,11.22,0.04,Hectare,Tonnes,Tonne/Hectare,Black (Regur),100.0,,Vertisols,Chromic Haplusterts,Clayey,Very deep,Moderately well drained,Neutral,Alluvium,9
Maharashtra,Wardha,2022-2023,Jowar,Rabi,1004.69,841.68,0.84,Hectare,Tonnes,Tonne/Hectare,Black (Regur),100.0,,Vertisols,Chromic Haplusterts,Clayey,Very deep,Moderately well drained,Neutral,Alluvium,9
Maharashtra,Wardha,2022-2023,Linseed,Rabi,83.0,27.21,0.33,Hectare,Tonnes,Tonne/Hectare,Black (Regur),100.0,,Vertisols,Chromic Haplusterts,Clayey,Very deep,Moderately well drained,Neutral,Alluvium,9
Maharashtra,Wardha,2022-2023,Maize,Kharif,1.0,2.0,2.0,Hectare,Tonnes,Tonne/Hectare,Black (Regur),100.0,,Vertisols,Chromic Haplusterts,Clayey,Very deep,Moderately well drained,Neutral,Alluvium,9
Maharashtra,Wardha,2022-2023,Maize,Summer,37.81,25.49,0.67,Hectare,Tonnes,Tonne/Hectare,Black (Regur),100.0,,Vertisols,Chromic Haplusterts,Clayey,Very deep,Moderately well drained,Neutral,Alluvium,9
Maharashtra,Wardha,2022-2023,Moong(Green Gram),Kharif,1.52,0.58,0.38,Hectare,Tonnes,Tonne/Hectare,Black (Regur),100.0,,Vertisols,Chromic Haplusterts,Clayey,Very deep,Moderately well drained,Neutral,Alluvium,9
Maharashtra,Wardha,2022-2023,Moong(Green Gram),Summer,138.55,25.52,0.18,Hectare,Tonnes,Tonne/Hectare,Black (Regur),100.0,,Vertisols,Chromic Haplusterts,Clayey,Very deep,Moderately well drained,Neutral,Alluvium,9
Maharashtra,Wardha,2022-2023,Other Cereals,Summer,1700.15,320.58,0.19,Hectare,Tonnes,Tonne/Hectare,Black (Regur),100.0,,Vertisols,Chromic Haplusterts,Clayey,Very deep,Moderately well drained,Neutral,Alluvium,9
Maharashtra,Wardha,2022-2023,Other Kharif pulses,Kharif,202.4,113.67,0.56,Hectare,Tonnes,Tonne/Hectare,Black (Regur),100.0,,Vertisols,Chromic Haplusterts,Clayey,Very deep,Moderately well drained,Neutral,Alluvium,9
Maharashtra,Wardha,2022-2023,Safflower,Rabi,29.8,26.1,0.88,Hectare,Tonnes,Tonne/Hectare,Black (Regur),100.0,,Vertisols,Chromic Haplusterts,Clayey,Very deep,Moderately well drained,Neutral,Alluvium,9
Maharashtra,Wardha,2022-2023,Sesamum,Summer,311.0,61.0,0.2,Hectare,Tonnes,Tonne/Hectare,Black (Regur),100.0,,Vertisols,Chromic Haplusterts,Clayey,Very deep,Moderately well drained,Neutral,Alluvium,9
Maharashtra,Wardha,2022-2023,Soyabean,Kharif,138520.0,165005.0,1.19,Hectare,Tonnes,Tonne/Hectare,Black (Regur),100.0,,Vertisols,Chromic Haplusterts,Clayey,Very deep,Moderately well drained,Neutral,Alluvium,9
Maharashtra,Wardha,2022-2023,Soyabean,Summer,483.8,290.28,0.6,Hectare,Tonnes,Tonne/Hectare,Black (Regur),100.0,,Vertisols,Chromic Haplusterts,Clayey,Very deep,Moderately well drained,Neutral,Alluvium,9
Maharashtra,Wardha,2022-2023,Sugarcane,Whole Year,1784.0,89200.0,50.0,Hectare,Tonnes,Tonne/Hectare,Black (Regur),100.0,,Vertisols,Chromic Haplusterts,Clayey,Very deep,Moderately well drained,Neutral,Alluvium,9
Maharashtra,Wardha,2022-2023,Urad,Kharif,16.7,7.7,0.46,Hectare,Tonnes,Tonne/Hectare,Black (Regur),100.0,,Vertisols,Chromic Haplusterts,Clayey,Very deep,Moderately well drained,Neutral,Alluvium,9
Maharashtra,Wardha,2022-2023,Wheat,Rabi,16423.62,27082.55,1.65,Hectare,Tonnes,Tonne/Hectare,Black (Regur),100.0,,Vertisols,Chromic Haplusterts,Clayey,Very deep,Moderately well drained,Neutral,Alluvium,9
Maharashtra,Wardha,2022-2023,other oilseeds,Rabi,13.6,9.52,0.7,Hectare,Tonnes,Tonne/Hectare,Black (Regur),100.0,,Vertisols,Chromic Haplusterts,Clayey,Very deep,Moderately well drained,Neutral,Alluvium,9
Maharashtra,Wardha,2022-2023,other oilseeds,Summer,1.0,0.2,0.2,Hectare,Tonnes,Tonne/Hectare,Black (Regur),100.0,,Vertisols,Chromic Haplusterts,Clayey,Very deep,Moderately well drained,Neutral,Alluvium,9
Maharashtra,Washim,2022-2023,Arhar/Tur,Kharif,63628.0,39666.0,0.62,Hectare,Tonnes,Tonne/Hectare,Black (Regur),55.6,Saline / Alkaline,Vertisols,Chromic Haplusterts,Clayey,Very deep,Moderately well drained,Neutral,Alluvium,9
Maharashtra,Washim,2022-2023,Bajra,Summer,5.0,4.41,0.88,Hectare,Tonnes,Tonne/Hectare,Black (Regur),55.6,Saline / Alkaline,Vertisols,Chromic Haplusterts,Clayey,Very deep,Moderately well drained,Neutral,Alluvium,9
Maharashtra,Washim,2022-2023,Cotton(lint),Kharif,19518.47,41327.47,2.12,Hectare,Bales,Bales/Hectare,Black (Regur),55.6,Saline / Alkaline,Vertisols,Chromic Haplusterts,Clayey,Very deep,Moderately well drained,Neutral,Alluvium,9
Maharashtra,Washim,2022-2023,Gram,Rabi,83721.06,96729.64,1.16,Hectare,Tonnes,Tonne/Hectare,Black (Regur),55.6,Saline / Alkaline,Vertisols,Chromic Haplusterts,Clayey,Very deep,Moderately well drained,Neutral,Alluvium,9
Maharashtra,Washim,2022-2023,Groundnut,Kharif,8.28,8.56,1.03,Hectare,Tonnes,Tonne/Hectare,Black (Regur),55.6,Saline / Alkaline,Vertisols,Chromic Haplusterts,Clayey,Very deep,Moderately well drained,Neutral,Alluvium,9
Maharashtra,Washim,2022-2023,Groundnut,Summer,2918.0,5850.0,2.0,Hectare,Tonnes,Tonne/Hectare,Black (Regur),55.6,Saline / Alkaline,Vertisols,Chromic Haplusterts,Clayey,Very deep,Moderately well drained,Neutral,Alluvium,9
Maharashtra,Washim,2022-2023,Jowar,Kharif,364.11,170.19,0.47,Hectare,Tonnes,Tonne/Hectare,Black (Regur),55.6,Saline / Alkaline,Vertisols,Chromic Haplusterts,Clayey,Very deep,Moderately well drained,Neutral,Alluvium,9
Maharashtra,Washim,2022-2023,Jowar,Rabi,438.92,540.3,1.23,Hectare,Tonnes,Tonne/Hectare,Black (Regur),55.6,Saline / Alkaline,Vertisols,Chromic Haplusterts,Clayey,Very deep,Moderately well drained,Neutral,Alluvium,9
Maharashtra,Washim,2022-2023,Jowar,Summer,539.7,448.72,0.83,Hectare,Tonnes,Tonne/Hectare,Black (Regur),55.6,Saline / Alkaline,Vertisols,Chromic Haplusterts,Clayey,Very deep,Moderately well drained,Neutral,Alluvium,9
Maharashtra,Washim,2022-2023,Linseed,Rabi,81.0,37.79,0.47,Hectare,Tonnes,Tonne/Hectare,Black (Regur),55.6,Saline / Alkaline,Vertisols,Chromic Haplusterts,Clayey,Very deep,Moderately well drained,Neutral,Alluvium,9
Maharashtra,Washim,2022-2023,Maize,Kharif,362.0,1082.0,2.99,Hectare,Tonnes,Tonne/Hectare,Black (Regur),55.6,Saline / Alkaline,Vertisols,Chromic Haplusterts,Clayey,Very deep,Moderately well drained,Neutral,Alluvium,9
Maharashtra,Washim,2022-2023,Maize,Rabi,312.83,618.45,1.98,Hectare,Tonnes,Tonne/Hectare,Black (Regur),55.6,Saline / Alkaline,Vertisols,Chromic Haplusterts,Clayey,Very deep,Moderately well drained,Neutral,Alluvium,9
Maharashtra,Washim,2022-2023,Maize,Summer,192.18,252.14,1.31,Hectare,Tonnes,Tonne/Hectare,Black (Regur),55.6,Saline / Alkaline,Vertisols,Chromic Haplusterts,Clayey,Very deep,Moderately well drained,Neutral,Alluvium,9
Maharashtra,Washim,2022-2023,Moong(Green Gram),Kharif,2552.74,1229.91,0.48,Hectare,Tonnes,Tonne/Hectare,Black (Regur),55.6,Saline / Alkaline,Vertisols,Chromic Haplusterts,Clayey,Very deep,Moderately well drained,Neutral,Alluvium,9
Maharashtra,Washim,2022-2023,Moong(Green Gram),Summer,2588.4,476.76,0.18,Hectare,Tonnes,Tonne/Hectare,Black (Regur),55.6,Saline / Alkaline,Vertisols,Chromic Haplusterts,Clayey,Very deep,Moderately well drained,Neutral,Alluvium,9
Maharashtra,Washim,2022-2023,Other Cereals,Kharif,107.4,54.56,0.51,Hectare,Tonnes,Tonne/Hectare,Black (Regur),55.6,Saline / Alkaline,Vertisols,Chromic Haplusterts,Clayey,Very deep,Moderately well drained,Neutral,Alluvium,9
Maharashtra,Washim,2022-2023,Other Cereals,Rabi,277.8,93.91,0.34,Hectare,Tonnes,Tonne/Hectare,Black (Regur),55.6,Saline / Alkaline,Vertisols,Chromic Haplusterts,Clayey,Very deep,Moderately well drained,Neutral,Alluvium,9
Maharashtra,Washim,2022-2023,Other Cereals,Summer,36.0,6.79,0.19,Hectare,Tonnes,Tonne/Hectare,Black (Regur),55.6,Saline / Alkaline,Vertisols,Chromic Haplusterts,Clayey,Very deep,Moderately well drained,Neutral,Alluvium,9
Maharashtra,Washim,2022-2023,Other Kharif pulses,Kharif,315.0,175.9,0.56,Hectare,Tonnes,Tonne/Hectare,Black (Regur),55.6,Saline / Alkaline,Vertisols,Chromic Haplusterts,Clayey,Very deep,Moderately well drained,Neutral,Alluvium,9
Maharashtra,Washim,2022-2023,Other Rabi pulses,Rabi,675.0,413.1,0.61,Hectare,Tonnes,Tonne/Hectare,Black (Regur),55.6,Saline / Alkaline,Vertisols,Chromic Haplusterts,Clayey,Very deep,Moderately well drained,Neutral,Alluvium,9
Maharashtra,Washim,2022-2023,Other Summer Pulses,Summer,1.0,0.33,0.33,Hectare,Tonnes,Tonne/Hectare,Black (Regur),55.6,Saline / Alkaline,Vertisols,Chromic Haplusterts,Clayey,Very deep,Moderately well drained,Neutral,Alluvium,9
Maharashtra,Washim,2022-2023,Safflower,Rabi,652.75,618.61,0.95,Hectare,Tonnes,Tonne/Hectare,Black (Regur),55.6,Saline / Alkaline,Vertisols,Chromic Haplusterts,Clayey,Very deep,Moderately well drained,Neutral,Alluvium,9
Maharashtra,Washim,2022-2023,Sesamum,Kharif,299.83,66.75,0.22,Hectare,Tonnes,Tonne/Hectare,Black (Regur),55.6,Saline / Alkaline,Vertisols,Chromic Haplusterts,Clayey,Very deep,Moderately well drained,Neutral,Alluvium,9
Maharashtra,Washim,2022-2023,Sesamum,Rabi,12.0,4.02,0.34,Hectare,Tonnes,Tonne/Hectare,Black (Regur),55.6,Saline / Alkaline,Vertisols,Chromic Haplusterts,Clayey,Very deep,Moderately well drained,Neutral,Alluvium,9
Maharashtra,Washim,2022-2023,Sesamum,Summer,168.0,32.0,0.19,Hectare,Tonnes,Tonne/Hectare,Black (Regur),55.6,Saline / Alkaline,Vertisols,Chromic Haplusterts,Clayey,Very deep,Moderately well drained,Neutral,Alluvium,9
Maharashtra,Washim,2022-2023,Soyabean,Kharif,308198.0,422755.0,1.37,Hectare,Tonnes,Tonne/Hectare,Black (Regur),55.6,Saline / Alkaline,Vertisols,Chromic Haplusterts,Clayey,Very deep,Moderately well drained,Neutral,Alluvium,9
Maharashtra,Washim,2022-2023,Soyabean,Summer,348.4,209.04,0.6,Hectare,Tonnes,Tonne/Hectare,Black (Regur),55.6,Saline / Alkaline,Vertisols,Chromic Haplusterts,Clayey,Very deep,Moderately well drained,Neutral,Alluvium,9
Maharashtra,Washim,2022-2023,Sugarcane,Whole Year,117.0,5850.0,50.0,Hectare,Tonnes,Tonne/Hectare,Black (Regur),55.6,Saline / Alkaline,Vertisols,Chromic Haplusterts,Clayey,Very deep,Moderately well drained,Neutral,Alluvium,9
Maharashtra,Washim,2022-2023,Urad,Kharif,6116.66,3350.1,0.55,Hectare,Tonnes,Tonne/Hectare,Black (Regur),55.6,Saline / Alkaline,Vertisols,Chromic Haplusterts,Clayey,Very deep,Moderately well drained,Neutral,Alluvium,9
Maharashtra,Washim,2022-2023,Urad,Summer,117.4,63.27,0.54,Hectare,Tonnes,Tonne/Hectare,Black (Regur),55.6,Saline / Alkaline,Vertisols,Chromic Haplusterts,Clayey,Very deep,Moderately well drained,Neutral,Alluvium,9
Maharashtra,Washim,2022-2023,Wheat,Rabi,38654.02,90782.83,2.35,Hectare,Tonnes,Tonne/Hectare,Black (Regur),55.6,Saline / Alkaline,Vertisols,Chromic Haplusterts,Clayey,Very deep,Moderately well drained,Neutral,Alluvium,9
Maharashtra,Washim,2022-2023,other oilseeds,Kharif,468.9,195.53,0.42,Hectare,Tonnes,Tonne/Hectare,Black (Regur),55.6,Saline / Alkaline,Vertisols,Chromic Haplusterts,Clayey,Very deep,Moderately well drained,Neutral,Alluvium,9
Maharashtra,Washim,2022-2023,other oilseeds,Rabi,475.7,117.87,0.25,Hectare,Tonnes,Tonne/Hectare,Black (Regur),55.6,Saline / Alkaline,Vertisols,Chromic Haplusterts,Clayey,Very deep,Moderately well drained,Neutral,Alluvium,9
Maharashtra,Washim,2022-2023,other oilseeds,Summer,9.0,1.8,0.2,Hectare,Tonnes,Tonne/Hectare,Black (Regur),55.6,Saline / Alkaline,Vertisols,Chromic Haplusterts,Clayey,Very deep,Moderately well drained,Neutral,Alluvium,9
Maharashtra,Yavatmal,2022-2023,Arhar/Tur,Kharif,133003.0,54279.0,0.41,Hectare,Tonnes,Tonne/Hectare,Black (Regur),77.8,Red & Yellow,Vertisols,Chromic Haplusterts,Clayey,Very deep,Moderately well drained,Neutral,Alluvium,9
Maharashtra,Yavatmal,2022-2023,Bajra,Kharif,40.0,14.0,0.35,Hectare,Tonnes,Tonne/Hectare,Black (Regur),77.8,Red & Yellow,Vertisols,Chromic Haplusterts,Clayey,Very deep,Moderately well drained,Neutral,Alluvium,9
Maharashtra,Yavatmal,2022-2023,Cotton(lint),Kharif,467608.19,569835.59,1.22,Hectare,Bales,Bales/Hectare,Black (Regur),77.8,Red & Yellow,Vertisols,Chromic Haplusterts,Clayey,Very deep,Moderately well drained,Neutral,Alluvium,9
Maharashtra,Yavatmal,2022-2023,Gram,Rabi,141324.66,96410.27,0.68,Hectare,Tonnes,Tonne/Hectare,Black (Regur),77.8,Red & Yellow,Vertisols,Chromic Haplusterts,Clayey,Very deep,Moderately well drained,Neutral,Alluvium,9
Maharashtra,Yavatmal,2022-2023,Groundnut,Summer,7940.0,10413.0,1.31,Hectare,Tonnes,Tonne/Hectare,Black (Regur),77.8,Red & Yellow,Vertisols,Chromic Haplusterts,Clayey,Very deep,Moderately well drained,Neutral,Alluvium,9
Maharashtra,Yavatmal,2022-2023,Jowar,Kharif,4901.09,1093.43,0.22,Hectare,Tonnes,Tonne/Hectare,Black (Regur),77.8,Red & Yellow,Vertisols,Chromic Haplusterts,Clayey,Very deep,Moderately well drained,Neutral,Alluvium,9
Maharashtra,Yavatmal,2022-2023,Jowar,Rabi,2386.09,2936.99,1.23,Hectare,Tonnes,Tonne/Hectare,Black (Regur),77.8,Red & Yellow,Vertisols,Chromic Haplusterts,Clayey,Very deep,Moderately well drained,Neutral,Alluvium,9
Maharashtra,Yavatmal,2022-2023,Jowar,Summer,3935.4,3345.09,0.85,Hectare,Tonnes,Tonne/Hectare,Black (Regur),77.8,Red & Yellow,Vertisols,Chromic Haplusterts,Clayey,Very deep,Moderately well drained,Neutral,Alluvium,9
Maharashtra,Yavatmal,2022-2023,Maize,Kharif,410.0,1226.0,2.99,Hectare,Tonnes,Tonne/Hectare,Black (Regur),77.8,Red & Yellow,Vertisols,Chromic Haplusterts,Clayey,Very deep,Moderately well drained,Neutral,Alluvium,9
Maharashtra,Yavatmal,2022-2023,Maize,Rabi,509.68,1007.61,1.98,Hectare,Tonnes,Tonne/Hectare,Black (Regur),77.8,Red & Yellow,Vertisols,Chromic Haplusterts,Clayey,Very deep,Moderately well drained,Neutral,Alluvium,9
Maharashtra,Yavatmal,2022-2023,Maize,Summer,671.3,355.12,0.53,Hectare,Tonnes,Tonne/Hectare,Black (Regur),77.8,Red & Yellow,Vertisols,Chromic Haplusterts,Clayey,Very deep,Moderately well drained,Neutral,Alluvium,9
Maharashtra,Yavatmal,2022-2023,Moong(Green Gram),Kharif,4714.37,1422.33,0.3,Hectare,Tonnes,Tonne/Hectare,Black (Regur),77.8,Red & Yellow,Vertisols,Chromic Haplusterts,Clayey,Very deep,Moderately well drained,Neutral,Alluvium,9
Maharashtra,Yavatmal,2022-2023,Moong(Green Gram),Summer,1195.9,220.27,0.18,Hectare,Tonnes,Tonne/Hectare,Black (Regur),77.8,Red & Yellow,Vertisols,Chromic Haplusterts,Clayey,Very deep,Moderately well drained,Neutral,Alluvium,9
Maharashtra,Yavatmal,2022-2023,Other Cereals,Rabi,7.0,2.37,0.34,Hectare,Tonnes,Tonne/Hectare,Black (Regur),77.8,Red & Yellow,Vertisols,Chromic Haplusterts,Clayey,Very deep,Moderately well drained,Neutral,Alluvium,9
Maharashtra,Yavatmal,2022-2023,Other Rabi pulses,Rabi,150.8,70.94,0.47,Hectare,Tonnes,Tonne/Hectare,Black (Regur),77.8,Red & Yellow,Vertisols,Chromic Haplusterts,Clayey,Very deep,Moderately well drained,Neutral,Alluvium,9
Maharashtra,Yavatmal,2022-2023,Sesamum,Kharif,605.99,134.9,0.22,Hectare,Tonnes,Tonne/Hectare,Black (Regur),77.8,Red & Yellow,Vertisols,Chromic Haplusterts,Clayey,Very deep,Moderately well drained,Neutral,Alluvium,9
Maharashtra,Yavatmal,2022-2023,Sesamum,Rabi,93.91,31.46,0.34,Hectare,Tonnes,Tonne/Hectare,Black (Regur),77.8,Red & Yellow,Vertisols,Chromic Haplusterts,Clayey,Very deep,Moderately well drained,Neutral,Alluvium,9
Maharashtra,Yavatmal,2022-2023,Sesamum,Summer,5445.0,848.0,0.16,Hectare,Tonnes,Tonne/Hectare,Black (Regur),77.8,Red & Yellow,Vertisols,Chromic Haplusterts,Clayey,Very deep,Moderately well drained,Neutral,Alluvium,9
Maharashtra,Yavatmal,2022-2023,Soyabean,Kharif,281907.0,230092.0,0.82,Hectare,Tonnes,Tonne/Hectare,Black (Regur),77.8,Red & Yellow,Vertisols,Chromic Haplusterts,Clayey,Very deep,Moderately well drained,Neutral,Alluvium,9
Maharashtra,Yavatmal,2022-2023,Soyabean,Summer,1005.3,653.45,0.65,Hectare,Tonnes,Tonne/Hectare,Black (Regur),77.8,Red & Yellow,Vertisols,Chromic Haplusterts,Clayey,Very deep,Moderately well drained,Neutral,Alluvium,9
Maharashtra,Yavatmal,2022-2023,Sugarcane,Whole Year,12000.0,763560.0,63.63,Hectare,Tonnes,Tonne/Hectare,Black (Regur),77.8,Red & Yellow,Vertisols,Chromic Haplusterts,Clayey,Very deep,Moderately well drained,Neutral,Alluvium,9
Maharashtra,Yavatmal,2022-2023,Urad,Kharif,6135.43,1911.8,0.31,Hectare,Tonnes,Tonne/Hectare,Black (Regur),77.8,Red & Yellow,Vertisols,Chromic Haplusterts,Clayey,Very deep,Moderately well drained,Neutral,Alluvium,9
Maharashtra,Yavatmal,2022-2023,Urad,Summer,29.3,12.73,0.43,Hectare,Tonnes,Tonne/Hectare,Black (Regur),77.8,Red & Yellow,Vertisols,Chromic Haplusterts,Clayey,Very deep,Moderately well drained,Neutral,Alluvium,9
Maharashtra,Yavatmal,2022-2023,Wheat,Rabi,54634.88,55339.67,1.01,Hectare,Tonnes,Tonne/Hectare,Black (Regur),77.8,Red & Yellow,Vertisols,Chromic Haplusterts,Clayey,Very deep,Moderately well drained,Neutral,Alluvium,9
Maharashtra,Yavatmal,2022-2023,other oilseeds,Rabi,713.0,273.31,0.38,Hectare,Tonnes,Tonne/Hectare,Black (Regur),77.8,Red & Yellow,Vertisols,Chromic Haplusterts,Clayey,Very deep,Moderately well drained,Neutral,Alluvium,9
Maharashtra,Yavatmal,2022-2023,other oilseeds,Summer,36.0,7.2,0.2,Hectare,Tonnes,Tonne/Hectare,Black (Regur),77.8,Red & Yellow,Vertisols,Chromic Haplusterts,Clayey,Very deep,Moderately well drained,Neutral,Alluvium,9
