State,District,Year,Crop,Season,Area,Production,Yield,Area_unit,Production_unit,Yield_unit,Soil_Type,Soil_Type_Share_pct,Soil_Type_Secondary,Soil_Order,Soil_Taxonomy,Soil_Texture,Soil_Depth,Soil_Drainage,Soil_pH_Class,Soil_Parent_Material,Soil_Points_Sampled
Maharashtra,Ahilyanagar,2017-2018,Arhar/Tur,Kharif,15700.0,15600.0,0.99,Hectare,Tonnes,Tonne/Hectare,Black (Regur),44.4,Saline / Alkaline,Entisols,Lithic Ustorthents,Clayey,Shallow,Well drained,Neutral,Basalt,9
Maharashtra,Ahilyanagar,2017-2018,Bajra,Kharif,119500.0,120100.0,1.01,Hectare,Tonnes,Tonne/Hectare,Black (Regur),44.4,Saline / Alkaline,Entisols,Lithic Ustorthents,Clayey,Shallow,Well drained,Neutral,Basalt,9
Maharashtra,Ahilyanagar,2017-2018,Castor seed,Kharif,1090.0,220.0,0.2,Hectare,Tonnes,Tonne/Hectare,Black (Regur),44.4,Saline / Alkaline,Entisols,Lithic Ustorthents,Clayey,Shallow,Well drained,Neutral,Basalt,9
Maharashtra,Ahilyanagar,2017-2018,Cotton(lint),Kharif,132800.0,220600.0,1.66,Hectare,Bales,Bales/Hectare,Black (Regur),44.4,Saline / Alkaline,Entisols,Lithic Ustorthents,Clayey,Shallow,Well drained,Neutral,Basalt,9
Maharashtra,Ahilyanagar,2017-2018,Gram,Rabi,208005.0,166000.0,0.8,Hectare,Tonnes,Tonne/Hectare,Black (Regur),44.4,Saline / Alkaline,Entisols,Lithic Ustorthents,Clayey,Shallow,Well drained,Neutral,Basalt,9
Maharashtra,Ahilyanagar,2017-2018,Groundnut,Kharif,10400.0,10100.0,0.97,Hectare,Tonnes,Tonne/Hectare,Black (Regur),44.4,Saline / Alkaline,Entisols,Lithic Ustorthents,Clayey,Shallow,Well drained,Neutral,Basalt,9
Maharashtra,Ahilyanagar,2017-2018,Groundnut,Summer,5318.0,9400.0,1.77,Hectare,Tonnes,Tonne/Hectare,Black (Regur),44.4,Saline / Alkaline,Entisols,Lithic Ustorthents,Clayey,Shallow,Well drained,Neutral,Basalt,9
Maharashtra,Ahilyanagar,2017-2018,Jowar,Kharif,1600.0,1000.0,0.63,Hectare,Tonnes,Tonne/Hectare,Black (Regur),44.4,Saline / Alkaline,Entisols,Lithic Ustorthents,Clayey,Shallow,Well drained,Neutral,Basalt,9
Maharashtra,Ahilyanagar,2017-2018,Jowar,Rabi,548900.0,298300.0,0.54,Hectare,Tonnes,Tonne/Hectare,Black (Regur),44.4,Saline / Alkaline,Entisols,Lithic Ustorthents,Clayey,Shallow,Well drained,Neutral,Basalt,9
Maharashtra,Ahilyanagar,2017-2018,Linseed,Rabi,50.0,17.0,0.34,Hectare,Tonnes,Tonne/Hectare,Black (Regur),44.4,Saline / Alkaline,Entisols,Lithic Ustorthents,Clayey,Shallow,Well drained,Neutral,Basalt,9
Maharashtra,Ahilyanagar,2017-2018,Maize,Kharif,27400.0,77300.0,2.82,Hectare,Tonnes,Tonne/Hectare,Black (Regur),44.4,Saline / Alkaline,Entisols,Lithic Ustorthents,Clayey,Shallow,Well drained,Neutral,Basalt,9
Maharashtra,Ahilyanagar,2017-2018,Maize,Rabi,49500.0,163300.0,3.3,Hectare,Tonnes,Tonne/Hectare,Black (Regur),44.4,Saline / Alkaline,Entisols,Lithic Ustorthents,Clayey,Shallow,Well drained,Neutral,Basalt,9
Maharashtra,Ahilyanagar,2017-2018,Maize,Summer,1479.0,1300.0,0.88,Hectare,Tonnes,Tonne/Hectare,Black (Regur),44.4,Saline / Alkaline,Entisols,Lithic Ustorthents,Clayey,Shallow,Well drained,Neutral,Basalt,9
Maharashtra,Ahilyanagar,2017-2018,Moong(Green Gram),Kharif,51206.0,21955.0,0.43,Hectare,Tonnes,Tonne/Hectare,Black (Regur),44.4,Saline / Alkaline,Entisols,Lithic Ustorthents,Clayey,Shallow,Well drained,Neutral,Basalt,9
Maharashtra,Ahilyanagar,2017-2018,Niger seed,Kharif,421.0,62.0,0.15,Hectare,Tonnes,Tonne/Hectare,Black (Regur),44.4,Saline / Alkaline,Entisols,Lithic Ustorthents,Clayey,Shallow,Well drained,Neutral,Basalt,9
Maharashtra,Ahilyanagar,2017-2018,Other Cereals,Kharif,900.0,300.0,0.33,Hectare,Tonnes,Tonne/Hectare,Black (Regur),44.4,Saline / Alkaline,Entisols,Lithic Ustorthents,Clayey,Shallow,Well drained,Neutral,Basalt,9
Maharashtra,Ahilyanagar,2017-2018,Other Cereals,Rabi,100.0,45.0,0.45,Hectare,Tonnes,Tonne/Hectare,Black (Regur),44.4,Saline / Alkaline,Entisols,Lithic Ustorthents,Clayey,Shallow,Well drained,Neutral,Basalt,9
Maharashtra,Ahilyanagar,2017-2018,Other Cereals,Summer,20.0,15.0,0.75,Hectare,Tonnes,Tonne/Hectare,Black (Regur),44.4,Saline / Alkaline,Entisols,Lithic Ustorthents,Clayey,Shallow,Well drained,Neutral,Basalt,9
Maharashtra,Ahilyanagar,2017-2018,Other Kharif pulses,Kharif,3700.0,500.0,0.14,Hectare,Tonnes,Tonne/Hectare,Black (Regur),44.4,Saline / Alkaline,Entisols,Lithic Ustorthents,Clayey,Shallow,Well drained,Neutral,Basalt,9
Maharashtra,Ahilyanagar,2017-2018,Other Rabi pulses,Rabi,1530.0,700.0,0.46,Hectare,Tonnes,Tonne/Hectare,Black (Regur),44.4,Saline / Alkaline,Entisols,Lithic Ustorthents,Clayey,Shallow,Well drained,Neutral,Basalt,9
Maharashtra,Ahilyanagar,2017-2018,Other Summer Pulses,Summer,20.0,4.0,0.2,Hectare,Tonnes,Tonne/Hectare,Black (Regur),44.4,Saline / Alkaline,Entisols,Lithic Ustorthents,Clayey,Shallow,Well drained,Neutral,Basalt,9
Maharashtra,Ahilyanagar,2017-2018,Ragi,Kharif,100.0,100.0,1.0,Hectare,Tonnes,Tonne/Hectare,Black (Regur),44.4,Saline / Alkaline,Entisols,Lithic Ustorthents,Clayey,Shallow,Well drained,Neutral,Basalt,9
Maharashtra,Ahilyanagar,2017-2018,Rapeseed &Mustard,Rabi,214.0,91.0,0.43,Hectare,Tonnes,Tonne/Hectare,Black (Regur),44.4,Saline / Alkaline,Entisols,Lithic Ustorthents,Clayey,Shallow,Well drained,Neutral,Basalt,9
Maharashtra,Ahilyanagar,2017-2018,Rice,Kharif,16200.0,37300.0,2.3,Hectare,Tonnes,Tonne/Hectare,Black (Regur),44.4,Saline / Alkaline,Entisols,Lithic Ustorthents,Clayey,Shallow,Well drained,Neutral,Basalt,9
Maharashtra,Ahilyanagar,2017-2018,Safflower,Rabi,100.0,40.0,0.4,Hectare,Tonnes,Tonne/Hectare,Black (Regur),44.4,Saline / Alkaline,Entisols,Lithic Ustorthents,Clayey,Shallow,Well drained,Neutral,Basalt,9
Maharashtra,Ahilyanagar,2017-2018,Sesamum,Kharif,118.0,36.0,0.31,Hectare,Tonnes,Tonne/Hectare,Black (Regur),44.4,Saline / Alkaline,Entisols,Lithic Ustorthents,Clayey,Shallow,Well drained,Neutral,Basalt,9
Maharashtra,Ahilyanagar,2017-2018,Sesamum,Rabi,120.0,41.0,0.34,Hectare,Tonnes,Tonne/Hectare,Black (Regur),44.4,Saline / Alkaline,Entisols,Lithic Ustorthents,Clayey,Shallow,Well drained,Neutral,Basalt,9
Maharashtra,Ahilyanagar,2017-2018,Soyabean,Kharif,59284.0,86900.0,1.47,Hectare,Tonnes,Tonne/Hectare,Black (Regur),44.4,Saline / Alkaline,Entisols,Lithic Ustorthents,Clayey,Shallow,Well drained,Neutral,Basalt,9
Maharashtra,Ahilyanagar,2017-2018,Sugarcane,Whole Year,104404.0,11308900.0,108.32,Hectare,Tonnes,Tonne/Hectare,Black (Regur),44.4,Saline / Alkaline,Entisols,Lithic Ustorthents,Clayey,Shallow,Well drained,Neutral,Basalt,9
Maharashtra,Ahilyanagar,2017-2018,Sunflower,Kharif,509.0,292.0,0.57,Hectare,Tonnes,Tonne/Hectare,Black (Regur),44.4,Saline / Alkaline,Entisols,Lithic Ustorthents,Clayey,Shallow,Well drained,Neutral,Basalt,9
Maharashtra,Ahilyanagar,2017-2018,Sunflower,Rabi,200.0,100.0,0.5,Hectare,Tonnes,Tonne/Hectare,Black (Regur),44.4,Saline / Alkaline,Entisols,Lithic Ustorthents,Clayey,Shallow,Well drained,Neutral,Basalt,9
Maharashtra,Ahilyanagar,2017-2018,Urad,Kharif,23726.0,5871.0,0.25,Hectare,Tonnes,Tonne/Hectare,Black (Regur),44.4,Saline / Alkaline,Entisols,Lithic Ustorthents,Clayey,Shallow,Well drained,Neutral,Basalt,9
Maharashtra,Ahilyanagar,2017-2018,Wheat,Rabi,79800.0,177500.0,2.22,Hectare,Tonnes,Tonne/Hectare,Black (Regur),44.4,Saline / Alkaline,Entisols,Lithic Ustorthents,Clayey,Shallow,Well drained,Neutral,Basalt,9
Maharashtra,Akola,2017-2018,Arhar/Tur,Kharif,58681.0,59742.0,1.02,Hectare,Tonnes,Tonne/Hectare,Black (Regur),100.0,,Vertisols,Chromic Haplusterts,Clayey,Very deep,Moderately well drained,Slightly alkaline,Alluvium,9
Maharashtra,Akola,2017-2018,Bajra,Kharif,100.0,45.0,0.45,Hectare,Tonnes,Tonne/Hectare,Black (Regur),100.0,,Vertisols,Chromic Haplusterts,Clayey,Very deep,Moderately well drained,Slightly alkaline,Alluvium,9
Maharashtra,Akola,2017-2018,Cotton(lint),Kharif,164550.0,240400.0,1.46,Hectare,Bales,Bales/Hectare,Black (Regur),100.0,,Vertisols,Chromic Haplusterts,Clayey,Very deep,Moderately well drained,Slightly alkaline,Alluvium,9
Maharashtra,Akola,2017-2018,Gram,Rabi,75300.0,80700.0,1.07,Hectare,Tonnes,Tonne/Hectare,Black (Regur),100.0,,Vertisols,Chromic Haplusterts,Clayey,Very deep,Moderately well drained,Slightly alkaline,Alluvium,9
Maharashtra,Akola,2017-2018,Groundnut,Summer,1696.0,2500.0,1.47,Hectare,Tonnes,Tonne/Hectare,Black (Regur),100.0,,Vertisols,Chromic Haplusterts,Clayey,Very deep,Moderately well drained,Slightly alkaline,Alluvium,9
Maharashtra,Akola,2017-2018,Jowar,Kharif,10619.0,9800.0,0.92,Hectare,Tonnes,Tonne/Hectare,Black (Regur),100.0,,Vertisols,Chromic Haplusterts,Clayey,Very deep,Moderately well drained,Slightly alkaline,Alluvium,9
Maharashtra,Akola,2017-2018,Jowar,Rabi,3.0,2.0,0.67,Hectare,Tonnes,Tonne/Hectare,Black (Regur),100.0,,Vertisols,Chromic Haplusterts,Clayey,Very deep,Moderately well drained,Slightly alkaline,Alluvium,9
Maharashtra,Akola,2017-2018,Maize,Kharif,300.0,800.0,2.67,Hectare,Tonnes,Tonne/Hectare,Black (Regur),100.0,,Vertisols,Chromic Haplusterts,Clayey,Very deep,Moderately well drained,Slightly alkaline,Alluvium,9
Maharashtra,Akola,2017-2018,Maize,Rabi,200.0,200.0,1.0,Hectare,Tonnes,Tonne/Hectare,Black (Regur),100.0,,Vertisols,Chromic Haplusterts,Clayey,Very deep,Moderately well drained,Slightly alkaline,Alluvium,9
Maharashtra,Akola,2017-2018,Maize,Summer,53.0,100.0,1.89,Hectare,Tonnes,Tonne/Hectare,Black (Regur),100.0,,Vertisols,Chromic Haplusterts,Clayey,Very deep,Moderately well drained,Slightly alkaline,Alluvium,9
Maharashtra,Akola,2017-2018,Moong(Green Gram),Kharif,23996.0,7890.0,0.33,Hectare,Tonnes,Tonne/Hectare,Black (Regur),100.0,,Vertisols,Chromic Haplusterts,Clayey,Very deep,Moderately well drained,Slightly alkaline,Alluvium,9
Maharashtra,Akola,2017-2018,Safflower,Rabi,100.0,35.0,0.35,Hectare,Tonnes,Tonne/Hectare,Black (Regur),100.0,,Vertisols,Chromic Haplusterts,Clayey,Very deep,Moderately well drained,Slightly alkaline,Alluvium,9
Maharashtra,Akola,2017-2018,Sesamum,Kharif,1093.0,181.0,0.17,Hectare,Tonnes,Tonne/Hectare,Black (Regur),100.0,,Vertisols,Chromic Haplusterts,Clayey,Very deep,Moderately well drained,Slightly alkaline,Alluvium,9
Maharashtra,Akola,2017-2018,Soyabean,Kharif,204700.0,144000.0,0.7,Hectare,Tonnes,Tonne/Hectare,Black (Regur),100.0,,Vertisols,Chromic Haplusterts,Clayey,Very deep,Moderately well drained,Slightly alkaline,Alluvium,9
Maharashtra,Akola,2017-2018,Sugarcane,Whole Year,45.0,2300.0,51.11,Hectare,Tonnes,Tonne/Hectare,Black (Regur),100.0,,Vertisols,Chromic Haplusterts,Clayey,Very deep,Moderately well drained,Slightly alkaline,Alluvium,9
Maharashtra,Akola,2017-2018,Sunflower,Kharif,174.0,72.0,0.41,Hectare,Tonnes,Tonne/Hectare,Black (Regur),100.0,,Vertisols,Chromic Haplusterts,Clayey,Very deep,Moderately well drained,Slightly alkaline,Alluvium,9
Maharashtra,Akola,2017-2018,Urad,Kharif,15197.0,4562.0,0.3,Hectare,Tonnes,Tonne/Hectare,Black (Regur),100.0,,Vertisols,Chromic Haplusterts,Clayey,Very deep,Moderately well drained,Slightly alkaline,Alluvium,9
Maharashtra,Akola,2017-2018,Wheat,Rabi,15600.0,24500.0,1.57,Hectare,Tonnes,Tonne/Hectare,Black (Regur),100.0,,Vertisols,Chromic Haplusterts,Clayey,Very deep,Moderately well drained,Slightly alkaline,Alluvium,9
Maharashtra,Amravati,2017-2018,Arhar/Tur,Kharif,112300.0,111100.0,0.99,Hectare,Tonnes,Tonne/Hectare,Black (Regur),88.9,Saline / Alkaline,Vertisols,Chromic Haplusterts,Clayey,Very deep,Moderately well drained,Slightly alkaline,Alluvium,9
Maharashtra,Amravati,2017-2018,Bajra,Kharif,104.0,46.0,0.44,Hectare,Tonnes,Tonne/Hectare,Black (Regur),88.9,Saline / Alkaline,Vertisols,Chromic Haplusterts,Clayey,Very deep,Moderately well drained,Slightly alkaline,Alluvium,9
Maharashtra,Amravati,2017-2018,Castor seed,Kharif,100.0,28.0,0.28,Hectare,Tonnes,Tonne/Hectare,Black (Regur),88.9,Saline / Alkaline,Vertisols,Chromic Haplusterts,Clayey,Very deep,Moderately well drained,Slightly alkaline,Alluvium,9
Maharashtra,Amravati,2017-2018,Cotton(lint),Kharif,207457.0,380300.0,1.83,Hectare,Bales,Bales/Hectare,Black (Regur),88.9,Saline / Alkaline,Vertisols,Chromic Haplusterts,Clayey,Very deep,Moderately well drained,Slightly alkaline,Alluvium,9
Maharashtra,Amravati,2017-2018,Gram,Rabi,103900.0,130900.0,1.26,Hectare,Tonnes,Tonne/Hectare,Black (Regur),88.9,Saline / Alkaline,Vertisols,Chromic Haplusterts,Clayey,Very deep,Moderately well drained,Slightly alkaline,Alluvium,9
Maharashtra,Amravati,2017-2018,Groundnut,Kharif,1500.0,1800.0,1.2,Hectare,Tonnes,Tonne/Hectare,Black (Regur),88.9,Saline / Alkaline,Vertisols,Chromic Haplusterts,Clayey,Very deep,Moderately well drained,Slightly alkaline,Alluvium,9
Maharashtra,Amravati,2017-2018,Groundnut,Summer,1866.0,2200.0,1.18,Hectare,Tonnes,Tonne/Hectare,Black (Regur),88.9,Saline / Alkaline,Vertisols,Chromic Haplusterts,Clayey,Very deep,Moderately well drained,Slightly alkaline,Alluvium,9
Maharashtra,Amravati,2017-2018,Jowar,Kharif,18341.0,17500.0,0.95,Hectare,Tonnes,Tonne/Hectare,Black (Regur),88.9,Saline / Alkaline,Vertisols,Chromic Haplusterts,Clayey,Very deep,Moderately well drained,Slightly alkaline,Alluvium,9
Maharashtra,Amravati,2017-2018,Maize,Kharif,6600.0,16700.0,2.53,Hectare,Tonnes,Tonne/Hectare,Black (Regur),88.9,Saline / Alkaline,Vertisols,Chromic Haplusterts,Clayey,Very deep,Moderately well drained,Slightly alkaline,Alluvium,9
Maharashtra,Amravati,2017-2018,Maize,Rabi,600.0,600.0,1.0,Hectare,Tonnes,Tonne/Hectare,Black (Regur),88.9,Saline / Alkaline,Vertisols,Chromic Haplusterts,Clayey,Very deep,Moderately well drained,Slightly alkaline,Alluvium,9
Maharashtra,Amravati,2017-2018,Maize,Summer,820.0,1500.0,1.83,Hectare,Tonnes,Tonne/Hectare,Black (Regur),88.9,Saline / Alkaline,Vertisols,Chromic Haplusterts,Clayey,Very deep,Moderately well drained,Slightly alkaline,Alluvium,9
Maharashtra,Amravati,2017-2018,Moong(Green Gram),Kharif,22987.0,3450.0,0.15,Hectare,Tonnes,Tonne/Hectare,Black (Regur),88.9,Saline / Alkaline,Vertisols,Chromic Haplusterts,Clayey,Very deep,Moderately well drained,Slightly alkaline,Alluvium,9
Maharashtra,Amravati,2017-2018,Other Cereals,Kharif,900.0,300.0,0.33,Hectare,Tonnes,Tonne/Hectare,Black (Regur),88.9,Saline / Alkaline,Vertisols,Chromic Haplusterts,Clayey,Very deep,Moderately well drained,Slightly alkaline,Alluvium,9
Maharashtra,Amravati,2017-2018,Other Kharif pulses,Kharif,500.0,100.0,0.2,Hectare,Tonnes,Tonne/Hectare,Black (Regur),88.9,Saline / Alkaline,Vertisols,Chromic Haplusterts,Clayey,Very deep,Moderately well drained,Slightly alkaline,Alluvium,9
Maharashtra,Amravati,2017-2018,Other Summer Pulses,Summer,1300.0,400.0,0.31,Hectare,Tonnes,Tonne/Hectare,Black (Regur),88.9,Saline / Alkaline,Vertisols,Chromic Haplusterts,Clayey,Very deep,Moderately well drained,Slightly alkaline,Alluvium,9
Maharashtra,Amravati,2017-2018,Rapeseed &Mustard,Rabi,900.0,360.0,0.4,Hectare,Tonnes,Tonne/Hectare,Black (Regur),88.9,Saline / Alkaline,Vertisols,Chromic Haplusterts,Clayey,Very deep,Moderately well drained,Slightly alkaline,Alluvium,9
Maharashtra,Amravati,2017-2018,Rice,Kharif,8900.0,3000.0,0.34,Hectare,Tonnes,Tonne/Hectare,Black (Regur),88.9,Saline / Alkaline,Vertisols,Chromic Haplusterts,Clayey,Very deep,Moderately well drained,Slightly alkaline,Alluvium,9
Maharashtra,Amravati,2017-2018,Safflower,Rabi,400.0,200.0,0.5,Hectare,Tonnes,Tonne/Hectare,Black (Regur),88.9,Saline / Alkaline,Vertisols,Chromic Haplusterts,Clayey,Very deep,Moderately well drained,Slightly alkaline,Alluvium,9
Maharashtra,Amravati,2017-2018,Sesamum,Kharif,60.0,11.0,0.18,Hectare,Tonnes,Tonne/Hectare,Black (Regur),88.9,Saline / Alkaline,Vertisols,Chromic Haplusterts,Clayey,Very deep,Moderately well drained,Slightly alkaline,Alluvium,9
Maharashtra,Amravati,2017-2018,Soyabean,Kharif,287100.0,265200.0,0.92,Hectare,Tonnes,Tonne/Hectare,Black (Regur),88.9,Saline / Alkaline,Vertisols,Chromic Haplusterts,Clayey,Very deep,Moderately well drained,Slightly alkaline,Alluvium,9
Maharashtra,Amravati,2017-2018,Sugarcane,Whole Year,121.0,4800.0,39.67,Hectare,Tonnes,Tonne/Hectare,Black (Regur),88.9,Saline / Alkaline,Vertisols,Chromic Haplusterts,Clayey,Very deep,Moderately well drained,Slightly alkaline,Alluvium,9
Maharashtra,Amravati,2017-2018,Sunflower,Kharif,7.0,3.0,0.43,Hectare,Tonnes,Tonne/Hectare,Black (Regur),88.9,Saline / Alkaline,Vertisols,Chromic Haplusterts,Clayey,Very deep,Moderately well drained,Slightly alkaline,Alluvium,9
Maharashtra,Amravati,2017-2018,Urad,Kharif,14800.0,1400.0,0.09,Hectare,Tonnes,Tonne/Hectare,Black (Regur),88.9,Saline / Alkaline,Vertisols,Chromic Haplusterts,Clayey,Very deep,Moderately well drained,Slightly alkaline,Alluvium,9
Maharashtra,Amravati,2017-2018,Wheat,Rabi,39300.0,69400.0,1.77,Hectare,Tonnes,Tonne/Hectare,Black (Regur),88.9,Saline / Alkaline,Vertisols,Chromic Haplusterts,Clayey,Very deep,Moderately well drained,Slightly alkaline,Alluvium,9
Maharashtra,Amravati,2017-2018,other oilseeds,Summer,20.0,4.0,0.2,Hectare,Tonnes,Tonne/Hectare,Black (Regur),88.9,Saline / Alkaline,Vertisols,Chromic Haplusterts,Clayey,Very deep,Moderately well drained,Slightly alkaline,Alluvium,9
Maharashtra,Beed,2017-2018,Arhar/Tur,Kharif,92600.0,52200.0,0.56,Hectare,Tonnes,Tonne/Hectare,Black (Regur),88.9,Saline / Alkaline,Entisols,Lithic Ustorthents,Clayey,Shallow,Well drained,Neutral,Basalt,9
Maharashtra,Beed,2017-2018,Bajra,Kharif,152700.0,90240.0,0.59,Hectare,Tonnes,Tonne/Hectare,Black (Regur),88.9,Saline / Alkaline,Entisols,Lithic Ustorthents,Clayey,Shallow,Well drained,Neutral,Basalt,9
Maharashtra,Beed,2017-2018,Castor seed,Kharif,100.0,10.0,0.1,Hectare,Tonnes,Tonne/Hectare,Black (Regur),88.9,Saline / Alkaline,Entisols,Lithic Ustorthents,Clayey,Shallow,Well drained,Neutral,Basalt,9
Maharashtra,Beed,2017-2018,Cotton(lint),Kharif,348509.0,277800.0,0.8,Hectare,Bales,Bales/Hectare,Black (Regur),88.9,Saline / Alkaline,Entisols,Lithic Ustorthents,Clayey,Shallow,Well drained,Neutral,Basalt,9
Maharashtra,Beed,2017-2018,Gram,Rabi,138400.0,83500.0,0.6,Hectare,Tonnes,Tonne/Hectare,Black (Regur),88.9,Saline / Alkaline,Entisols,Lithic Ustorthents,Clayey,Shallow,Well drained,Neutral,Basalt,9
Maharashtra,Beed,2017-2018,Groundnut,Kharif,29600.0,15450.0,0.52,Hectare,Tonnes,Tonne/Hectare,Black (Regur),88.9,Saline / Alkaline,Entisols,Lithic Ustorthents,Clayey,Shallow,Well drained,Neutral,Basalt,9
Maharashtra,Beed,2017-2018,Groundnut,Summer,2060.0,2000.0,0.97,Hectare,Tonnes,Tonne/Hectare,Black (Regur),88.9,Saline / Alkaline,Entisols,Lithic Ustorthents,Clayey,Shallow,Well drained,Neutral,Basalt,9
Maharashtra,Beed,2017-2018,Jowar,Kharif,21000.0,14610.0,0.7,Hectare,Tonnes,Tonne/Hectare,Black (Regur),88.9,Saline / Alkaline,Entisols,Lithic Ustorthents,Clayey,Shallow,Well drained,Neutral,Basalt,9
Maharashtra,Beed,2017-2018,Jowar,Rabi,500300.0,232640.0,0.47,Hectare,Tonnes,Tonne/Hectare,Black (Regur),88.9,Saline / Alkaline,Entisols,Lithic Ustorthents,Clayey,Shallow,Well drained,Neutral,Basalt,9
Maharashtra,Beed,2017-2018,Linseed,Rabi,1140.0,380.0,0.33,Hectare,Tonnes,Tonne/Hectare,Black (Regur),88.9,Saline / Alkaline,Entisols,Lithic Ustorthents,Clayey,Shallow,Well drained,Neutral,Basalt,9
Maharashtra,Beed,2017-2018,Maize,Kharif,7900.0,6510.0,0.82,Hectare,Tonnes,Tonne/Hectare,Black (Regur),88.9,Saline / Alkaline,Entisols,Lithic Ustorthents,Clayey,Shallow,Well drained,Neutral,Basalt,9
Maharashtra,Beed,2017-2018,Maize,Rabi,39700.0,28340.0,0.71,Hectare,Tonnes,Tonne/Hectare,Black (Regur),88.9,Saline / Alkaline,Entisols,Lithic Ustorthents,Clayey,Shallow,Well drained,Neutral,Basalt,9
Maharashtra,Beed,2017-2018,Maize,Summer,1229.0,1470.0,1.2,Hectare,Tonnes,Tonne/Hectare,Black (Regur),88.9,Saline / Alkaline,Entisols,Lithic Ustorthents,Clayey,Shallow,Well drained,Neutral,Basalt,9
Maharashtra,Beed,2017-2018,Moong(Green Gram),Kharif,8825.0,2947.0,0.33,Hectare,Tonnes,Tonne/Hectare,Black (Regur),88.9,Saline / Alkaline,Entisols,Lithic Ustorthents,Clayey,Shallow,Well drained,Neutral,Basalt,9
Maharashtra,Beed,2017-2018,Niger seed,Kharif,653.0,60.0,0.09,Hectare,Tonnes,Tonne/Hectare,Black (Regur),88.9,Saline / Alkaline,Entisols,Lithic Ustorthents,Clayey,Shallow,Well drained,Neutral,Basalt,9
Maharashtra,Beed,2017-2018,Other Cereals,Kharif,40.0,10.0,0.25,Hectare,Tonnes,Tonne/Hectare,Black (Regur),88.9,Saline / Alkaline,Entisols,Lithic Ustorthents,Clayey,Shallow,Well drained,Neutral,Basalt,9
Maharashtra,Beed,2017-2018,Other Cereals,Rabi,500.0,350.0,0.7,Hectare,Tonnes,Tonne/Hectare,Black (Regur),88.9,Saline / Alkaline,Entisols,Lithic Ustorthents,Clayey,Shallow,Well drained,Neutral,Basalt,9
Maharashtra,Beed,2017-2018,Other Cereals,Summer,1600.0,1300.0,0.81,Hectare,Tonnes,Tonne/Hectare,Black (Regur),88.9,Saline / Alkaline,Entisols,Lithic Ustorthents,Clayey,Shallow,Well drained,Neutral,Basalt,9
Maharashtra,Beed,2017-2018,Other Kharif pulses,Kharif,200.0,60.0,0.3,Hectare,Tonnes,Tonne/Hectare,Black (Regur),88.9,Saline / Alkaline,Entisols,Lithic Ustorthents,Clayey,Shallow,Well drained,Neutral,Basalt,9
Maharashtra,Beed,2017-2018,Other Rabi pulses,Rabi,3.0,0.9,0.3,Hectare,Tonnes,Tonne/Hectare,Black (Regur),88.9,Saline / Alkaline,Entisols,Lithic Ustorthents,Clayey,Shallow,Well drained,Neutral,Basalt,9
Maharashtra,Beed,2017-2018,Rapeseed &Mustard,Rabi,20.0,10.0,0.5,Hectare,Tonnes,Tonne/Hectare,Black (Regur),88.9,Saline / Alkaline,Entisols,Lithic Ustorthents,Clayey,Shallow,Well drained,Neutral,Basalt,9
Maharashtra,Beed,2017-2018,Rice,Kharif,65.0,30.0,0.46,Hectare,Tonnes,Tonne/Hectare,Black (Regur),88.9,Saline / Alkaline,Entisols,Lithic Ustorthents,Clayey,Shallow,Well drained,Neutral,Basalt,9
Maharashtra,Beed,2017-2018,Safflower,Rabi,2960.0,1280.0,0.43,Hectare,Tonnes,Tonne/Hectare,Black (Regur),88.9,Saline / Alkaline,Entisols,Lithic Ustorthents,Clayey,Shallow,Well drained,Neutral,Basalt,9
Maharashtra,Beed,2017-2018,Sesamum,Kharif,6482.0,962.0,0.15,Hectare,Tonnes,Tonne/Hectare,Black (Regur),88.9,Saline / Alkaline,Entisols,Lithic Ustorthents,Clayey,Shallow,Well drained,Neutral,Basalt,9
Maharashtra,Beed,2017-2018,Sesamum,Rabi,117.0,40.0,0.34,Hectare,Tonnes,Tonne/Hectare,Black (Regur),88.9,Saline / Alkaline,Entisols,Lithic Ustorthents,Clayey,Shallow,Well drained,Neutral,Basalt,9
Maharashtra,Beed,2017-2018,Soyabean,Kharif,181300.0,128300.0,0.71,Hectare,Tonnes,Tonne/Hectare,Black (Regur),88.9,Saline / Alkaline,Entisols,Lithic Ustorthents,Clayey,Shallow,Well drained,Neutral,Basalt,9
Maharashtra,Beed,2017-2018,Sugarcane,Whole Year,36050.0,2072850.0,57.5,Hectare,Tonnes,Tonne/Hectare,Black (Regur),88.9,Saline / Alkaline,Entisols,Lithic Ustorthents,Clayey,Shallow,Well drained,Neutral,Basalt,9
Maharashtra,Beed,2017-2018,Sunflower,Kharif,837.0,751.0,0.9,Hectare,Tonnes,Tonne/Hectare,Black (Regur),88.9,Saline / Alkaline,Entisols,Lithic Ustorthents,Clayey,Shallow,Well drained,Neutral,Basalt,9
Maharashtra,Beed,2017-2018,Sunflower,Rabi,268.0,140.0,0.52,Hectare,Tonnes,Tonne/Hectare,Black (Regur),88.9,Saline / Alkaline,Entisols,Lithic Ustorthents,Clayey,Shallow,Well drained,Neutral,Basalt,9
Maharashtra,Beed,2017-2018,Urad,Kharif,32312.0,13893.0,0.43,Hectare,Tonnes,Tonne/Hectare,Black (Regur),88.9,Saline / Alkaline,Entisols,Lithic Ustorthents,Clayey,Shallow,Well drained,Neutral,Basalt,9
Maharashtra,Beed,2017-2018,Wheat,Rabi,53900.0,57590.0,1.07,Hectare,Tonnes,Tonne/Hectare,Black (Regur),88.9,Saline / Alkaline,Entisols,Lithic Ustorthents,Clayey,Shallow,Well drained,Neutral,Basalt,9
Maharashtra,Bhandara,2017-2018,Arhar/Tur,Kharif,12305.0,13120.0,1.07,Hectare,Tonnes,Tonne/Hectare,Alluvial,55.6,Black (Regur),Inceptisols,Typic Haplustepts,Loamy,Very deep,Well drained,Slightly acidic,Alluvium,9
Maharashtra,Bhandara,2017-2018,Cotton(lint),Kharif,38.0,100.0,2.63,Hectare,Bales,Bales/Hectare,Alluvial,55.6,Black (Regur),Inceptisols,Typic Haplustepts,Loamy,Very deep,Well drained,Slightly acidic,Alluvium,9
Maharashtra,Bhandara,2017-2018,Gram,Rabi,11400.0,12100.0,1.06,Hectare,Tonnes,Tonne/Hectare,Alluvial,55.6,Black (Regur),Inceptisols,Typic Haplustepts,Loamy,Very deep,Well drained,Slightly acidic,Alluvium,9
Maharashtra,Bhandara,2017-2018,Groundnut,Summer,5.0,2.0,0.4,Hectare,Tonnes,Tonne/Hectare,Alluvial,55.6,Black (Regur),Inceptisols,Typic Haplustepts,Loamy,Very deep,Well drained,Slightly acidic,Alluvium,9
Maharashtra,Bhandara,2017-2018,Linseed,Rabi,3600.0,1000.0,0.28,Hectare,Tonnes,Tonne/Hectare,Alluvial,55.6,Black (Regur),Inceptisols,Typic Haplustepts,Loamy,Very deep,Well drained,Slightly acidic,Alluvium,9
Maharashtra,Bhandara,2017-2018,Maize,Summer,575.0,200.0,0.35,Hectare,Tonnes,Tonne/Hectare,Alluvial,55.6,Black (Regur),Inceptisols,Typic Haplustepts,Loamy,Very deep,Well drained,Slightly acidic,Alluvium,9
Maharashtra,Bhandara,2017-2018,Other Kharif pulses,Kharif,3.0,1.0,0.33,Hectare,Tonnes,Tonne/Hectare,Alluvial,55.6,Black (Regur),Inceptisols,Typic Haplustepts,Loamy,Very deep,Well drained,Slightly acidic,Alluvium,9
Maharashtra,Bhandara,2017-2018,Other Rabi pulses,Rabi,18900.0,10700.0,0.57,Hectare,Tonnes,Tonne/Hectare,Alluvial,55.6,Black (Regur),Inceptisols,Typic Haplustepts,Loamy,Very deep,Well drained,Slightly acidic,Alluvium,9
Maharashtra,Bhandara,2017-2018,Other Summer Pulses,Summer,101.0,15.0,0.15,Hectare,Tonnes,Tonne/Hectare,Alluvial,55.6,Black (Regur),Inceptisols,Typic Haplustepts,Loamy,Very deep,Well drained,Slightly acidic,Alluvium,9
Maharashtra,Bhandara,2017-2018,Rapeseed &Mustard,Rabi,200.0,27.0,0.14,Hectare,Tonnes,Tonne/Hectare,Alluvial,55.6,Black (Regur),Inceptisols,Typic Haplustepts,Loamy,Very deep,Well drained,Slightly acidic,Alluvium,9
Maharashtra,Bhandara,2017-2018,Rice,Kharif,164700.0,200900.0,1.22,Hectare,Tonnes,Tonne/Hectare,Alluvial,55.6,Black (Regur),Inceptisols,Typic Haplustepts,Loamy,Very deep,Well drained,Slightly acidic,Alluvium,9
Maharashtra,Bhandara,2017-2018,Rice,Summer,8181.0,18700.0,2.29,Hectare,Tonnes,Tonne/Hectare,Alluvial,55.6,Black (Regur),Inceptisols,Typic Haplustepts,Loamy,Very deep,Well drained,Slightly acidic,Alluvium,9
Maharashtra,Bhandara,2017-2018,Sesamum,Kharif,636.0,119.0,0.19,Hectare,Tonnes,Tonne/Hectare,Alluvial,55.6,Black (Regur),Inceptisols,Typic Haplustepts,Loamy,Very deep,Well drained,Slightly acidic,Alluvium,9
Maharashtra,Bhandara,2017-2018,Sesamum,Rabi,22.0,8.0,0.36,Hectare,Tonnes,Tonne/Hectare,Alluvial,55.6,Black (Regur),Inceptisols,Typic Haplustepts,Loamy,Very deep,Well drained,Slightly acidic,Alluvium,9
Maharashtra,Bhandara,2017-2018,Sesamum,Summer,44.0,9.0,0.2,Hectare,Tonnes,Tonne/Hectare,Alluvial,55.6,Black (Regur),Inceptisols,Typic Haplustepts,Loamy,Very deep,Well drained,Slightly acidic,Alluvium,9
Maharashtra,Bhandara,2017-2018,Soyabean,Kharif,5300.0,6400.0,1.21,Hectare,Tonnes,Tonne/Hectare,Alluvial,55.6,Black (Regur),Inceptisols,Typic Haplustepts,Loamy,Very deep,Well drained,Slightly acidic,Alluvium,9
Maharashtra,Bhandara,2017-2018,Sugarcane,Whole Year,3574.0,232300.0,65.0,Hectare,Tonnes,Tonne/Hectare,Alluvial,55.6,Black (Regur),Inceptisols,Typic Haplustepts,Loamy,Very deep,Well drained,Slightly acidic,Alluvium,9
Maharashtra,Bhandara,2017-2018,Urad,Kharif,22.0,5.0,0.23,Hectare,Tonnes,Tonne/Hectare,Alluvial,55.6,Black (Regur),Inceptisols,Typic Haplustepts,Loamy,Very deep,Well drained,Slightly acidic,Alluvium,9
Maharashtra,Bhandara,2017-2018,Wheat,Rabi,10171.0,12700.0,1.25,Hectare,Tonnes,Tonne/Hectare,Alluvial,55.6,Black (Regur),Inceptisols,Typic Haplustepts,Loamy,Very deep,Well drained,Slightly acidic,Alluvium,9
Maharashtra,Buldhana,2017-2018,Arhar/Tur,Kharif,76195.0,47788.0,0.63,Hectare,Tonnes,Tonne/Hectare,Black (Regur),100.0,,Entisols,Lithic Ustorthents,Loamy,Shallow,Well drained,Neutral,Basalt,9
Maharashtra,Buldhana,2017-2018,Bajra,Kharif,2180.0,1000.0,0.46,Hectare,Tonnes,Tonne/Hectare,Black (Regur),100.0,,Entisols,Lithic Ustorthents,Loamy,Shallow,Well drained,Neutral,Basalt,9
Maharashtra,Buldhana,2017-2018,Castor seed,Kharif,120.0,60.0,0.5,Hectare,Tonnes,Tonne/Hectare,Black (Regur),100.0,,Entisols,Lithic Ustorthents,Loamy,Shallow,Well drained,Neutral,Basalt,9
Maharashtra,Buldhana,2017-2018,Cotton(lint),Kharif,174539.0,180900.0,1.04,Hectare,Bales,Bales/Hectare,Black (Regur),100.0,,Entisols,Lithic Ustorthents,Loamy,Shallow,Well drained,Neutral,Basalt,9
Maharashtra,Buldhana,2017-2018,Gram,Rabi,132200.0,107700.0,0.81,Hectare,Tonnes,Tonne/Hectare,Black (Regur),100.0,,Entisols,Lithic Ustorthents,Loamy,Shallow,Well drained,Neutral,Basalt,9
Maharashtra,Buldhana,2017-2018,Groundnut,Kharif,1250.0,1500.0,1.2,Hectare,Tonnes,Tonne/Hectare,Black (Regur),100.0,,Entisols,Lithic Ustorthents,Loamy,Shallow,Well drained,Neutral,Basalt,9
Maharashtra,Buldhana,2017-2018,Groundnut,Summer,974.0,1500.0,1.54,Hectare,Tonnes,Tonne/Hectare,Black (Regur),100.0,,Entisols,Lithic Ustorthents,Loamy,Shallow,Well drained,Neutral,Basalt,9
Maharashtra,Buldhana,2017-2018,Jowar,Kharif,20202.0,18600.0,0.92,Hectare,Tonnes,Tonne/Hectare,Black (Regur),100.0,,Entisols,Lithic Ustorthents,Loamy,Shallow,Well drained,Neutral,Basalt,9
Maharashtra,Buldhana,2017-2018,Jowar,Rabi,13231.0,9100.0,0.69,Hectare,Tonnes,Tonne/Hectare,Black (Regur),100.0,,Entisols,Lithic Ustorthents,Loamy,Shallow,Well drained,Neutral,Basalt,9
Maharashtra,Buldhana,2017-2018,Maize,Kharif,31840.0,79900.0,2.51,Hectare,Tonnes,Tonne/Hectare,Black (Regur),100.0,,Entisols,Lithic Ustorthents,Loamy,Shallow,Well drained,Neutral,Basalt,9
Maharashtra,Buldhana,2017-2018,Maize,Rabi,6900.0,7200.0,1.04,Hectare,Tonnes,Tonne/Hectare,Black (Regur),100.0,,Entisols,Lithic Ustorthents,Loamy,Shallow,Well drained,Neutral,Basalt,9
Maharashtra,Buldhana,2017-2018,Maize,Summer,861.0,1700.0,1.97,Hectare,Tonnes,Tonne/Hectare,Black (Regur),100.0,,Entisols,Lithic Ustorthents,Loamy,Shallow,Well drained,Neutral,Basalt,9
Maharashtra,Buldhana,2017-2018,Moong(Green Gram),Kharif,15452.0,8786.0,0.57,Hectare,Tonnes,Tonne/Hectare,Black (Regur),100.0,,Entisols,Lithic Ustorthents,Loamy,Shallow,Well drained,Neutral,Basalt,9
Maharashtra,Buldhana,2017-2018,Niger seed,Kharif,1158.0,152.0,0.13,Hectare,Tonnes,Tonne/Hectare,Black (Regur),100.0,,Entisols,Lithic Ustorthents,Loamy,Shallow,Well drained,Neutral,Basalt,9
Maharashtra,Buldhana,2017-2018,Other Cereals,Kharif,220.0,100.0,0.45,Hectare,Tonnes,Tonne/Hectare,Black (Regur),100.0,,Entisols,Lithic Ustorthents,Loamy,Shallow,Well drained,Neutral,Basalt,9
Maharashtra,Buldhana,2017-2018,Other Cereals,Rabi,160.0,210.0,1.31,Hectare,Tonnes,Tonne/Hectare,Black (Regur),100.0,,Entisols,Lithic Ustorthents,Loamy,Shallow,Well drained,Neutral,Basalt,9
Maharashtra,Buldhana,2017-2018,Other Kharif pulses,Kharif,260.0,100.0,0.38,Hectare,Tonnes,Tonne/Hectare,Black (Regur),100.0,,Entisols,Lithic Ustorthents,Loamy,Shallow,Well drained,Neutral,Basalt,9
Maharashtra,Buldhana,2017-2018,Other Rabi pulses,Rabi,7.0,6.0,0.86,Hectare,Tonnes,Tonne/Hectare,Black (Regur),100.0,,Entisols,Lithic Ustorthents,Loamy,Shallow,Well drained,Neutral,Basalt,9
Maharashtra,Buldhana,2017-2018,Other Summer Pulses,Summer,30.0,10.0,0.33,Hectare,Tonnes,Tonne/Hectare,Black (Regur),100.0,,Entisols,Lithic Ustorthents,Loamy,Shallow,Well drained,Neutral,Basalt,9
Maharashtra,Buldhana,2017-2018,Rapeseed &Mustard,Rabi,700.0,300.0,0.43,Hectare,Tonnes,Tonne/Hectare,Black (Regur),100.0,,Entisols,Lithic Ustorthents,Loamy,Shallow,Well drained,Neutral,Basalt,9
Maharashtra,Buldhana,2017-2018,Safflower,Rabi,100.0,100.0,1.0,Hectare,Tonnes,Tonne/Hectare,Black (Regur),100.0,,Entisols,Lithic Ustorthents,Loamy,Shallow,Well drained,Neutral,Basalt,9
Maharashtra,Buldhana,2017-2018,Sesamum,Kharif,1808.0,371.0,0.21,Hectare,Tonnes,Tonne/Hectare,Black (Regur),100.0,,Entisols,Lithic Ustorthents,Loamy,Shallow,Well drained,Neutral,Basalt,9
Maharashtra,Buldhana,2017-2018,Sesamum,Summer,8.0,16.0,2.0,Hectare,Tonnes,Tonne/Hectare,Black (Regur),100.0,,Entisols,Lithic Ustorthents,Loamy,Shallow,Well drained,Neutral,Basalt,9
Maharashtra,Buldhana,2017-2018,Soyabean,Kharif,370290.0,439600.0,1.19,Hectare,Tonnes,Tonne/Hectare,Black (Regur),100.0,,Entisols,Lithic Ustorthents,Loamy,Shallow,Well drained,Neutral,Basalt,9
Maharashtra,Buldhana,2017-2018,Sugarcane,Whole Year,257.0,12900.0,50.19,Hectare,Tonnes,Tonne/Hectare,Black (Regur),100.0,,Entisols,Lithic Ustorthents,Loamy,Shallow,Well drained,Neutral,Basalt,9
Maharashtra,Buldhana,2017-2018,Sunflower,Rabi,35.0,18.0,0.51,Hectare,Tonnes,Tonne/Hectare,Black (Regur),100.0,,Entisols,Lithic Ustorthents,Loamy,Shallow,Well drained,Neutral,Basalt,9
Maharashtra,Buldhana,2017-2018,Sunflower,Summer,4.0,3.0,0.75,Hectare,Tonnes,Tonne/Hectare,Black (Regur),100.0,,Entisols,Lithic Ustorthents,Loamy,Shallow,Well drained,Neutral,Basalt,9
Maharashtra,Buldhana,2017-2018,Urad,Kharif,14925.0,8552.0,0.57,Hectare,Tonnes,Tonne/Hectare,Black (Regur),100.0,,Entisols,Lithic Ustorthents,Loamy,Shallow,Well drained,Neutral,Basalt,9
Maharashtra,Buldhana,2017-2018,Wheat,Rabi,35920.0,56300.0,1.57,Hectare,Tonnes,Tonne/Hectare,Black (Regur),100.0,,Entisols,Lithic Ustorthents,Loamy,Shallow,Well drained,Neutral,Basalt,9
Maharashtra,Buldhana,2017-2018,other oilseeds,Summer,590.0,120.0,0.2,Hectare,Tonnes,Tonne/Hectare,Black (Regur),100.0,,Entisols,Lithic Ustorthents,Loamy,Shallow,Well drained,Neutral,Basalt,9
Maharashtra,Chandrapur,2017-2018,Arhar/Tur,Kharif,40431.0,53949.0,1.33,Hectare,Tonnes,Tonne/Hectare,Saline / Alkaline,44.4,Alluvial,Inceptisols,Vertic Haplustepts,Clayey,Moderately deep,Well drained,Others,,9
Maharashtra,Chandrapur,2017-2018,Castor seed,Kharif,27.0,11.0,0.41,Hectare,Tonnes,Tonne/Hectare,Saline / Alkaline,44.4,Alluvial,Inceptisols,Vertic Haplustepts,Clayey,Moderately deep,Well drained,Others,,9
Maharashtra,Chandrapur,2017-2018,Cotton(lint),Kharif,165040.0,325200.0,1.97,Hectare,Bales,Bales/Hectare,Saline / Alkaline,44.4,Alluvial,Inceptisols,Vertic Haplustepts,Clayey,Moderately deep,Well drained,Others,,9
Maharashtra,Chandrapur,2017-2018,Gram,Rabi,23900.0,15900.0,0.67,Hectare,Tonnes,Tonne/Hectare,Saline / Alkaline,44.4,Alluvial,Inceptisols,Vertic Haplustepts,Clayey,Moderately deep,Well drained,Others,,9
Maharashtra,Chandrapur,2017-2018,Groundnut,Summer,29.0,34.0,1.17,Hectare,Tonnes,Tonne/Hectare,Saline / Alkaline,44.4,Alluvial,Inceptisols,Vertic Haplustepts,Clayey,Moderately deep,Well drained,Others,,9
Maharashtra,Chandrapur,2017-2018,Jowar,Kharif,2200.0,1300.0,0.59,Hectare,Tonnes,Tonne/Hectare,Saline / Alkaline,44.4,Alluvial,Inceptisols,Vertic Haplustepts,Clayey,Moderately deep,Well drained,Others,,9
Maharashtra,Chandrapur,2017-2018,Jowar,Rabi,1300.0,300.0,0.23,Hectare,Tonnes,Tonne/Hectare,Saline / Alkaline,44.4,Alluvial,Inceptisols,Vertic Haplustepts,Clayey,Moderately deep,Well drained,Others,,9
Maharashtra,Chandrapur,2017-2018,Linseed,Rabi,400.0,100.0,0.25,Hectare,Tonnes,Tonne/Hectare,Saline / Alkaline,44.4,Alluvial,Inceptisols,Vertic Haplustepts,Clayey,Moderately deep,Well drained,Others,,9
Maharashtra,Chandrapur,2017-2018,Maize,Kharif,26.0,65.0,2.5,Hectare,Tonnes,Tonne/Hectare,Saline / Alkaline,44.4,Alluvial,Inceptisols,Vertic Haplustepts,Clayey,Moderately deep,Well drained,Others,,9
Maharashtra,Chandrapur,2017-2018,Maize,Rabi,1.0,,0.0,Hectare,Tonnes,Tonne/Hectare,Saline / Alkaline,44.4,Alluvial,Inceptisols,Vertic Haplustepts,Clayey,Moderately deep,Well drained,Others,,9
Maharashtra,Chandrapur,2017-2018,Maize,Summer,16.0,6.0,0.38,Hectare,Tonnes,Tonne/Hectare,Saline / Alkaline,44.4,Alluvial,Inceptisols,Vertic Haplustepts,Clayey,Moderately deep,Well drained,Others,,9
Maharashtra,Chandrapur,2017-2018,Moong(Green Gram),Kharif,608.0,213.0,0.35,Hectare,Tonnes,Tonne/Hectare,Saline / Alkaline,44.4,Alluvial,Inceptisols,Vertic Haplustepts,Clayey,Moderately deep,Well drained,Others,,9
Maharashtra,Chandrapur,2017-2018,Other Cereals,Kharif,10.0,3.0,0.3,Hectare,Tonnes,Tonne/Hectare,Saline / Alkaline,44.4,Alluvial,Inceptisols,Vertic Haplustepts,Clayey,Moderately deep,Well drained,Others,,9
Maharashtra,Chandrapur,2017-2018,Other Cereals,Rabi,130.0,100.0,0.77,Hectare,Tonnes,Tonne/Hectare,Saline / Alkaline,44.4,Alluvial,Inceptisols,Vertic Haplustepts,Clayey,Moderately deep,Well drained,Others,,9
Maharashtra,Chandrapur,2017-2018,Other Kharif pulses,Kharif,730.0,100.0,0.14,Hectare,Tonnes,Tonne/Hectare,Saline / Alkaline,44.4,Alluvial,Inceptisols,Vertic Haplustepts,Clayey,Moderately deep,Well drained,Others,,9
Maharashtra,Chandrapur,2017-2018,Other Rabi pulses,Rabi,24200.0,12600.0,0.52,Hectare,Tonnes,Tonne/Hectare,Saline / Alkaline,44.4,Alluvial,Inceptisols,Vertic Haplustepts,Clayey,Moderately deep,Well drained,Others,,9
Maharashtra,Chandrapur,2017-2018,Other Summer Pulses,Summer,30.0,12.0,0.4,Hectare,Tonnes,Tonne/Hectare,Saline / Alkaline,44.4,Alluvial,Inceptisols,Vertic Haplustepts,Clayey,Moderately deep,Well drained,Others,,9
Maharashtra,Chandrapur,2017-2018,Rapeseed &Mustard,Rabi,13.0,3.0,0.23,Hectare,Tonnes,Tonne/Hectare,Saline / Alkaline,44.4,Alluvial,Inceptisols,Vertic Haplustepts,Clayey,Moderately deep,Well drained,Others,,9
Maharashtra,Chandrapur,2017-2018,Rice,Kharif,129400.0,92700.0,0.72,Hectare,Tonnes,Tonne/Hectare,Saline / Alkaline,44.4,Alluvial,Inceptisols,Vertic Haplustepts,Clayey,Moderately deep,Well drained,Others,,9
Maharashtra,Chandrapur,2017-2018,Rice,Summer,3188.0,6400.0,2.01,Hectare,Tonnes,Tonne/Hectare,Saline / Alkaline,44.4,Alluvial,Inceptisols,Vertic Haplustepts,Clayey,Moderately deep,Well drained,Others,,9
Maharashtra,Chandrapur,2017-2018,Sesamum,Kharif,399.0,75.0,0.19,Hectare,Tonnes,Tonne/Hectare,Saline / Alkaline,44.4,Alluvial,Inceptisols,Vertic Haplustepts,Clayey,Moderately deep,Well drained,Others,,9
Maharashtra,Chandrapur,2017-2018,Sesamum,Rabi,2.0,1.0,0.5,Hectare,Tonnes,Tonne/Hectare,Saline / Alkaline,44.4,Alluvial,Inceptisols,Vertic Haplustepts,Clayey,Moderately deep,Well drained,Others,,9
Maharashtra,Chandrapur,2017-2018,Sesamum,Summer,5.0,1.0,0.2,Hectare,Tonnes,Tonne/Hectare,Saline / Alkaline,44.4,Alluvial,Inceptisols,Vertic Haplustepts,Clayey,Moderately deep,Well drained,Others,,9
Maharashtra,Chandrapur,2017-2018,Soyabean,Kharif,65900.0,62000.0,0.94,Hectare,Tonnes,Tonne/Hectare,Saline / Alkaline,44.4,Alluvial,Inceptisols,Vertic Haplustepts,Clayey,Moderately deep,Well drained,Others,,9
Maharashtra,Chandrapur,2017-2018,Sugarcane,Whole Year,26.0,1300.0,50.0,Hectare,Tonnes,Tonne/Hectare,Saline / Alkaline,44.4,Alluvial,Inceptisols,Vertic Haplustepts,Clayey,Moderately deep,Well drained,Others,,9
Maharashtra,Chandrapur,2017-2018,Sunflower,Rabi,6.0,3.0,0.5,Hectare,Tonnes,Tonne/Hectare,Saline / Alkaline,44.4,Alluvial,Inceptisols,Vertic Haplustepts,Clayey,Moderately deep,Well drained,Others,,9
Maharashtra,Chandrapur,2017-2018,Sunflower,Summer,1.0,1.0,1.0,Hectare,Tonnes,Tonne/Hectare,Saline / Alkaline,44.4,Alluvial,Inceptisols,Vertic Haplustepts,Clayey,Moderately deep,Well drained,Others,,9
Maharashtra,Chandrapur,2017-2018,Urad,Kharif,201.0,50.0,0.25,Hectare,Tonnes,Tonne/Hectare,Saline / Alkaline,44.4,Alluvial,Inceptisols,Vertic Haplustepts,Clayey,Moderately deep,Well drained,Others,,9
Maharashtra,Chandrapur,2017-2018,Wheat,Rabi,18124.0,20300.0,1.12,Hectare,Tonnes,Tonne/Hectare,Saline / Alkaline,44.4,Alluvial,Inceptisols,Vertic Haplustepts,Clayey,Moderately deep,Well drained,Others,,9
Maharashtra,Chhatrapati Sambhajinagar,2017-2018,Arhar/Tur,Kharif,63900.0,52600.0,0.82,Hectare,Tonnes,Tonne/Hectare,Black (Regur),88.9,Saline / Alkaline,Entisols,Lithic Ustorthents,Loamy,Shallow,Well drained,Neutral,Basalt,9
Maharashtra,Chhatrapati Sambhajinagar,2017-2018,Bajra,Kharif,54200.0,37200.0,0.69,Hectare,Tonnes,Tonne/Hectare,Black (Regur),88.9,Saline / Alkaline,Entisols,Lithic Ustorthents,Loamy,Shallow,Well drained,Neutral,Basalt,9
Maharashtra,Chhatrapati Sambhajinagar,2017-2018,Castor seed,Kharif,1700.0,300.0,0.18,Hectare,Tonnes,Tonne/Hectare,Black (Regur),88.9,Saline / Alkaline,Entisols,Lithic Ustorthents,Loamy,Shallow,Well drained,Neutral,Basalt,9
Maharashtra,Chhatrapati Sambhajinagar,2017-2018,Cotton(lint),Kharif,521353.0,415200.0,0.8,Hectare,Bales,Bales/Hectare,Black (Regur),88.9,Saline / Alkaline,Entisols,Lithic Ustorthents,Loamy,Shallow,Well drained,Neutral,Basalt,9
Maharashtra,Chhatrapati Sambhajinagar,2017-2018,Gram,Rabi,86400.0,57800.0,0.67,Hectare,Tonnes,Tonne/Hectare,Black (Regur),88.9,Saline / Alkaline,Entisols,Lithic Ustorthents,Loamy,Shallow,Well drained,Neutral,Basalt,9
Maharashtra,Chhatrapati Sambhajinagar,2017-2018,Groundnut,Kharif,7000.0,5100.0,0.73,Hectare,Tonnes,Tonne/Hectare,Black (Regur),88.9,Saline / Alkaline,Entisols,Lithic Ustorthents,Loamy,Shallow,Well drained,Neutral,Basalt,9
Maharashtra,Chhatrapati Sambhajinagar,2017-2018,Groundnut,Summer,442.0,300.0,0.68,Hectare,Tonnes,Tonne/Hectare,Black (Regur),88.9,Saline / Alkaline,Entisols,Lithic Ustorthents,Loamy,Shallow,Well drained,Neutral,Basalt,9
Maharashtra,Chhatrapati Sambhajinagar,2017-2018,Jowar,Kharif,3300.0,4800.0,1.45,Hectare,Tonnes,Tonne/Hectare,Black (Regur),88.9,Saline / Alkaline,Entisols,Lithic Ustorthents,Loamy,Shallow,Well drained,Neutral,Basalt,9
Maharashtra,Chhatrapati Sambhajinagar,2017-2018,Jowar,Rabi,156900.0,106300.0,0.68,Hectare,Tonnes,Tonne/Hectare,Black (Regur),88.9,Saline / Alkaline,Entisols,Lithic Ustorthents,Loamy,Shallow,Well drained,Neutral,Basalt,9
Maharashtra,Chhatrapati Sambhajinagar,2017-2018,Maize,Kharif,38000.0,75600.0,1.99,Hectare,Tonnes,Tonne/Hectare,Black (Regur),88.9,Saline / Alkaline,Entisols,Lithic Ustorthents,Loamy,Shallow,Well drained,Neutral,Basalt,9
Maharashtra,Chhatrapati Sambhajinagar,2017-2018,Maize,Rabi,7800.0,18500.0,2.37,Hectare,Tonnes,Tonne/Hectare,Black (Regur),88.9,Saline / Alkaline,Entisols,Lithic Ustorthents,Loamy,Shallow,Well drained,Neutral,Basalt,9
Maharashtra,Chhatrapati Sambhajinagar,2017-2018,Maize,Summer,913.0,1100.0,1.2,Hectare,Tonnes,Tonne/Hectare,Black (Regur),88.9,Saline / Alkaline,Entisols,Lithic Ustorthents,Loamy,Shallow,Well drained,Neutral,Basalt,9
Maharashtra,Chhatrapati Sambhajinagar,2017-2018,Moong(Green Gram),Kharif,7742.0,4223.0,0.55,Hectare,Tonnes,Tonne/Hectare,Black (Regur),88.9,Saline / Alkaline,Entisols,Lithic Ustorthents,Loamy,Shallow,Well drained,Neutral,Basalt,9
Maharashtra,Chhatrapati Sambhajinagar,2017-2018,Other Cereals,Kharif,1900.0,800.0,0.42,Hectare,Tonnes,Tonne/Hectare,Black (Regur),88.9,Saline / Alkaline,Entisols,Lithic Ustorthents,Loamy,Shallow,Well drained,Neutral,Basalt,9
Maharashtra,Chhatrapati Sambhajinagar,2017-2018,Other Cereals,Rabi,900.0,400.0,0.44,Hectare,Tonnes,Tonne/Hectare,Black (Regur),88.9,Saline / Alkaline,Entisols,Lithic Ustorthents,Loamy,Shallow,Well drained,Neutral,Basalt,9
Maharashtra,Chhatrapati Sambhajinagar,2017-2018,Other Cereals,Summer,580.0,300.0,0.52,Hectare,Tonnes,Tonne/Hectare,Black (Regur),88.9,Saline / Alkaline,Entisols,Lithic Ustorthents,Loamy,Shallow,Well drained,Neutral,Basalt,9
Maharashtra,Chhatrapati Sambhajinagar,2017-2018,Other Kharif pulses,Kharif,1200.0,200.0,0.17,Hectare,Tonnes,Tonne/Hectare,Black (Regur),88.9,Saline / Alkaline,Entisols,Lithic Ustorthents,Loamy,Shallow,Well drained,Neutral,Basalt,9
Maharashtra,Chhatrapati Sambhajinagar,2017-2018,Other Rabi pulses,Rabi,96.0,30.0,0.31,Hectare,Tonnes,Tonne/Hectare,Black (Regur),88.9,Saline / Alkaline,Entisols,Lithic Ustorthents,Loamy,Shallow,Well drained,Neutral,Basalt,9
Maharashtra,Chhatrapati Sambhajinagar,2017-2018,Rapeseed &Mustard,Rabi,100.0,23.0,0.23,Hectare,Tonnes,Tonne/Hectare,Black (Regur),88.9,Saline / Alkaline,Entisols,Lithic Ustorthents,Loamy,Shallow,Well drained,Neutral,Basalt,9
Maharashtra,Chhatrapati Sambhajinagar,2017-2018,Safflower,Rabi,640.0,600.0,0.94,Hectare,Tonnes,Tonne/Hectare,Black (Regur),88.9,Saline / Alkaline,Entisols,Lithic Ustorthents,Loamy,Shallow,Well drained,Neutral,Basalt,9
Maharashtra,Chhatrapati Sambhajinagar,2017-2018,Sesamum,Kharif,193.0,29.0,0.15,Hectare,Tonnes,Tonne/Hectare,Black (Regur),88.9,Saline / Alkaline,Entisols,Lithic Ustorthents,Loamy,Shallow,Well drained,Neutral,Basalt,9
Maharashtra,Chhatrapati Sambhajinagar,2017-2018,Soyabean,Kharif,26200.0,11500.0,0.44,Hectare,Tonnes,Tonne/Hectare,Black (Regur),88.9,Saline / Alkaline,Entisols,Lithic Ustorthents,Loamy,Shallow,Well drained,Neutral,Basalt,9
Maharashtra,Chhatrapati Sambhajinagar,2017-2018,Sugarcane,Whole Year,21325.0,1172900.0,55.0,Hectare,Tonnes,Tonne/Hectare,Black (Regur),88.9,Saline / Alkaline,Entisols,Lithic Ustorthents,Loamy,Shallow,Well drained,Neutral,Basalt,9
Maharashtra,Chhatrapati Sambhajinagar,2017-2018,Sunflower,Kharif,118.0,106.0,0.9,Hectare,Tonnes,Tonne/Hectare,Black (Regur),88.9,Saline / Alkaline,Entisols,Lithic Ustorthents,Loamy,Shallow,Well drained,Neutral,Basalt,9
Maharashtra,Chhatrapati Sambhajinagar,2017-2018,Sunflower,Rabi,28.0,10.0,0.36,Hectare,Tonnes,Tonne/Hectare,Black (Regur),88.9,Saline / Alkaline,Entisols,Lithic Ustorthents,Loamy,Shallow,Well drained,Neutral,Basalt,9
Maharashtra,Chhatrapati Sambhajinagar,2017-2018,Urad,Kharif,1831.0,1136.0,0.62,Hectare,Tonnes,Tonne/Hectare,Black (Regur),88.9,Saline / Alkaline,Entisols,Lithic Ustorthents,Loamy,Shallow,Well drained,Neutral,Basalt,9
Maharashtra,Chhatrapati Sambhajinagar,2017-2018,Wheat,Rabi,69900.0,115000.0,1.65,Hectare,Tonnes,Tonne/Hectare,Black (Regur),88.9,Saline / Alkaline,Entisols,Lithic Ustorthents,Loamy,Shallow,Well drained,Neutral,Basalt,9
Maharashtra,Dharashiv,2017-2018,Arhar/Tur,Kharif,70300.0,58100.0,0.83,Hectare,Tonnes,Tonne/Hectare,Black (Regur),55.6,Red & Yellow,Entisols,Lithic Ustorthents,Clayey,Shallow,Well drained,Slightly alkaline,Basalt,9
Maharashtra,Dharashiv,2017-2018,Bajra,Kharif,9900.0,4600.0,0.46,Hectare,Tonnes,Tonne/Hectare,Black (Regur),55.6,Red & Yellow,Entisols,Lithic Ustorthents,Clayey,Shallow,Well drained,Slightly alkaline,Basalt,9
Maharashtra,Dharashiv,2017-2018,Castor seed,Kharif,700.0,100.0,0.14,Hectare,Tonnes,Tonne/Hectare,Black (Regur),55.6,Red & Yellow,Entisols,Lithic Ustorthents,Clayey,Shallow,Well drained,Slightly alkaline,Basalt,9
Maharashtra,Dharashiv,2017-2018,Cotton(lint),Kharif,13448.0,8000.0,0.59,Hectare,Bales,Bales/Hectare,Black (Regur),55.6,Red & Yellow,Entisols,Lithic Ustorthents,Clayey,Shallow,Well drained,Slightly alkaline,Basalt,9
Maharashtra,Dharashiv,2017-2018,Gram,Rabi,153482.0,117900.0,0.77,Hectare,Tonnes,Tonne/Hectare,Black (Regur),55.6,Red & Yellow,Entisols,Lithic Ustorthents,Clayey,Shallow,Well drained,Slightly alkaline,Basalt,9
Maharashtra,Dharashiv,2017-2018,Groundnut,Kharif,4807.0,3000.0,0.62,Hectare,Tonnes,Tonne/Hectare,Black (Regur),55.6,Red & Yellow,Entisols,Lithic Ustorthents,Clayey,Shallow,Well drained,Slightly alkaline,Basalt,9
Maharashtra,Dharashiv,2017-2018,Groundnut,Summer,1563.0,1300.0,0.83,Hectare,Tonnes,Tonne/Hectare,Black (Regur),55.6,Red & Yellow,Entisols,Lithic Ustorthents,Clayey,Shallow,Well drained,Slightly alkaline,Basalt,9
Maharashtra,Dharashiv,2017-2018,Jowar,Kharif,12936.0,9000.0,0.7,Hectare,Tonnes,Tonne/Hectare,Black (Regur),55.6,Red & Yellow,Entisols,Lithic Ustorthents,Clayey,Shallow,Well drained,Slightly alkaline,Basalt,9
Maharashtra,Dharashiv,2017-2018,Jowar,Rabi,162308.0,117400.0,0.72,Hectare,Tonnes,Tonne/Hectare,Black (Regur),55.6,Red & Yellow,Entisols,Lithic Ustorthents,Clayey,Shallow,Well drained,Slightly alkaline,Basalt,9
Maharashtra,Dharashiv,2017-2018,Linseed,Rabi,1703.0,600.0,0.35,Hectare,Tonnes,Tonne/Hectare,Black (Regur),55.6,Red & Yellow,Entisols,Lithic Ustorthents,Clayey,Shallow,Well drained,Slightly alkaline,Basalt,9
Maharashtra,Dharashiv,2017-2018,Maize,Kharif,19000.0,15600.0,0.82,Hectare,Tonnes,Tonne/Hectare,Black (Regur),55.6,Red & Yellow,Entisols,Lithic Ustorthents,Clayey,Shallow,Well drained,Slightly alkaline,Basalt,9
Maharashtra,Dharashiv,2017-2018,Maize,Rabi,7800.0,7400.0,0.95,Hectare,Tonnes,Tonne/Hectare,Black (Regur),55.6,Red & Yellow,Entisols,Lithic Ustorthents,Clayey,Shallow,Well drained,Slightly alkaline,Basalt,9
Maharashtra,Dharashiv,2017-2018,Maize,Summer,1757.0,1700.0,0.97,Hectare,Tonnes,Tonne/Hectare,Black (Regur),55.6,Red & Yellow,Entisols,Lithic Ustorthents,Clayey,Shallow,Well drained,Slightly alkaline,Basalt,9
Maharashtra,Dharashiv,2017-2018,Moong(Green Gram),Kharif,9943.0,2005.0,0.2,Hectare,Tonnes,Tonne/Hectare,Black (Regur),55.6,Red & Yellow,Entisols,Lithic Ustorthents,Clayey,Shallow,Well drained,Slightly alkaline,Basalt,9
Maharashtra,Dharashiv,2017-2018,Niger seed,Kharif,3047.0,413.0,0.14,Hectare,Tonnes,Tonne/Hectare,Black (Regur),55.6,Red & Yellow,Entisols,Lithic Ustorthents,Clayey,Shallow,Well drained,Slightly alkaline,Basalt,9
Maharashtra,Dharashiv,2017-2018,Other Cereals,Kharif,900.0,300.0,0.33,Hectare,Tonnes,Tonne/Hectare,Black (Regur),55.6,Red & Yellow,Entisols,Lithic Ustorthents,Clayey,Shallow,Well drained,Slightly alkaline,Basalt,9
Maharashtra,Dharashiv,2017-2018,Other Cereals,Rabi,900.0,100.0,0.11,Hectare,Tonnes,Tonne/Hectare,Black (Regur),55.6,Red & Yellow,Entisols,Lithic Ustorthents,Clayey,Shallow,Well drained,Slightly alkaline,Basalt,9
Maharashtra,Dharashiv,2017-2018,Other Kharif pulses,Kharif,1100.0,400.0,0.36,Hectare,Tonnes,Tonne/Hectare,Black (Regur),55.6,Red & Yellow,Entisols,Lithic Ustorthents,Clayey,Shallow,Well drained,Slightly alkaline,Basalt,9
Maharashtra,Dharashiv,2017-2018,Other Rabi pulses,Rabi,1000.0,300.0,0.3,Hectare,Tonnes,Tonne/Hectare,Black (Regur),55.6,Red & Yellow,Entisols,Lithic Ustorthents,Clayey,Shallow,Well drained,Slightly alkaline,Basalt,9
Maharashtra,Dharashiv,2017-2018,Rapeseed &Mustard,Rabi,600.0,100.0,0.17,Hectare,Tonnes,Tonne/Hectare,Black (Regur),55.6,Red & Yellow,Entisols,Lithic Ustorthents,Clayey,Shallow,Well drained,Slightly alkaline,Basalt,9
Maharashtra,Dharashiv,2017-2018,Rice,Kharif,7500.0,2200.0,0.29,Hectare,Tonnes,Tonne/Hectare,Black (Regur),55.6,Red & Yellow,Entisols,Lithic Ustorthents,Clayey,Shallow,Well drained,Slightly alkaline,Basalt,9
Maharashtra,Dharashiv,2017-2018,Safflower,Rabi,10300.0,6500.0,0.63,Hectare,Tonnes,Tonne/Hectare,Black (Regur),55.6,Red & Yellow,Entisols,Lithic Ustorthents,Clayey,Shallow,Well drained,Slightly alkaline,Basalt,9
Maharashtra,Dharashiv,2017-2018,Sesamum,Kharif,3553.0,481.0,0.14,Hectare,Tonnes,Tonne/Hectare,Black (Regur),55.6,Red & Yellow,Entisols,Lithic Ustorthents,Clayey,Shallow,Well drained,Slightly alkaline,Basalt,9
Maharashtra,Dharashiv,2017-2018,Soyabean,Kharif,115400.0,79400.0,0.69,Hectare,Tonnes,Tonne/Hectare,Black (Regur),55.6,Red & Yellow,Entisols,Lithic Ustorthents,Clayey,Shallow,Well drained,Slightly alkaline,Basalt,9
Maharashtra,Dharashiv,2017-2018,Sugarcane,Whole Year,35000.0,1575000.0,45.0,Hectare,Tonnes,Tonne/Hectare,Black (Regur),55.6,Red & Yellow,Entisols,Lithic Ustorthents,Clayey,Shallow,Well drained,Slightly alkaline,Basalt,9
Maharashtra,Dharashiv,2017-2018,Sunflower,Kharif,8943.0,3794.0,0.42,Hectare,Tonnes,Tonne/Hectare,Black (Regur),55.6,Red & Yellow,Entisols,Lithic Ustorthents,Clayey,Shallow,Well drained,Slightly alkaline,Basalt,9
Maharashtra,Dharashiv,2017-2018,Sunflower,Rabi,3100.0,1500.0,0.48,Hectare,Tonnes,Tonne/Hectare,Black (Regur),55.6,Red & Yellow,Entisols,Lithic Ustorthents,Clayey,Shallow,Well drained,Slightly alkaline,Basalt,9
Maharashtra,Dharashiv,2017-2018,Urad,Kharif,23568.0,5846.0,0.25,Hectare,Tonnes,Tonne/Hectare,Black (Regur),55.6,Red & Yellow,Entisols,Lithic Ustorthents,Clayey,Shallow,Well drained,Slightly alkaline,Basalt,9
Maharashtra,Dharashiv,2017-2018,Wheat,Rabi,30300.0,19400.0,0.64,Hectare,Tonnes,Tonne/Hectare,Black (Regur),55.6,Red & Yellow,Entisols,Lithic Ustorthents,Clayey,Shallow,Well drained,Slightly alkaline,Basalt,9
Maharashtra,Dhule,2017-2018,Arhar/Tur,Kharif,9900.0,9300.0,0.94,Hectare,Tonnes,Tonne/Hectare,Black (Regur),66.7,Saline / Alkaline,Entisols,Lithic Ustorthents,Loamy,Shallow,Well drained,Neutral,Basalt,9
Maharashtra,Dhule,2017-2018,Bajra,Kharif,77800.0,103300.0,1.33,Hectare,Tonnes,Tonne/Hectare,Black (Regur),66.7,Saline / Alkaline,Entisols,Lithic Ustorthents,Loamy,Shallow,Well drained,Neutral,Basalt,9
Maharashtra,Dhule,2017-2018,Cotton(lint),Kharif,200400.0,379400.0,1.89,Hectare,Bales,Bales/Hectare,Black (Regur),66.7,Saline / Alkaline,Entisols,Lithic Ustorthents,Loamy,Shallow,Well drained,Neutral,Basalt,9
Maharashtra,Dhule,2017-2018,Gram,Rabi,69700.0,149700.0,2.15,Hectare,Tonnes,Tonne/Hectare,Black (Regur),66.7,Saline / Alkaline,Entisols,Lithic Ustorthents,Loamy,Shallow,Well drained,Neutral,Basalt,9
Maharashtra,Dhule,2017-2018,Groundnut,Kharif,15200.0,17600.0,1.16,Hectare,Tonnes,Tonne/Hectare,Black (Regur),66.7,Saline / Alkaline,Entisols,Lithic Ustorthents,Loamy,Shallow,Well drained,Neutral,Basalt,9
Maharashtra,Dhule,2017-2018,Groundnut,Summer,3512.0,3770.0,1.07,Hectare,Tonnes,Tonne/Hectare,Black (Regur),66.7,Saline / Alkaline,Entisols,Lithic Ustorthents,Loamy,Shallow,Well drained,Neutral,Basalt,9
Maharashtra,Dhule,2017-2018,Jowar,Kharif,22000.0,32700.0,1.49,Hectare,Tonnes,Tonne/Hectare,Black (Regur),66.7,Saline / Alkaline,Entisols,Lithic Ustorthents,Loamy,Shallow,Well drained,Neutral,Basalt,9
Maharashtra,Dhule,2017-2018,Jowar,Rabi,16300.0,16800.0,1.03,Hectare,Tonnes,Tonne/Hectare,Black (Regur),66.7,Saline / Alkaline,Entisols,Lithic Ustorthents,Loamy,Shallow,Well drained,Neutral,Basalt,9
Maharashtra,Dhule,2017-2018,Maize,Kharif,63900.0,212200.0,3.32,Hectare,Tonnes,Tonne/Hectare,Black (Regur),66.7,Saline / Alkaline,Entisols,Lithic Ustorthents,Loamy,Shallow,Well drained,Neutral,Basalt,9
Maharashtra,Dhule,2017-2018,Maize,Rabi,5600.0,19500.0,3.48,Hectare,Tonnes,Tonne/Hectare,Black (Regur),66.7,Saline / Alkaline,Entisols,Lithic Ustorthents,Loamy,Shallow,Well drained,Neutral,Basalt,9
Maharashtra,Dhule,2017-2018,Maize,Summer,346.0,800.0,2.31,Hectare,Tonnes,Tonne/Hectare,Black (Regur),66.7,Saline / Alkaline,Entisols,Lithic Ustorthents,Loamy,Shallow,Well drained,Neutral,Basalt,9
Maharashtra,Dhule,2017-2018,Moong(Green Gram),Kharif,23041.0,15030.0,0.65,Hectare,Tonnes,Tonne/Hectare,Black (Regur),66.7,Saline / Alkaline,Entisols,Lithic Ustorthents,Loamy,Shallow,Well drained,Neutral,Basalt,9
Maharashtra,Dhule,2017-2018,Niger seed,Kharif,36.0,9.0,0.25,Hectare,Tonnes,Tonne/Hectare,Black (Regur),66.7,Saline / Alkaline,Entisols,Lithic Ustorthents,Loamy,Shallow,Well drained,Neutral,Basalt,9
Maharashtra,Dhule,2017-2018,Other Cereals,Kharif,900.0,1200.0,1.33,Hectare,Tonnes,Tonne/Hectare,Black (Regur),66.7,Saline / Alkaline,Entisols,Lithic Ustorthents,Loamy,Shallow,Well drained,Neutral,Basalt,9
Maharashtra,Dhule,2017-2018,Other Kharif pulses,Kharif,1500.0,700.0,0.47,Hectare,Tonnes,Tonne/Hectare,Black (Regur),66.7,Saline / Alkaline,Entisols,Lithic Ustorthents,Loamy,Shallow,Well drained,Neutral,Basalt,9
Maharashtra,Dhule,2017-2018,Other Rabi pulses,Rabi,505.0,300.0,0.59,Hectare,Tonnes,Tonne/Hectare,Black (Regur),66.7,Saline / Alkaline,Entisols,Lithic Ustorthents,Loamy,Shallow,Well drained,Neutral,Basalt,9
Maharashtra,Dhule,2017-2018,Ragi,Kharif,1600.0,2200.0,1.38,Hectare,Tonnes,Tonne/Hectare,Black (Regur),66.7,Saline / Alkaline,Entisols,Lithic Ustorthents,Loamy,Shallow,Well drained,Neutral,Basalt,9
Maharashtra,Dhule,2017-2018,Rice,Kharif,7000.0,14100.0,2.01,Hectare,Tonnes,Tonne/Hectare,Black (Regur),66.7,Saline / Alkaline,Entisols,Lithic Ustorthents,Loamy,Shallow,Well drained,Neutral,Basalt,9
Maharashtra,Dhule,2017-2018,Sesamum,Kharif,311.0,74.0,0.24,Hectare,Tonnes,Tonne/Hectare,Black (Regur),66.7,Saline / Alkaline,Entisols,Lithic Ustorthents,Loamy,Shallow,Well drained,Neutral,Basalt,9
Maharashtra,Dhule,2017-2018,Sesamum,Rabi,51.0,18.0,0.35,Hectare,Tonnes,Tonne/Hectare,Black (Regur),66.7,Saline / Alkaline,Entisols,Lithic Ustorthents,Loamy,Shallow,Well drained,Neutral,Basalt,9
Maharashtra,Dhule,2017-2018,Soyabean,Kharif,18456.0,32700.0,1.77,Hectare,Tonnes,Tonne/Hectare,Black (Regur),66.7,Saline / Alkaline,Entisols,Lithic Ustorthents,Loamy,Shallow,Well drained,Neutral,Basalt,9
Maharashtra,Dhule,2017-2018,Sugarcane,Whole Year,2501.0,199200.0,79.65,Hectare,Tonnes,Tonne/Hectare,Black (Regur),66.7,Saline / Alkaline,Entisols,Lithic Ustorthents,Loamy,Shallow,Well drained,Neutral,Basalt,9
Maharashtra,Dhule,2017-2018,Sunflower,Rabi,10.0,5.0,0.5,Hectare,Tonnes,Tonne/Hectare,Black (Regur),66.7,Saline / Alkaline,Entisols,Lithic Ustorthents,Loamy,Shallow,Well drained,Neutral,Basalt,9
Maharashtra,Dhule,2017-2018,Urad,Kharif,8713.0,4181.0,0.48,Hectare,Tonnes,Tonne/Hectare,Black (Regur),66.7,Saline / Alkaline,Entisols,Lithic Ustorthents,Loamy,Shallow,Well drained,Neutral,Basalt,9
Maharashtra,Dhule,2017-2018,Wheat,Rabi,52896.0,116900.0,2.21,Hectare,Tonnes,Tonne/Hectare,Black (Regur),66.7,Saline / Alkaline,Entisols,Lithic Ustorthents,Loamy,Shallow,Well drained,Neutral,Basalt,9
Maharashtra,Gadchiroli,2017-2018,Arhar/Tur,Kharif,5299.0,5650.0,1.07,Hectare,Tonnes,Tonne/Hectare,Alluvial,66.7,Red & Yellow,Inceptisols,Typic Haplustepts,Loamy,Very deep,Well drained,Slightly acidic,Alluvium,9
Maharashtra,Gadchiroli,2017-2018,Castor seed,Kharif,100.0,23.0,0.23,Hectare,Tonnes,Tonne/Hectare,Alluvial,66.7,Red & Yellow,Inceptisols,Typic Haplustepts,Loamy,Very deep,Well drained,Slightly acidic,Alluvium,9
Maharashtra,Gadchiroli,2017-2018,Cotton(lint),Kharif,5654.0,22600.0,4.0,Hectare,Bales,Bales/Hectare,Alluvial,66.7,Red & Yellow,Inceptisols,Typic Haplustepts,Loamy,Very deep,Well drained,Slightly acidic,Alluvium,9
Maharashtra,Gadchiroli,2017-2018,Gram,Rabi,13700.0,7300.0,0.53,Hectare,Tonnes,Tonne/Hectare,Alluvial,66.7,Red & Yellow,Inceptisols,Typic Haplustepts,Loamy,Very deep,Well drained,Slightly acidic,Alluvium,9
Maharashtra,Gadchiroli,2017-2018,Groundnut,Summer,1.0,1.0,1.0,Hectare,Tonnes,Tonne/Hectare,Alluvial,66.7,Red & Yellow,Inceptisols,Typic Haplustepts,Loamy,Very deep,Well drained,Slightly acidic,Alluvium,9
Maharashtra,Gadchiroli,2017-2018,Jowar,Kharif,23.0,12.0,0.52,Hectare,Tonnes,Tonne/Hectare,Alluvial,66.7,Red & Yellow,Inceptisols,Typic Haplustepts,Loamy,Very deep,Well drained,Slightly acidic,Alluvium,9
Maharashtra,Gadchiroli,2017-2018,Jowar,Rabi,1300.0,700.0,0.54,Hectare,Tonnes,Tonne/Hectare,Alluvial,66.7,Red & Yellow,Inceptisols,Typic Haplustepts,Loamy,Very deep,Well drained,Slightly acidic,Alluvium,9
Maharashtra,Gadchiroli,2017-2018,Linseed,Rabi,1300.0,300.0,0.23,Hectare,Tonnes,Tonne/Hectare,Alluvial,66.7,Red & Yellow,Inceptisols,Typic Haplustepts,Loamy,Very deep,Well drained,Slightly acidic,Alluvium,9
Maharashtra,Gadchiroli,2017-2018,Maize,Kharif,1600.0,4100.0,2.56,Hectare,Tonnes,Tonne/Hectare,Alluvial,66.7,Red & Yellow,Inceptisols,Typic Haplustepts,Loamy,Very deep,Well drained,Slightly acidic,Alluvium,9
Maharashtra,Gadchiroli,2017-2018,Maize,Rabi,400.0,500.0,1.25,Hectare,Tonnes,Tonne/Hectare,Alluvial,66.7,Red & Yellow,Inceptisols,Typic Haplustepts,Loamy,Very deep,Well drained,Slightly acidic,Alluvium,9
Maharashtra,Gadchiroli,2017-2018,Maize,Summer,326.0,800.0,2.45,Hectare,Tonnes,Tonne/Hectare,Alluvial,66.7,Red & Yellow,Inceptisols,Typic Haplustepts,Loamy,Very deep,Well drained,Slightly acidic,Alluvium,9
Maharashtra,Gadchiroli,2017-2018,Moong(Green Gram),Kharif,13.0,3.0,0.23,Hectare,Tonnes,Tonne/Hectare,Alluvial,66.7,Red & Yellow,Inceptisols,Typic Haplustepts,Loamy,Very deep,Well drained,Slightly acidic,Alluvium,9
Maharashtra,Gadchiroli,2017-2018,Other Cereals,Kharif,150.0,45.0,0.3,Hectare,Tonnes,Tonne/Hectare,Alluvial,66.7,Red & Yellow,Inceptisols,Typic Haplustepts,Loamy,Very deep,Well drained,Slightly acidic,Alluvium,9
Maharashtra,Gadchiroli,2017-2018,Other Kharif pulses,Kharif,1100.0,200.0,0.18,Hectare,Tonnes,Tonne/Hectare,Alluvial,66.7,Red & Yellow,Inceptisols,Typic Haplustepts,Loamy,Very deep,Well drained,Slightly acidic,Alluvium,9
Maharashtra,Gadchiroli,2017-2018,Other Rabi pulses,Rabi,12556.0,5100.0,0.41,Hectare,Tonnes,Tonne/Hectare,Alluvial,66.7,Red & Yellow,Inceptisols,Typic Haplustepts,Loamy,Very deep,Well drained,Slightly acidic,Alluvium,9
Maharashtra,Gadchiroli,2017-2018,Other Summer Pulses,Summer,44.0,9.0,0.2,Hectare,Tonnes,Tonne/Hectare,Alluvial,66.7,Red & Yellow,Inceptisols,Typic Haplustepts,Loamy,Very deep,Well drained,Slightly acidic,Alluvium,9
Maharashtra,Gadchiroli,2017-2018,Rapeseed &Mustard,Rabi,800.0,200.0,0.25,Hectare,Tonnes,Tonne/Hectare,Alluvial,66.7,Red & Yellow,Inceptisols,Typic Haplustepts,Loamy,Very deep,Well drained,Slightly acidic,Alluvium,9
Maharashtra,Gadchiroli,2017-2018,Rice,Kharif,148500.0,181800.0,1.22,Hectare,Tonnes,Tonne/Hectare,Alluvial,66.7,Red & Yellow,Inceptisols,Typic Haplustepts,Loamy,Very deep,Well drained,Slightly acidic,Alluvium,9
Maharashtra,Gadchiroli,2017-2018,Rice,Summer,3295.0,6400.0,1.94,Hectare,Tonnes,Tonne/Hectare,Alluvial,66.7,Red & Yellow,Inceptisols,Typic Haplustepts,Loamy,Very deep,Well drained,Slightly acidic,Alluvium,9
Maharashtra,Gadchiroli,2017-2018,Sesamum,Kharif,300.0,56.0,0.19,Hectare,Tonnes,Tonne/Hectare,Alluvial,66.7,Red & Yellow,Inceptisols,Typic Haplustepts,Loamy,Very deep,Well drained,Slightly acidic,Alluvium,9
Maharashtra,Gadchiroli,2017-2018,Sesamum,Rabi,42.0,23.0,0.55,Hectare,Tonnes,Tonne/Hectare,Alluvial,66.7,Red & Yellow,Inceptisols,Typic Haplustepts,Loamy,Very deep,Well drained,Slightly acidic,Alluvium,9
Maharashtra,Gadchiroli,2017-2018,Soyabean,Kharif,200.0,300.0,1.5,Hectare,Tonnes,Tonne/Hectare,Alluvial,66.7,Red & Yellow,Inceptisols,Typic Haplustepts,Loamy,Very deep,Well drained,Slightly acidic,Alluvium,9
Maharashtra,Gadchiroli,2017-2018,Sunflower,Summer,26.0,20.0,0.77,Hectare,Tonnes,Tonne/Hectare,Alluvial,66.7,Red & Yellow,Inceptisols,Typic Haplustepts,Loamy,Very deep,Well drained,Slightly acidic,Alluvium,9
Maharashtra,Gadchiroli,2017-2018,Urad,Kharif,3.0,1.0,0.33,Hectare,Tonnes,Tonne/Hectare,Alluvial,66.7,Red & Yellow,Inceptisols,Typic Haplustepts,Loamy,Very deep,Well drained,Slightly acidic,Alluvium,9
Maharashtra,Gadchiroli,2017-2018,Wheat,Rabi,533.0,600.0,1.13,Hectare,Tonnes,Tonne/Hectare,Alluvial,66.7,Red & Yellow,Inceptisols,Typic Haplustepts,Loamy,Very deep,Well drained,Slightly acidic,Alluvium,9
Maharashtra,Gondia,2017-2018,Arhar/Tur,Kharif,6354.0,6775.0,1.07,Hectare,Tonnes,Tonne/Hectare,Black (Regur),71.4,Alluvial,Vertisols,Chromic Haplusterts,Clayey,Very deep,Moderately well drained,Slightly acidic,Alluvium,7
Maharashtra,Gondia,2017-2018,Gram,Rabi,4000.0,2700.0,0.68,Hectare,Tonnes,Tonne/Hectare,Black (Regur),71.4,Alluvial,Vertisols,Chromic Haplusterts,Clayey,Very deep,Moderately well drained,Slightly acidic,Alluvium,7
Maharashtra,Gondia,2017-2018,Linseed,Rabi,1900.0,700.0,0.37,Hectare,Tonnes,Tonne/Hectare,Black (Regur),71.4,Alluvial,Vertisols,Chromic Haplusterts,Clayey,Very deep,Moderately well drained,Slightly acidic,Alluvium,7
Maharashtra,Gondia,2017-2018,Maize,Rabi,29.0,30.0,1.03,Hectare,Tonnes,Tonne/Hectare,Black (Regur),71.4,Alluvial,Vertisols,Chromic Haplusterts,Clayey,Very deep,Moderately well drained,Slightly acidic,Alluvium,7
Maharashtra,Gondia,2017-2018,Maize,Summer,139.0,100.0,0.72,Hectare,Tonnes,Tonne/Hectare,Black (Regur),71.4,Alluvial,Vertisols,Chromic Haplusterts,Clayey,Very deep,Moderately well drained,Slightly acidic,Alluvium,7
Maharashtra,Gondia,2017-2018,Other Cereals,Rabi,30.0,16.0,0.53,Hectare,Tonnes,Tonne/Hectare,Black (Regur),71.4,Alluvial,Vertisols,Chromic Haplusterts,Clayey,Very deep,Moderately well drained,Slightly acidic,Alluvium,7
Maharashtra,Gondia,2017-2018,Other Kharif pulses,Kharif,100.0,13.0,0.13,Hectare,Tonnes,Tonne/Hectare,Black (Regur),71.4,Alluvial,Vertisols,Chromic Haplusterts,Clayey,Very deep,Moderately well drained,Slightly acidic,Alluvium,7
Maharashtra,Gondia,2017-2018,Other Rabi pulses,Rabi,8682.0,4400.0,0.51,Hectare,Tonnes,Tonne/Hectare,Black (Regur),71.4,Alluvial,Vertisols,Chromic Haplusterts,Clayey,Very deep,Moderately well drained,Slightly acidic,Alluvium,7
Maharashtra,Gondia,2017-2018,Other Summer Pulses,Summer,10.0,4.0,0.4,Hectare,Tonnes,Tonne/Hectare,Black (Regur),71.4,Alluvial,Vertisols,Chromic Haplusterts,Clayey,Very deep,Moderately well drained,Slightly acidic,Alluvium,7
Maharashtra,Gondia,2017-2018,Rapeseed &Mustard,Rabi,100.0,27.0,0.27,Hectare,Tonnes,Tonne/Hectare,Black (Regur),71.4,Alluvial,Vertisols,Chromic Haplusterts,Clayey,Very deep,Moderately well drained,Slightly acidic,Alluvium,7
Maharashtra,Gondia,2017-2018,Rice,Kharif,138500.0,218500.0,1.58,Hectare,Tonnes,Tonne/Hectare,Black (Regur),71.4,Alluvial,Vertisols,Chromic Haplusterts,Clayey,Very deep,Moderately well drained,Slightly acidic,Alluvium,7
Maharashtra,Gondia,2017-2018,Rice,Summer,4511.0,11000.0,2.44,Hectare,Tonnes,Tonne/Hectare,Black (Regur),71.4,Alluvial,Vertisols,Chromic Haplusterts,Clayey,Very deep,Moderately well drained,Slightly acidic,Alluvium,7
Maharashtra,Gondia,2017-2018,Sesamum,Kharif,1232.0,231.0,0.19,Hectare,Tonnes,Tonne/Hectare,Black (Regur),71.4,Alluvial,Vertisols,Chromic Haplusterts,Clayey,Very deep,Moderately well drained,Slightly acidic,Alluvium,7
Maharashtra,Gondia,2017-2018,Sesamum,Rabi,32.0,11.0,0.34,Hectare,Tonnes,Tonne/Hectare,Black (Regur),71.4,Alluvial,Vertisols,Chromic Haplusterts,Clayey,Very deep,Moderately well drained,Slightly acidic,Alluvium,7
Maharashtra,Gondia,2017-2018,Sesamum,Summer,2.0,,0.0,Hectare,Tonnes,Tonne/Hectare,Black (Regur),71.4,Alluvial,Vertisols,Chromic Haplusterts,Clayey,Very deep,Moderately well drained,Slightly acidic,Alluvium,7
Maharashtra,Gondia,2017-2018,Sugarcane,Whole Year,1129.0,45200.0,40.04,Hectare,Tonnes,Tonne/Hectare,Black (Regur),71.4,Alluvial,Vertisols,Chromic Haplusterts,Clayey,Very deep,Moderately well drained,Slightly acidic,Alluvium,7
Maharashtra,Gondia,2017-2018,Urad,Kharif,60.0,15.0,0.25,Hectare,Tonnes,Tonne/Hectare,Black (Regur),71.4,Alluvial,Vertisols,Chromic Haplusterts,Clayey,Very deep,Moderately well drained,Slightly acidic,Alluvium,7
Maharashtra,Gondia,2017-2018,Wheat,Rabi,3016.0,2400.0,0.8,Hectare,Tonnes,Tonne/Hectare,Black (Regur),71.4,Alluvial,Vertisols,Chromic Haplusterts,Clayey,Very deep,Moderately well drained,Slightly acidic,Alluvium,7
Maharashtra,Hingoli,2017-2018,Arhar/Tur,Kharif,77000.0,61900.0,0.8,Hectare,Tonnes,Tonne/Hectare,Saline / Alkaline,77.8,Black (Regur),Vertisols,Chromic Haplusterts,Clayey,Deep,Imperfectly drained,Others,,9
Maharashtra,Hingoli,2017-2018,Bajra,Kharif,300.0,100.0,0.33,Hectare,Tonnes,Tonne/Hectare,Saline / Alkaline,77.8,Black (Regur),Vertisols,Chromic Haplusterts,Clayey,Deep,Imperfectly drained,Others,,9
Maharashtra,Hingoli,2017-2018,Castor seed,Kharif,800.0,200.0,0.25,Hectare,Tonnes,Tonne/Hectare,Saline / Alkaline,77.8,Black (Regur),Vertisols,Chromic Haplusterts,Clayey,Deep,Imperfectly drained,Others,,9
Maharashtra,Hingoli,2017-2018,Cotton(lint),Kharif,86974.0,134200.0,1.54,Hectare,Bales,Bales/Hectare,Saline / Alkaline,77.8,Black (Regur),Vertisols,Chromic Haplusterts,Clayey,Deep,Imperfectly drained,Others,,9
Maharashtra,Hingoli,2017-2018,Gram,Rabi,75199.0,84000.0,1.12,Hectare,Tonnes,Tonne/Hectare,Saline / Alkaline,77.8,Black (Regur),Vertisols,Chromic Haplusterts,Clayey,Deep,Imperfectly drained,Others,,9
Maharashtra,Hingoli,2017-2018,Groundnut,Kharif,284.0,800.0,2.82,Hectare,Tonnes,Tonne/Hectare,Saline / Alkaline,77.8,Black (Regur),Vertisols,Chromic Haplusterts,Clayey,Deep,Imperfectly drained,Others,,9
Maharashtra,Hingoli,2017-2018,Groundnut,Summer,804.0,700.0,0.87,Hectare,Tonnes,Tonne/Hectare,Saline / Alkaline,77.8,Black (Regur),Vertisols,Chromic Haplusterts,Clayey,Deep,Imperfectly drained,Others,,9
Maharashtra,Hingoli,2017-2018,Jowar,Kharif,56997.0,33800.0,0.59,Hectare,Tonnes,Tonne/Hectare,Saline / Alkaline,77.8,Black (Regur),Vertisols,Chromic Haplusterts,Clayey,Deep,Imperfectly drained,Others,,9
Maharashtra,Hingoli,2017-2018,Jowar,Rabi,11669.0,10800.0,0.93,Hectare,Tonnes,Tonne/Hectare,Saline / Alkaline,77.8,Black (Regur),Vertisols,Chromic Haplusterts,Clayey,Deep,Imperfectly drained,Others,,9
Maharashtra,Hingoli,2017-2018,Maize,Kharif,1100.0,900.0,0.82,Hectare,Tonnes,Tonne/Hectare,Saline / Alkaline,77.8,Black (Regur),Vertisols,Chromic Haplusterts,Clayey,Deep,Imperfectly drained,Others,,9
Maharashtra,Hingoli,2017-2018,Maize,Rabi,100.0,100.0,1.0,Hectare,Tonnes,Tonne/Hectare,Saline / Alkaline,77.8,Black (Regur),Vertisols,Chromic Haplusterts,Clayey,Deep,Imperfectly drained,Others,,9
Maharashtra,Hingoli,2017-2018,Maize,Summer,350.0,200.0,0.57,Hectare,Tonnes,Tonne/Hectare,Saline / Alkaline,77.8,Black (Regur),Vertisols,Chromic Haplusterts,Clayey,Deep,Imperfectly drained,Others,,9
Maharashtra,Hingoli,2017-2018,Moong(Green Gram),Kharif,39311.0,14825.0,0.38,Hectare,Tonnes,Tonne/Hectare,Saline / Alkaline,77.8,Black (Regur),Vertisols,Chromic Haplusterts,Clayey,Deep,Imperfectly drained,Others,,9
Maharashtra,Hingoli,2017-2018,Other Cereals,Kharif,400.0,80.0,0.2,Hectare,Tonnes,Tonne/Hectare,Saline / Alkaline,77.8,Black (Regur),Vertisols,Chromic Haplusterts,Clayey,Deep,Imperfectly drained,Others,,9
Maharashtra,Hingoli,2017-2018,Other Cereals,Rabi,100.0,20.0,0.2,Hectare,Tonnes,Tonne/Hectare,Saline / Alkaline,77.8,Black (Regur),Vertisols,Chromic Haplusterts,Clayey,Deep,Imperfectly drained,Others,,9
Maharashtra,Hingoli,2017-2018,Other Kharif pulses,Kharif,200.0,,0.0,Hectare,Tonnes,Tonne/Hectare,Saline / Alkaline,77.8,Black (Regur),Vertisols,Chromic Haplusterts,Clayey,Deep,Imperfectly drained,Others,,9
Maharashtra,Hingoli,2017-2018,Safflower,Rabi,5500.0,2400.0,0.44,Hectare,Tonnes,Tonne/Hectare,Saline / Alkaline,77.8,Black (Regur),Vertisols,Chromic Haplusterts,Clayey,Deep,Imperfectly drained,Others,,9
Maharashtra,Hingoli,2017-2018,Sesamum,Kharif,667.0,95.0,0.14,Hectare,Tonnes,Tonne/Hectare,Saline / Alkaline,77.8,Black (Regur),Vertisols,Chromic Haplusterts,Clayey,Deep,Imperfectly drained,Others,,9
Maharashtra,Hingoli,2017-2018,Soyabean,Kharif,175800.0,199400.0,1.13,Hectare,Tonnes,Tonne/Hectare,Saline / Alkaline,77.8,Black (Regur),Vertisols,Chromic Haplusterts,Clayey,Deep,Imperfectly drained,Others,,9
Maharashtra,Hingoli,2017-2018,Sugarcane,Whole Year,9500.0,66500.0,7.0,Hectare,Tonnes,Tonne/Hectare,Saline / Alkaline,77.8,Black (Regur),Vertisols,Chromic Haplusterts,Clayey,Deep,Imperfectly drained,Others,,9
Maharashtra,Hingoli,2017-2018,Urad,Kharif,19832.0,9118.0,0.46,Hectare,Tonnes,Tonne/Hectare,Saline / Alkaline,77.8,Black (Regur),Vertisols,Chromic Haplusterts,Clayey,Deep,Imperfectly drained,Others,,9
Maharashtra,Hingoli,2017-2018,Wheat,Rabi,29700.0,34500.0,1.16,Hectare,Tonnes,Tonne/Hectare,Saline / Alkaline,77.8,Black (Regur),Vertisols,Chromic Haplusterts,Clayey,Deep,Imperfectly drained,Others,,9
Maharashtra,Jalgaon,2017-2018,Arhar/Tur,Kharif,19500.0,14400.0,0.74,Hectare,Tonnes,Tonne/Hectare,Black (Regur),100.0,,Vertisols,Chromic Haplusterts,Clayey,Very deep,Well drained,Slightly alkaline,Alluvium,9
Maharashtra,Jalgaon,2017-2018,Bajra,Kharif,20200.0,20200.0,1.0,Hectare,Tonnes,Tonne/Hectare,Black (Regur),100.0,,Vertisols,Chromic Haplusterts,Clayey,Very deep,Well drained,Slightly alkaline,Alluvium,9
Maharashtra,Jalgaon,2017-2018,Cotton(lint),Kharif,514300.0,834900.0,1.62,Hectare,Bales,Bales/Hectare,Black (Regur),100.0,,Vertisols,Chromic Haplusterts,Clayey,Very deep,Well drained,Slightly alkaline,Alluvium,9
Maharashtra,Jalgaon,2017-2018,Gram,Rabi,72300.0,92200.0,1.28,Hectare,Tonnes,Tonne/Hectare,Black (Regur),100.0,,Vertisols,Chromic Haplusterts,Clayey,Very deep,Well drained,Slightly alkaline,Alluvium,9
Maharashtra,Jalgaon,2017-2018,Groundnut,Kharif,3000.0,3100.0,1.03,Hectare,Tonnes,Tonne/Hectare,Black (Regur),100.0,,Vertisols,Chromic Haplusterts,Clayey,Very deep,Well drained,Slightly alkaline,Alluvium,9
Maharashtra,Jalgaon,2017-2018,Groundnut,Summer,2054.0,2500.0,1.22,Hectare,Tonnes,Tonne/Hectare,Black (Regur),100.0,,Vertisols,Chromic Haplusterts,Clayey,Very deep,Well drained,Slightly alkaline,Alluvium,9
Maharashtra,Jalgaon,2017-2018,Jowar,Kharif,55700.0,105800.0,1.9,Hectare,Tonnes,Tonne/Hectare,Black (Regur),100.0,,Vertisols,Chromic Haplusterts,Clayey,Very deep,Well drained,Slightly alkaline,Alluvium,9
Maharashtra,Jalgaon,2017-2018,Jowar,Rabi,35400.0,60800.0,1.72,Hectare,Tonnes,Tonne/Hectare,Black (Regur),100.0,,Vertisols,Chromic Haplusterts,Clayey,Very deep,Well drained,Slightly alkaline,Alluvium,9
Maharashtra,Jalgaon,2017-2018,Maize,Kharif,120500.0,411500.0,3.41,Hectare,Tonnes,Tonne/Hectare,Black (Regur),100.0,,Vertisols,Chromic Haplusterts,Clayey,Very deep,Well drained,Slightly alkaline,Alluvium,9
Maharashtra,Jalgaon,2017-2018,Maize,Rabi,72900.0,290200.0,3.98,Hectare,Tonnes,Tonne/Hectare,Black (Regur),100.0,,Vertisols,Chromic Haplusterts,Clayey,Very deep,Well drained,Slightly alkaline,Alluvium,9
Maharashtra,Jalgaon,2017-2018,Maize,Summer,9266.0,21800.0,2.35,Hectare,Tonnes,Tonne/Hectare,Black (Regur),100.0,,Vertisols,Chromic Haplusterts,Clayey,Very deep,Well drained,Slightly alkaline,Alluvium,9
Maharashtra,Jalgaon,2017-2018,Moong(Green Gram),Kharif,30875.0,15971.0,0.52,Hectare,Tonnes,Tonne/Hectare,Black (Regur),100.0,,Vertisols,Chromic Haplusterts,Clayey,Very deep,Well drained,Slightly alkaline,Alluvium,9
Maharashtra,Jalgaon,2017-2018,Other Cereals,Kharif,5.0,6.0,1.2,Hectare,Tonnes,Tonne/Hectare,Black (Regur),100.0,,Vertisols,Chromic Haplusterts,Clayey,Very deep,Well drained,Slightly alkaline,Alluvium,9
Maharashtra,Jalgaon,2017-2018,Other Cereals,Rabi,1700.0,1500.0,0.88,Hectare,Tonnes,Tonne/Hectare,Black (Regur),100.0,,Vertisols,Chromic Haplusterts,Clayey,Very deep,Well drained,Slightly alkaline,Alluvium,9
Maharashtra,Jalgaon,2017-2018,Other Cereals,Summer,3600.0,2800.0,0.78,Hectare,Tonnes,Tonne/Hectare,Black (Regur),100.0,,Vertisols,Chromic Haplusterts,Clayey,Very deep,Well drained,Slightly alkaline,Alluvium,9
Maharashtra,Jalgaon,2017-2018,Other Kharif pulses,Kharif,100.0,48.0,0.48,Hectare,Tonnes,Tonne/Hectare,Black (Regur),100.0,,Vertisols,Chromic Haplusterts,Clayey,Very deep,Well drained,Slightly alkaline,Alluvium,9
Maharashtra,Jalgaon,2017-2018,Other Summer Pulses,Summer,120.0,53.0,0.44,Hectare,Tonnes,Tonne/Hectare,Black (Regur),100.0,,Vertisols,Chromic Haplusterts,Clayey,Very deep,Well drained,Slightly alkaline,Alluvium,9
Maharashtra,Jalgaon,2017-2018,Rapeseed &Mustard,Rabi,10.0,10.0,1.0,Hectare,Tonnes,Tonne/Hectare,Black (Regur),100.0,,Vertisols,Chromic Haplusterts,Clayey,Very deep,Well drained,Slightly alkaline,Alluvium,9
Maharashtra,Jalgaon,2017-2018,Sesamum,Kharif,3626.0,1244.0,0.34,Hectare,Tonnes,Tonne/Hectare,Black (Regur),100.0,,Vertisols,Chromic Haplusterts,Clayey,Very deep,Well drained,Slightly alkaline,Alluvium,9
Maharashtra,Jalgaon,2017-2018,Soyabean,Kharif,34139.0,55900.0,1.64,Hectare,Tonnes,Tonne/Hectare,Black (Regur),100.0,,Vertisols,Chromic Haplusterts,Clayey,Very deep,Well drained,Slightly alkaline,Alluvium,9
Maharashtra,Jalgaon,2017-2018,Sugarcane,Whole Year,9330.0,793100.0,85.01,Hectare,Tonnes,Tonne/Hectare,Black (Regur),100.0,,Vertisols,Chromic Haplusterts,Clayey,Very deep,Well drained,Slightly alkaline,Alluvium,9
Maharashtra,Jalgaon,2017-2018,Sunflower,Kharif,9.0,5.0,0.56,Hectare,Tonnes,Tonne/Hectare,Black (Regur),100.0,,Vertisols,Chromic Haplusterts,Clayey,Very deep,Well drained,Slightly alkaline,Alluvium,9
Maharashtra,Jalgaon,2017-2018,Urad,Kharif,31654.0,16682.0,0.53,Hectare,Tonnes,Tonne/Hectare,Black (Regur),100.0,,Vertisols,Chromic Haplusterts,Clayey,Very deep,Well drained,Slightly alkaline,Alluvium,9
Maharashtra,Jalgaon,2017-2018,Wheat,Rabi,51014.0,97300.0,1.91,Hectare,Tonnes,Tonne/Hectare,Black (Regur),100.0,,Vertisols,Chromic Haplusterts,Clayey,Very deep,Well drained,Slightly alkaline,Alluvium,9
Maharashtra,Jalna,2017-2018,Arhar/Tur,Kharif,54400.0,42600.0,0.78,Hectare,Tonnes,Tonne/Hectare,Black (Regur),100.0,,Entisols,Lithic Ustorthents,Loamy,Shallow,Well drained,Neutral,Basalt,9
Maharashtra,Jalna,2017-2018,Bajra,Kharif,19500.0,12300.0,0.63,Hectare,Tonnes,Tonne/Hectare,Black (Regur),100.0,,Entisols,Lithic Ustorthents,Loamy,Shallow,Well drained,Neutral,Basalt,9
Maharashtra,Jalna,2017-2018,Castor seed,Kharif,100.0,10.0,0.1,Hectare,Tonnes,Tonne/Hectare,Black (Regur),100.0,,Entisols,Lithic Ustorthents,Loamy,Shallow,Well drained,Neutral,Basalt,9
Maharashtra,Jalna,2017-2018,Cotton(lint),Kharif,279539.0,174600.0,0.62,Hectare,Bales,Bales/Hectare,Black (Regur),100.0,,Entisols,Lithic Ustorthents,Loamy,Shallow,Well drained,Neutral,Basalt,9
Maharashtra,Jalna,2017-2018,Gram,Rabi,59200.0,43000.0,0.73,Hectare,Tonnes,Tonne/Hectare,Black (Regur),100.0,,Entisols,Lithic Ustorthents,Loamy,Shallow,Well drained,Neutral,Basalt,9
Maharashtra,Jalna,2017-2018,Groundnut,Kharif,1286.0,700.0,0.54,Hectare,Tonnes,Tonne/Hectare,Black (Regur),100.0,,Entisols,Lithic Ustorthents,Loamy,Shallow,Well drained,Neutral,Basalt,9
Maharashtra,Jalna,2017-2018,Groundnut,Summer,272.0,300.0,1.1,Hectare,Tonnes,Tonne/Hectare,Black (Regur),100.0,,Entisols,Lithic Ustorthents,Loamy,Shallow,Well drained,Neutral,Basalt,9
Maharashtra,Jalna,2017-2018,Jowar,Kharif,200.0,46.0,0.23,Hectare,Tonnes,Tonne/Hectare,Black (Regur),100.0,,Entisols,Lithic Ustorthents,Loamy,Shallow,Well drained,Neutral,Basalt,9
Maharashtra,Jalna,2017-2018,Jowar,Rabi,91700.0,68000.0,0.74,Hectare,Tonnes,Tonne/Hectare,Black (Regur),100.0,,Entisols,Lithic Ustorthents,Loamy,Shallow,Well drained,Neutral,Basalt,9
Maharashtra,Jalna,2017-2018,Maize,Kharif,59900.0,119300.0,1.99,Hectare,Tonnes,Tonne/Hectare,Black (Regur),100.0,,Entisols,Lithic Ustorthents,Loamy,Shallow,Well drained,Neutral,Basalt,9
Maharashtra,Jalna,2017-2018,Maize,Rabi,5600.0,13300.0,2.38,Hectare,Tonnes,Tonne/Hectare,Black (Regur),100.0,,Entisols,Lithic Ustorthents,Loamy,Shallow,Well drained,Neutral,Basalt,9
Maharashtra,Jalna,2017-2018,Maize,Summer,440.0,500.0,1.14,Hectare,Tonnes,Tonne/Hectare,Black (Regur),100.0,,Entisols,Lithic Ustorthents,Loamy,Shallow,Well drained,Neutral,Basalt,9
Maharashtra,Jalna,2017-2018,Moong(Green Gram),Kharif,29792.0,4698.0,0.16,Hectare,Tonnes,Tonne/Hectare,Black (Regur),100.0,,Entisols,Lithic Ustorthents,Loamy,Shallow,Well drained,Neutral,Basalt,9
Maharashtra,Jalna,2017-2018,Niger seed,Kharif,200.0,19.0,0.1,Hectare,Tonnes,Tonne/Hectare,Black (Regur),100.0,,Entisols,Lithic Ustorthents,Loamy,Shallow,Well drained,Neutral,Basalt,9
Maharashtra,Jalna,2017-2018,Other Cereals,Kharif,20.0,4.0,0.2,Hectare,Tonnes,Tonne/Hectare,Black (Regur),100.0,,Entisols,Lithic Ustorthents,Loamy,Shallow,Well drained,Neutral,Basalt,9
Maharashtra,Jalna,2017-2018,Other Cereals,Rabi,100.0,24.0,0.24,Hectare,Tonnes,Tonne/Hectare,Black (Regur),100.0,,Entisols,Lithic Ustorthents,Loamy,Shallow,Well drained,Neutral,Basalt,9
Maharashtra,Jalna,2017-2018,Other Cereals,Summer,80.0,50.0,0.63,Hectare,Tonnes,Tonne/Hectare,Black (Regur),100.0,,Entisols,Lithic Ustorthents,Loamy,Shallow,Well drained,Neutral,Basalt,9
Maharashtra,Jalna,2017-2018,Other Kharif pulses,Kharif,400.0,100.0,0.25,Hectare,Tonnes,Tonne/Hectare,Black (Regur),100.0,,Entisols,Lithic Ustorthents,Loamy,Shallow,Well drained,Neutral,Basalt,9
Maharashtra,Jalna,2017-2018,Other Rabi pulses,Rabi,4.0,1.2,0.3,Hectare,Tonnes,Tonne/Hectare,Black (Regur),100.0,,Entisols,Lithic Ustorthents,Loamy,Shallow,Well drained,Neutral,Basalt,9
Maharashtra,Jalna,2017-2018,Rapeseed &Mustard,Rabi,100.0,20.0,0.2,Hectare,Tonnes,Tonne/Hectare,Black (Regur),100.0,,Entisols,Lithic Ustorthents,Loamy,Shallow,Well drained,Neutral,Basalt,9
Maharashtra,Jalna,2017-2018,Sesamum,Kharif,322.0,48.0,0.15,Hectare,Tonnes,Tonne/Hectare,Black (Regur),100.0,,Entisols,Lithic Ustorthents,Loamy,Shallow,Well drained,Neutral,Basalt,9
Maharashtra,Jalna,2017-2018,Soyabean,Kharif,115400.0,80500.0,0.7,Hectare,Tonnes,Tonne/Hectare,Black (Regur),100.0,,Entisols,Lithic Ustorthents,Loamy,Shallow,Well drained,Neutral,Basalt,9
Maharashtra,Jalna,2017-2018,Sugarcane,Whole Year,23792.0,1417400.0,59.57,Hectare,Tonnes,Tonne/Hectare,Black (Regur),100.0,,Entisols,Lithic Ustorthents,Loamy,Shallow,Well drained,Neutral,Basalt,9
Maharashtra,Jalna,2017-2018,Urad,Kharif,9900.0,2300.0,0.23,Hectare,Tonnes,Tonne/Hectare,Black (Regur),100.0,,Entisols,Lithic Ustorthents,Loamy,Shallow,Well drained,Neutral,Basalt,9
Maharashtra,Jalna,2017-2018,Wheat,Rabi,33200.0,38600.0,1.16,Hectare,Tonnes,Tonne/Hectare,Black (Regur),100.0,,Entisols,Lithic Ustorthents,Loamy,Shallow,Well drained,Neutral,Basalt,9
Maharashtra,Kolhapur,2017-2018,Arhar/Tur,Kharif,2000.0,300.0,0.15,Hectare,Tonnes,Tonne/Hectare,Red & Yellow,44.4,Mountain / Forest,Entisols,Lithic Ustorthents,Loamy,Shallow,Excessively drained,Others,,9
Maharashtra,Kolhapur,2017-2018,Cotton(lint),Kharif,13.0,12.0,0.92,Hectare,Bales,Bales/Hectare,Red & Yellow,44.4,Mountain / Forest,Entisols,Lithic Ustorthents,Loamy,Shallow,Excessively drained,Others,,9
Maharashtra,Kolhapur,2017-2018,Gram,Rabi,5400.0,4600.0,0.85,Hectare,Tonnes,Tonne/Hectare,Red & Yellow,44.4,Mountain / Forest,Entisols,Lithic Ustorthents,Loamy,Shallow,Excessively drained,Others,,9
Maharashtra,Kolhapur,2017-2018,Groundnut,Kharif,53800.0,80700.0,1.5,Hectare,Tonnes,Tonne/Hectare,Red & Yellow,44.4,Mountain / Forest,Entisols,Lithic Ustorthents,Loamy,Shallow,Excessively drained,Others,,9
Maharashtra,Kolhapur,2017-2018,Groundnut,Summer,700.0,1700.0,2.43,Hectare,Tonnes,Tonne/Hectare,Red & Yellow,44.4,Mountain / Forest,Entisols,Lithic Ustorthents,Loamy,Shallow,Excessively drained,Others,,9
Maharashtra,Kolhapur,2017-2018,Jowar,Kharif,4900.0,8600.0,1.76,Hectare,Tonnes,Tonne/Hectare,Red & Yellow,44.4,Mountain / Forest,Entisols,Lithic Ustorthents,Loamy,Shallow,Excessively drained,Others,,9
Maharashtra,Kolhapur,2017-2018,Jowar,Rabi,12600.0,19100.0,1.52,Hectare,Tonnes,Tonne/Hectare,Red & Yellow,44.4,Mountain / Forest,Entisols,Lithic Ustorthents,Loamy,Shallow,Excessively drained,Others,,9
Maharashtra,Kolhapur,2017-2018,Maize,Kharif,4400.0,10800.0,2.45,Hectare,Tonnes,Tonne/Hectare,Red & Yellow,44.4,Mountain / Forest,Entisols,Lithic Ustorthents,Loamy,Shallow,Excessively drained,Others,,9
Maharashtra,Kolhapur,2017-2018,Maize,Rabi,5100.0,17200.0,3.37,Hectare,Tonnes,Tonne/Hectare,Red & Yellow,44.4,Mountain / Forest,Entisols,Lithic Ustorthents,Loamy,Shallow,Excessively drained,Others,,9
Maharashtra,Kolhapur,2017-2018,Maize,Summer,940.0,2400.0,2.55,Hectare,Tonnes,Tonne/Hectare,Red & Yellow,44.4,Mountain / Forest,Entisols,Lithic Ustorthents,Loamy,Shallow,Excessively drained,Others,,9
Maharashtra,Kolhapur,2017-2018,Moong(Green Gram),Kharif,1472.0,270.0,0.18,Hectare,Tonnes,Tonne/Hectare,Red & Yellow,44.4,Mountain / Forest,Entisols,Lithic Ustorthents,Loamy,Shallow,Excessively drained,Others,,9
Maharashtra,Kolhapur,2017-2018,Niger seed,Kharif,242.0,36.0,0.15,Hectare,Tonnes,Tonne/Hectare,Red & Yellow,44.4,Mountain / Forest,Entisols,Lithic Ustorthents,Loamy,Shallow,Excessively drained,Others,,9
Maharashtra,Kolhapur,2017-2018,Other Cereals,Kharif,600.0,200.0,0.33,Hectare,Tonnes,Tonne/Hectare,Red & Yellow,44.4,Mountain / Forest,Entisols,Lithic Ustorthents,Loamy,Shallow,Excessively drained,Others,,9
Maharashtra,Kolhapur,2017-2018,Other Kharif pulses,Kharif,4111.0,1800.0,0.44,Hectare,Tonnes,Tonne/Hectare,Red & Yellow,44.4,Mountain / Forest,Entisols,Lithic Ustorthents,Loamy,Shallow,Excessively drained,Others,,9
Maharashtra,Kolhapur,2017-2018,Other Rabi pulses,Rabi,1500.0,500.0,0.33,Hectare,Tonnes,Tonne/Hectare,Red & Yellow,44.4,Mountain / Forest,Entisols,Lithic Ustorthents,Loamy,Shallow,Excessively drained,Others,,9
Maharashtra,Kolhapur,2017-2018,Other Summer Pulses,Summer,40.0,22.0,0.55,Hectare,Tonnes,Tonne/Hectare,Red & Yellow,44.4,Mountain / Forest,Entisols,Lithic Ustorthents,Loamy,Shallow,Excessively drained,Others,,9
Maharashtra,Kolhapur,2017-2018,Ragi,Kharif,21300.0,34000.0,1.6,Hectare,Tonnes,Tonne/Hectare,Red & Yellow,44.4,Mountain / Forest,Entisols,Lithic Ustorthents,Loamy,Shallow,Excessively drained,Others,,9
Maharashtra,Kolhapur,2017-2018,Rice,Kharif,109200.0,333300.0,3.05,Hectare,Tonnes,Tonne/Hectare,Red & Yellow,44.4,Mountain / Forest,Entisols,Lithic Ustorthents,Loamy,Shallow,Excessively drained,Others,,9
Maharashtra,Kolhapur,2017-2018,Rice,Summer,256.0,1000.0,3.91,Hectare,Tonnes,Tonne/Hectare,Red & Yellow,44.4,Mountain / Forest,Entisols,Lithic Ustorthents,Loamy,Shallow,Excessively drained,Others,,9
Maharashtra,Kolhapur,2017-2018,Sesamum,Kharif,12.0,4.0,0.33,Hectare,Tonnes,Tonne/Hectare,Red & Yellow,44.4,Mountain / Forest,Entisols,Lithic Ustorthents,Loamy,Shallow,Excessively drained,Others,,9
Maharashtra,Kolhapur,2017-2018,Soyabean,Kharif,51300.0,109700.0,2.14,Hectare,Tonnes,Tonne/Hectare,Red & Yellow,44.4,Mountain / Forest,Entisols,Lithic Ustorthents,Loamy,Shallow,Excessively drained,Others,,9
Maharashtra,Kolhapur,2017-2018,Sugarcane,Whole Year,143905.0,14779000.0,102.7,Hectare,Tonnes,Tonne/Hectare,Red & Yellow,44.4,Mountain / Forest,Entisols,Lithic Ustorthents,Loamy,Shallow,Excessively drained,Others,,9
Maharashtra,Kolhapur,2017-2018,Sunflower,Kharif,241.0,138.0,0.57,Hectare,Tonnes,Tonne/Hectare,Red & Yellow,44.4,Mountain / Forest,Entisols,Lithic Ustorthents,Loamy,Shallow,Excessively drained,Others,,9
Maharashtra,Kolhapur,2017-2018,Sunflower,Rabi,200.0,100.0,0.5,Hectare,Tonnes,Tonne/Hectare,Red & Yellow,44.4,Mountain / Forest,Entisols,Lithic Ustorthents,Loamy,Shallow,Excessively drained,Others,,9
Maharashtra,Kolhapur,2017-2018,Sunflower,Summer,235.0,400.0,1.7,Hectare,Tonnes,Tonne/Hectare,Red & Yellow,44.4,Mountain / Forest,Entisols,Lithic Ustorthents,Loamy,Shallow,Excessively drained,Others,,9
Maharashtra,Kolhapur,2017-2018,Tobacco,Whole Year,549.0,700.0,1.28,Hectare,Tonnes,Tonne/Hectare,Red & Yellow,44.4,Mountain / Forest,Entisols,Lithic Ustorthents,Loamy,Shallow,Excessively drained,Others,,9
Maharashtra,Kolhapur,2017-2018,Urad,Kharif,3083.0,515.0,0.17,Hectare,Tonnes,Tonne/Hectare,Red & Yellow,44.4,Mountain / Forest,Entisols,Lithic Ustorthents,Loamy,Shallow,Excessively drained,Others,,9
Maharashtra,Kolhapur,2017-2018,Wheat,Rabi,2800.0,6500.0,2.32,Hectare,Tonnes,Tonne/Hectare,Red & Yellow,44.4,Mountain / Forest,Entisols,Lithic Ustorthents,Loamy,Shallow,Excessively drained,Others,,9
Maharashtra,Kolhapur,2017-2018,other oilseeds,Summer,3.0,15.0,5.0,Hectare,Tonnes,Tonne/Hectare,Red & Yellow,44.4,Mountain / Forest,Entisols,Lithic Ustorthents,Loamy,Shallow,Excessively drained,Others,,9
Maharashtra,Latur,2017-2018,Arhar/Tur,Kharif,111300.0,131400.0,1.18,Hectare,Tonnes,Tonne/Hectare,Black (Regur),55.6,Alluvial,Entisols,Lithic Ustorthents,Clayey,Shallow,Well drained,Slightly alkaline,Basalt,9
Maharashtra,Latur,2017-2018,Bajra,Kharif,1500.0,300.0,0.2,Hectare,Tonnes,Tonne/Hectare,Black (Regur),55.6,Alluvial,Entisols,Lithic Ustorthents,Clayey,Shallow,Well drained,Slightly alkaline,Basalt,9
Maharashtra,Latur,2017-2018,Castor seed,Kharif,300.0,100.0,0.33,Hectare,Tonnes,Tonne/Hectare,Black (Regur),55.6,Alluvial,Entisols,Lithic Ustorthents,Clayey,Shallow,Well drained,Slightly alkaline,Basalt,9
Maharashtra,Latur,2017-2018,Cotton(lint),Kharif,3111.0,11700.0,3.76,Hectare,Bales,Bales/Hectare,Black (Regur),55.6,Alluvial,Entisols,Lithic Ustorthents,Clayey,Shallow,Well drained,Slightly alkaline,Basalt,9
Maharashtra,Latur,2017-2018,Gram,Rabi,209351.0,147500.0,0.7,Hectare,Tonnes,Tonne/Hectare,Black (Regur),55.6,Alluvial,Entisols,Lithic Ustorthents,Clayey,Shallow,Well drained,Slightly alkaline,Basalt,9
Maharashtra,Latur,2017-2018,Groundnut,Kharif,1297.0,500.0,0.39,Hectare,Tonnes,Tonne/Hectare,Black (Regur),55.6,Alluvial,Entisols,Lithic Ustorthents,Clayey,Shallow,Well drained,Slightly alkaline,Basalt,9
Maharashtra,Latur,2017-2018,Groundnut,Summer,1176.0,1400.0,1.19,Hectare,Tonnes,Tonne/Hectare,Black (Regur),55.6,Alluvial,Entisols,Lithic Ustorthents,Clayey,Shallow,Well drained,Slightly alkaline,Basalt,9
Maharashtra,Latur,2017-2018,Jowar,Kharif,78408.0,67200.0,0.86,Hectare,Tonnes,Tonne/Hectare,Black (Regur),55.6,Alluvial,Entisols,Lithic Ustorthents,Clayey,Shallow,Well drained,Slightly alkaline,Basalt,9
Maharashtra,Latur,2017-2018,Jowar,Rabi,32759.0,24700.0,0.75,Hectare,Tonnes,Tonne/Hectare,Black (Regur),55.6,Alluvial,Entisols,Lithic Ustorthents,Clayey,Shallow,Well drained,Slightly alkaline,Basalt,9
Maharashtra,Latur,2017-2018,Linseed,Rabi,316.0,100.0,0.32,Hectare,Tonnes,Tonne/Hectare,Black (Regur),55.6,Alluvial,Entisols,Lithic Ustorthents,Clayey,Shallow,Well drained,Slightly alkaline,Basalt,9
Maharashtra,Latur,2017-2018,Maize,Kharif,6700.0,4400.0,0.66,Hectare,Tonnes,Tonne/Hectare,Black (Regur),55.6,Alluvial,Entisols,Lithic Ustorthents,Clayey,Shallow,Well drained,Slightly alkaline,Basalt,9
Maharashtra,Latur,2017-2018,Maize,Rabi,4700.0,1900.0,0.4,Hectare,Tonnes,Tonne/Hectare,Black (Regur),55.6,Alluvial,Entisols,Lithic Ustorthents,Clayey,Shallow,Well drained,Slightly alkaline,Basalt,9
Maharashtra,Latur,2017-2018,Maize,Summer,384.0,300.0,0.78,Hectare,Tonnes,Tonne/Hectare,Black (Regur),55.6,Alluvial,Entisols,Lithic Ustorthents,Clayey,Shallow,Well drained,Slightly alkaline,Basalt,9
Maharashtra,Latur,2017-2018,Moong(Green Gram),Kharif,14564.0,4785.0,0.33,Hectare,Tonnes,Tonne/Hectare,Black (Regur),55.6,Alluvial,Entisols,Lithic Ustorthents,Clayey,Shallow,Well drained,Slightly alkaline,Basalt,9
Maharashtra,Latur,2017-2018,Niger seed,Kharif,921.0,77.0,0.08,Hectare,Tonnes,Tonne/Hectare,Black (Regur),55.6,Alluvial,Entisols,Lithic Ustorthents,Clayey,Shallow,Well drained,Slightly alkaline,Basalt,9
Maharashtra,Latur,2017-2018,Other Cereals,Kharif,600.0,200.0,0.33,Hectare,Tonnes,Tonne/Hectare,Black (Regur),55.6,Alluvial,Entisols,Lithic Ustorthents,Clayey,Shallow,Well drained,Slightly alkaline,Basalt,9
Maharashtra,Latur,2017-2018,Other Cereals,Rabi,200.0,28.0,0.14,Hectare,Tonnes,Tonne/Hectare,Black (Regur),55.6,Alluvial,Entisols,Lithic Ustorthents,Clayey,Shallow,Well drained,Slightly alkaline,Basalt,9
Maharashtra,Latur,2017-2018,Other Kharif pulses,Kharif,300.0,100.0,0.33,Hectare,Tonnes,Tonne/Hectare,Black (Regur),55.6,Alluvial,Entisols,Lithic Ustorthents,Clayey,Shallow,Well drained,Slightly alkaline,Basalt,9
Maharashtra,Latur,2017-2018,Other Rabi pulses,Rabi,200.0,,0.0,Hectare,Tonnes,Tonne/Hectare,Black (Regur),55.6,Alluvial,Entisols,Lithic Ustorthents,Clayey,Shallow,Well drained,Slightly alkaline,Basalt,9
Maharashtra,Latur,2017-2018,Rapeseed &Mustard,Rabi,800.0,200.0,0.25,Hectare,Tonnes,Tonne/Hectare,Black (Regur),55.6,Alluvial,Entisols,Lithic Ustorthents,Clayey,Shallow,Well drained,Slightly alkaline,Basalt,9
Maharashtra,Latur,2017-2018,Rice,Kharif,2800.0,800.0,0.29,Hectare,Tonnes,Tonne/Hectare,Black (Regur),55.6,Alluvial,Entisols,Lithic Ustorthents,Clayey,Shallow,Well drained,Slightly alkaline,Basalt,9
Maharashtra,Latur,2017-2018,Safflower,Rabi,9200.0,4300.0,0.47,Hectare,Tonnes,Tonne/Hectare,Black (Regur),55.6,Alluvial,Entisols,Lithic Ustorthents,Clayey,Shallow,Well drained,Slightly alkaline,Basalt,9
Maharashtra,Latur,2017-2018,Sesamum,Kharif,2951.0,346.0,0.12,Hectare,Tonnes,Tonne/Hectare,Black (Regur),55.6,Alluvial,Entisols,Lithic Ustorthents,Clayey,Shallow,Well drained,Slightly alkaline,Basalt,9
Maharashtra,Latur,2017-2018,Soyabean,Kharif,392800.0,465000.0,1.18,Hectare,Tonnes,Tonne/Hectare,Black (Regur),55.6,Alluvial,Entisols,Lithic Ustorthents,Clayey,Shallow,Well drained,Slightly alkaline,Basalt,9
Maharashtra,Latur,2017-2018,Sugarcane,Whole Year,40000.0,2440000.0,61.0,Hectare,Tonnes,Tonne/Hectare,Black (Regur),55.6,Alluvial,Entisols,Lithic Ustorthents,Clayey,Shallow,Well drained,Slightly alkaline,Basalt,9
Maharashtra,Latur,2017-2018,Sunflower,Kharif,1587.0,531.0,0.33,Hectare,Tonnes,Tonne/Hectare,Black (Regur),55.6,Alluvial,Entisols,Lithic Ustorthents,Clayey,Shallow,Well drained,Slightly alkaline,Basalt,9
Maharashtra,Latur,2017-2018,Sunflower,Rabi,500.0,300.0,0.6,Hectare,Tonnes,Tonne/Hectare,Black (Regur),55.6,Alluvial,Entisols,Lithic Ustorthents,Clayey,Shallow,Well drained,Slightly alkaline,Basalt,9
Maharashtra,Latur,2017-2018,Sunflower,Summer,19.0,10.0,0.53,Hectare,Tonnes,Tonne/Hectare,Black (Regur),55.6,Alluvial,Entisols,Lithic Ustorthents,Clayey,Shallow,Well drained,Slightly alkaline,Basalt,9
Maharashtra,Latur,2017-2018,Urad,Kharif,11026.0,3535.0,0.32,Hectare,Tonnes,Tonne/Hectare,Black (Regur),55.6,Alluvial,Entisols,Lithic Ustorthents,Clayey,Shallow,Well drained,Slightly alkaline,Basalt,9
Maharashtra,Latur,2017-2018,Wheat,Rabi,16800.0,11600.0,0.69,Hectare,Tonnes,Tonne/Hectare,Black (Regur),55.6,Alluvial,Entisols,Lithic Ustorthents,Clayey,Shallow,Well drained,Slightly alkaline,Basalt,9
Maharashtra,Nagpur,2017-2018,Arhar/Tur,Kharif,65973.0,73976.0,1.12,Hectare,Tonnes,Tonne/Hectare,Black (Regur),100.0,,Vertisols,Chromic Haplusterts,Clayey,Very deep,Moderately well drained,Neutral,Alluvium,9
Maharashtra,Nagpur,2017-2018,Castor seed,Kharif,100.0,31.0,0.31,Hectare,Tonnes,Tonne/Hectare,Black (Regur),100.0,,Vertisols,Chromic Haplusterts,Clayey,Very deep,Moderately well drained,Neutral,Alluvium,9
Maharashtra,Nagpur,2017-2018,Cotton(lint),Kharif,145168.0,347600.0,2.39,Hectare,Bales,Bales/Hectare,Black (Regur),100.0,,Vertisols,Chromic Haplusterts,Clayey,Very deep,Moderately well drained,Neutral,Alluvium,9
Maharashtra,Nagpur,2017-2018,Gram,Rabi,64400.0,74600.0,1.16,Hectare,Tonnes,Tonne/Hectare,Black (Regur),100.0,,Vertisols,Chromic Haplusterts,Clayey,Very deep,Moderately well drained,Neutral,Alluvium,9
Maharashtra,Nagpur,2017-2018,Groundnut,Kharif,2600.0,2800.0,1.08,Hectare,Tonnes,Tonne/Hectare,Black (Regur),100.0,,Vertisols,Chromic Haplusterts,Clayey,Very deep,Moderately well drained,Neutral,Alluvium,9
Maharashtra,Nagpur,2017-2018,Groundnut,Summer,992.0,1500.0,1.51,Hectare,Tonnes,Tonne/Hectare,Black (Regur),100.0,,Vertisols,Chromic Haplusterts,Clayey,Very deep,Moderately well drained,Neutral,Alluvium,9
Maharashtra,Nagpur,2017-2018,Jowar,Kharif,2300.0,1700.0,0.74,Hectare,Tonnes,Tonne/Hectare,Black (Regur),100.0,,Vertisols,Chromic Haplusterts,Clayey,Very deep,Moderately well drained,Neutral,Alluvium,9
Maharashtra,Nagpur,2017-2018,Jowar,Rabi,100.0,14.0,0.14,Hectare,Tonnes,Tonne/Hectare,Black (Regur),100.0,,Vertisols,Chromic Haplusterts,Clayey,Very deep,Moderately well drained,Neutral,Alluvium,9
Maharashtra,Nagpur,2017-2018,Linseed,Rabi,12.0,,0.0,Hectare,Tonnes,Tonne/Hectare,Black (Regur),100.0,,Vertisols,Chromic Haplusterts,Clayey,Very deep,Moderately well drained,Neutral,Alluvium,9
Maharashtra,Nagpur,2017-2018,Maize,Kharif,49.0,100.0,2.04,Hectare,Tonnes,Tonne/Hectare,Black (Regur),100.0,,Vertisols,Chromic Haplusterts,Clayey,Very deep,Moderately well drained,Neutral,Alluvium,9
Maharashtra,Nagpur,2017-2018,Maize,Rabi,50.0,50.0,1.0,Hectare,Tonnes,Tonne/Hectare,Black (Regur),100.0,,Vertisols,Chromic Haplusterts,Clayey,Very deep,Moderately well drained,Neutral,Alluvium,9
Maharashtra,Nagpur,2017-2018,Maize,Summer,409.0,100.0,0.24,Hectare,Tonnes,Tonne/Hectare,Black (Regur),100.0,,Vertisols,Chromic Haplusterts,Clayey,Very deep,Moderately well drained,Neutral,Alluvium,9
Maharashtra,Nagpur,2017-2018,Moong(Green Gram),Kharif,763.0,197.0,0.26,Hectare,Tonnes,Tonne/Hectare,Black (Regur),100.0,,Vertisols,Chromic Haplusterts,Clayey,Very deep,Moderately well drained,Neutral,Alluvium,9
Maharashtra,Nagpur,2017-2018,Other Cereals,Kharif,30.0,9.0,0.3,Hectare,Tonnes,Tonne/Hectare,Black (Regur),100.0,,Vertisols,Chromic Haplusterts,Clayey,Very deep,Moderately well drained,Neutral,Alluvium,9
Maharashtra,Nagpur,2017-2018,Other Kharif pulses,Kharif,300.0,100.0,0.33,Hectare,Tonnes,Tonne/Hectare,Black (Regur),100.0,,Vertisols,Chromic Haplusterts,Clayey,Very deep,Moderately well drained,Neutral,Alluvium,9
Maharashtra,Nagpur,2017-2018,Other Rabi pulses,Rabi,1068.0,400.0,0.37,Hectare,Tonnes,Tonne/Hectare,Black (Regur),100.0,,Vertisols,Chromic Haplusterts,Clayey,Very deep,Moderately well drained,Neutral,Alluvium,9
Maharashtra,Nagpur,2017-2018,Other Summer Pulses,Summer,41.0,14.0,0.34,Hectare,Tonnes,Tonne/Hectare,Black (Regur),100.0,,Vertisols,Chromic Haplusterts,Clayey,Very deep,Moderately well drained,Neutral,Alluvium,9
Maharashtra,Nagpur,2017-2018,Rapeseed &Mustard,Rabi,200.0,100.0,0.5,Hectare,Tonnes,Tonne/Hectare,Black (Regur),100.0,,Vertisols,Chromic Haplusterts,Clayey,Very deep,Moderately well drained,Neutral,Alluvium,9
Maharashtra,Nagpur,2017-2018,Rice,Kharif,97200.0,183400.0,1.89,Hectare,Tonnes,Tonne/Hectare,Black (Regur),100.0,,Vertisols,Chromic Haplusterts,Clayey,Very deep,Moderately well drained,Neutral,Alluvium,9
Maharashtra,Nagpur,2017-2018,Rice,Summer,75.0,200.0,2.67,Hectare,Tonnes,Tonne/Hectare,Black (Regur),100.0,,Vertisols,Chromic Haplusterts,Clayey,Very deep,Moderately well drained,Neutral,Alluvium,9
Maharashtra,Nagpur,2017-2018,Soyabean,Kharif,151100.0,172400.0,1.14,Hectare,Tonnes,Tonne/Hectare,Black (Regur),100.0,,Vertisols,Chromic Haplusterts,Clayey,Very deep,Moderately well drained,Neutral,Alluvium,9
Maharashtra,Nagpur,2017-2018,Sugarcane,Whole Year,4268.0,221900.0,51.99,Hectare,Tonnes,Tonne/Hectare,Black (Regur),100.0,,Vertisols,Chromic Haplusterts,Clayey,Very deep,Moderately well drained,Neutral,Alluvium,9
Maharashtra,Nagpur,2017-2018,Sunflower,Kharif,120.0,50.0,0.42,Hectare,Tonnes,Tonne/Hectare,Black (Regur),100.0,,Vertisols,Chromic Haplusterts,Clayey,Very deep,Moderately well drained,Neutral,Alluvium,9
Maharashtra,Nagpur,2017-2018,Sunflower,Rabi,11.0,6.0,0.55,Hectare,Tonnes,Tonne/Hectare,Black (Regur),100.0,,Vertisols,Chromic Haplusterts,Clayey,Very deep,Moderately well drained,Neutral,Alluvium,9
Maharashtra,Nagpur,2017-2018,Sunflower,Summer,1.0,1.0,1.0,Hectare,Tonnes,Tonne/Hectare,Black (Regur),100.0,,Vertisols,Chromic Haplusterts,Clayey,Very deep,Moderately well drained,Neutral,Alluvium,9
Maharashtra,Nagpur,2017-2018,Urad,Kharif,744.0,176.0,0.24,Hectare,Tonnes,Tonne/Hectare,Black (Regur),100.0,,Vertisols,Chromic Haplusterts,Clayey,Very deep,Moderately well drained,Neutral,Alluvium,9
Maharashtra,Nagpur,2017-2018,Wheat,Rabi,135203.0,244400.0,1.81,Hectare,Tonnes,Tonne/Hectare,Black (Regur),100.0,,Vertisols,Chromic Haplusterts,Clayey,Very deep,Moderately well drained,Neutral,Alluvium,9
Maharashtra,Nanded,2017-2018,Arhar/Tur,Kharif,77200.0,67900.0,0.88,Hectare,Tonnes,Tonne/Hectare,Black (Regur),88.9,Other,Vertisols,Chromic Haplusterts,Clayey,Very deep,Moderately well drained,Slightly alkaline,Alluvium,9
Maharashtra,Nanded,2017-2018,Cotton(lint),Kharif,299543.0,311700.0,1.04,Hectare,Bales,Bales/Hectare,Black (Regur),88.9,Other,Vertisols,Chromic Haplusterts,Clayey,Very deep,Moderately well drained,Slightly alkaline,Alluvium,9
Maharashtra,Nanded,2017-2018,Gram,Rabi,123586.0,155400.0,1.26,Hectare,Tonnes,Tonne/Hectare,Black (Regur),88.9,Other,Vertisols,Chromic Haplusterts,Clayey,Very deep,Moderately well drained,Slightly alkaline,Alluvium,9
Maharashtra,Nanded,2017-2018,Groundnut,Kharif,69.0,4.0,0.06,Hectare,Tonnes,Tonne/Hectare,Black (Regur),88.9,Other,Vertisols,Chromic Haplusterts,Clayey,Very deep,Moderately well drained,Slightly alkaline,Alluvium,9
Maharashtra,Nanded,2017-2018,Groundnut,Summer,3868.0,2700.0,0.7,Hectare,Tonnes,Tonne/Hectare,Black (Regur),88.9,Other,Vertisols,Chromic Haplusterts,Clayey,Very deep,Moderately well drained,Slightly alkaline,Alluvium,9
Maharashtra,Nanded,2017-2018,Jowar,Kharif,88397.0,57800.0,0.65,Hectare,Tonnes,Tonne/Hectare,Black (Regur),88.9,Other,Vertisols,Chromic Haplusterts,Clayey,Very deep,Moderately well drained,Slightly alkaline,Alluvium,9
Maharashtra,Nanded,2017-2018,Jowar,Rabi,35707.0,37600.0,1.05,Hectare,Tonnes,Tonne/Hectare,Black (Regur),88.9,Other,Vertisols,Chromic Haplusterts,Clayey,Very deep,Moderately well drained,Slightly alkaline,Alluvium,9
Maharashtra,Nanded,2017-2018,Linseed,Rabi,5.0,2.0,0.4,Hectare,Tonnes,Tonne/Hectare,Black (Regur),88.9,Other,Vertisols,Chromic Haplusterts,Clayey,Very deep,Moderately well drained,Slightly alkaline,Alluvium,9
Maharashtra,Nanded,2017-2018,Maize,Kharif,500.0,400.0,0.8,Hectare,Tonnes,Tonne/Hectare,Black (Regur),88.9,Other,Vertisols,Chromic Haplusterts,Clayey,Very deep,Moderately well drained,Slightly alkaline,Alluvium,9
Maharashtra,Nanded,2017-2018,Maize,Rabi,4100.0,8400.0,2.05,Hectare,Tonnes,Tonne/Hectare,Black (Regur),88.9,Other,Vertisols,Chromic Haplusterts,Clayey,Very deep,Moderately well drained,Slightly alkaline,Alluvium,9
Maharashtra,Nanded,2017-2018,Maize,Summer,1546.0,1500.0,0.97,Hectare,Tonnes,Tonne/Hectare,Black (Regur),88.9,Other,Vertisols,Chromic Haplusterts,Clayey,Very deep,Moderately well drained,Slightly alkaline,Alluvium,9
Maharashtra,Nanded,2017-2018,Moong(Green Gram),Kharif,26955.0,7128.0,0.26,Hectare,Tonnes,Tonne/Hectare,Black (Regur),88.9,Other,Vertisols,Chromic Haplusterts,Clayey,Very deep,Moderately well drained,Slightly alkaline,Alluvium,9
Maharashtra,Nanded,2017-2018,Niger seed,Kharif,533.0,37.0,0.07,Hectare,Tonnes,Tonne/Hectare,Black (Regur),88.9,Other,Vertisols,Chromic Haplusterts,Clayey,Very deep,Moderately well drained,Slightly alkaline,Alluvium,9
Maharashtra,Nanded,2017-2018,Other Cereals,Rabi,200.0,100.0,0.5,Hectare,Tonnes,Tonne/Hectare,Black (Regur),88.9,Other,Vertisols,Chromic Haplusterts,Clayey,Very deep,Moderately well drained,Slightly alkaline,Alluvium,9
Maharashtra,Nanded,2017-2018,Other Cereals,Summer,3240.0,1600.0,0.49,Hectare,Tonnes,Tonne/Hectare,Black (Regur),88.9,Other,Vertisols,Chromic Haplusterts,Clayey,Very deep,Moderately well drained,Slightly alkaline,Alluvium,9
Maharashtra,Nanded,2017-2018,Other Rabi pulses,Rabi,100.0,13.0,0.13,Hectare,Tonnes,Tonne/Hectare,Black (Regur),88.9,Other,Vertisols,Chromic Haplusterts,Clayey,Very deep,Moderately well drained,Slightly alkaline,Alluvium,9
Maharashtra,Nanded,2017-2018,Rapeseed &Mustard,Rabi,9.0,2.0,0.22,Hectare,Tonnes,Tonne/Hectare,Black (Regur),88.9,Other,Vertisols,Chromic Haplusterts,Clayey,Very deep,Moderately well drained,Slightly alkaline,Alluvium,9
Maharashtra,Nanded,2017-2018,Rice,Kharif,700.0,1000.0,1.43,Hectare,Tonnes,Tonne/Hectare,Black (Regur),88.9,Other,Vertisols,Chromic Haplusterts,Clayey,Very deep,Moderately well drained,Slightly alkaline,Alluvium,9
Maharashtra,Nanded,2017-2018,Rice,Summer,108.0,200.0,1.85,Hectare,Tonnes,Tonne/Hectare,Black (Regur),88.9,Other,Vertisols,Chromic Haplusterts,Clayey,Very deep,Moderately well drained,Slightly alkaline,Alluvium,9
Maharashtra,Nanded,2017-2018,Safflower,Rabi,4900.0,3700.0,0.76,Hectare,Tonnes,Tonne/Hectare,Black (Regur),88.9,Other,Vertisols,Chromic Haplusterts,Clayey,Very deep,Moderately well drained,Slightly alkaline,Alluvium,9
Maharashtra,Nanded,2017-2018,Sesamum,Kharif,476.0,165.0,0.35,Hectare,Tonnes,Tonne/Hectare,Black (Regur),88.9,Other,Vertisols,Chromic Haplusterts,Clayey,Very deep,Moderately well drained,Slightly alkaline,Alluvium,9
Maharashtra,Nanded,2017-2018,Sesamum,Rabi,2130.0,760.0,0.36,Hectare,Tonnes,Tonne/Hectare,Black (Regur),88.9,Other,Vertisols,Chromic Haplusterts,Clayey,Very deep,Moderately well drained,Slightly alkaline,Alluvium,9
Maharashtra,Nanded,2017-2018,Sesamum,Summer,600.0,100.0,0.17,Hectare,Tonnes,Tonne/Hectare,Black (Regur),88.9,Other,Vertisols,Chromic Haplusterts,Clayey,Very deep,Moderately well drained,Slightly alkaline,Alluvium,9
Maharashtra,Nanded,2017-2018,Soyabean,Kharif,273500.0,190400.0,0.7,Hectare,Tonnes,Tonne/Hectare,Black (Regur),88.9,Other,Vertisols,Chromic Haplusterts,Clayey,Very deep,Moderately well drained,Slightly alkaline,Alluvium,9
Maharashtra,Nanded,2017-2018,Sugarcane,Whole Year,23000.0,1495000.0,65.0,Hectare,Tonnes,Tonne/Hectare,Black (Regur),88.9,Other,Vertisols,Chromic Haplusterts,Clayey,Very deep,Moderately well drained,Slightly alkaline,Alluvium,9
Maharashtra,Nanded,2017-2018,Sunflower,Rabi,60.0,30.0,0.5,Hectare,Tonnes,Tonne/Hectare,Black (Regur),88.9,Other,Vertisols,Chromic Haplusterts,Clayey,Very deep,Moderately well drained,Slightly alkaline,Alluvium,9
Maharashtra,Nanded,2017-2018,Urad,Kharif,42314.0,13769.0,0.33,Hectare,Tonnes,Tonne/Hectare,Black (Regur),88.9,Other,Vertisols,Chromic Haplusterts,Clayey,Very deep,Moderately well drained,Slightly alkaline,Alluvium,9
Maharashtra,Nanded,2017-2018,Wheat,Rabi,46100.0,46000.0,1.0,Hectare,Tonnes,Tonne/Hectare,Black (Regur),88.9,Other,Vertisols,Chromic Haplusterts,Clayey,Very deep,Moderately well drained,Slightly alkaline,Alluvium,9
Maharashtra,Nandurbar,2017-2018,Arhar/Tur,Kharif,21000.0,11600.0,0.55,Hectare,Tonnes,Tonne/Hectare,Black (Regur),100.0,,Entisols,Lithic Ustorthents,Clayey,Shallow,Well drained,Slightly alkaline,Alluvium,8
Maharashtra,Nandurbar,2017-2018,Bajra,Kharif,4962.0,3600.0,0.73,Hectare,Tonnes,Tonne/Hectare,Black (Regur),100.0,,Entisols,Lithic Ustorthents,Clayey,Shallow,Well drained,Slightly alkaline,Alluvium,8
Maharashtra,Nandurbar,2017-2018,Castor seed,Kharif,200.0,100.0,0.5,Hectare,Tonnes,Tonne/Hectare,Black (Regur),100.0,,Entisols,Lithic Ustorthents,Clayey,Shallow,Well drained,Slightly alkaline,Alluvium,8
Maharashtra,Nandurbar,2017-2018,Cotton(lint),Kharif,96600.0,192200.0,1.99,Hectare,Bales,Bales/Hectare,Black (Regur),100.0,,Entisols,Lithic Ustorthents,Clayey,Shallow,Well drained,Slightly alkaline,Alluvium,8
Maharashtra,Nandurbar,2017-2018,Gram,Rabi,26500.0,32100.0,1.21,Hectare,Tonnes,Tonne/Hectare,Black (Regur),100.0,,Entisols,Lithic Ustorthents,Clayey,Shallow,Well drained,Slightly alkaline,Alluvium,8
Maharashtra,Nandurbar,2017-2018,Groundnut,Kharif,2300.0,2200.0,0.96,Hectare,Tonnes,Tonne/Hectare,Black (Regur),100.0,,Entisols,Lithic Ustorthents,Clayey,Shallow,Well drained,Slightly alkaline,Alluvium,8
Maharashtra,Nandurbar,2017-2018,Groundnut,Summer,1559.0,1900.0,1.22,Hectare,Tonnes,Tonne/Hectare,Black (Regur),100.0,,Entisols,Lithic Ustorthents,Clayey,Shallow,Well drained,Slightly alkaline,Alluvium,8
Maharashtra,Nandurbar,2017-2018,Jowar,Kharif,39500.0,59500.0,1.51,Hectare,Tonnes,Tonne/Hectare,Black (Regur),100.0,,Entisols,Lithic Ustorthents,Clayey,Shallow,Well drained,Slightly alkaline,Alluvium,8
Maharashtra,Nandurbar,2017-2018,Jowar,Rabi,9200.0,14100.0,1.53,Hectare,Tonnes,Tonne/Hectare,Black (Regur),100.0,,Entisols,Lithic Ustorthents,Clayey,Shallow,Well drained,Slightly alkaline,Alluvium,8
Maharashtra,Nandurbar,2017-2018,Maize,Kharif,47400.0,127100.0,2.68,Hectare,Tonnes,Tonne/Hectare,Black (Regur),100.0,,Entisols,Lithic Ustorthents,Clayey,Shallow,Well drained,Slightly alkaline,Alluvium,8
Maharashtra,Nandurbar,2017-2018,Maize,Rabi,5500.0,22000.0,4.0,Hectare,Tonnes,Tonne/Hectare,Black (Regur),100.0,,Entisols,Lithic Ustorthents,Clayey,Shallow,Well drained,Slightly alkaline,Alluvium,8
Maharashtra,Nandurbar,2017-2018,Maize,Summer,1183.0,2800.0,2.37,Hectare,Tonnes,Tonne/Hectare,Black (Regur),100.0,,Entisols,Lithic Ustorthents,Clayey,Shallow,Well drained,Slightly alkaline,Alluvium,8
Maharashtra,Nandurbar,2017-2018,Moong(Green Gram),Kharif,9714.0,5298.0,0.55,Hectare,Tonnes,Tonne/Hectare,Black (Regur),100.0,,Entisols,Lithic Ustorthents,Clayey,Shallow,Well drained,Slightly alkaline,Alluvium,8
Maharashtra,Nandurbar,2017-2018,Niger seed,Kharif,28.0,7.0,0.25,Hectare,Tonnes,Tonne/Hectare,Black (Regur),100.0,,Entisols,Lithic Ustorthents,Clayey,Shallow,Well drained,Slightly alkaline,Alluvium,8
Maharashtra,Nandurbar,2017-2018,Other Cereals,Kharif,9000.0,3100.0,0.34,Hectare,Tonnes,Tonne/Hectare,Black (Regur),100.0,,Entisols,Lithic Ustorthents,Clayey,Shallow,Well drained,Slightly alkaline,Alluvium,8
Maharashtra,Nandurbar,2017-2018,Other Cereals,Rabi,100.0,100.0,1.0,Hectare,Tonnes,Tonne/Hectare,Black (Regur),100.0,,Entisols,Lithic Ustorthents,Clayey,Shallow,Well drained,Slightly alkaline,Alluvium,8
Maharashtra,Nandurbar,2017-2018,Other Cereals,Summer,310.0,200.0,0.65,Hectare,Tonnes,Tonne/Hectare,Black (Regur),100.0,,Entisols,Lithic Ustorthents,Clayey,Shallow,Well drained,Slightly alkaline,Alluvium,8
Maharashtra,Nandurbar,2017-2018,Other Kharif pulses,Kharif,700.0,300.0,0.43,Hectare,Tonnes,Tonne/Hectare,Black (Regur),100.0,,Entisols,Lithic Ustorthents,Clayey,Shallow,Well drained,Slightly alkaline,Alluvium,8
Maharashtra,Nandurbar,2017-2018,Other Rabi pulses,Rabi,420.0,300.0,0.71,Hectare,Tonnes,Tonne/Hectare,Black (Regur),100.0,,Entisols,Lithic Ustorthents,Clayey,Shallow,Well drained,Slightly alkaline,Alluvium,8
Maharashtra,Nandurbar,2017-2018,Other Summer Pulses,Summer,300.0,100.0,0.33,Hectare,Tonnes,Tonne/Hectare,Black (Regur),100.0,,Entisols,Lithic Ustorthents,Clayey,Shallow,Well drained,Slightly alkaline,Alluvium,8
Maharashtra,Nandurbar,2017-2018,Ragi,Kharif,17.0,10.0,0.59,Hectare,Tonnes,Tonne/Hectare,Black (Regur),100.0,,Entisols,Lithic Ustorthents,Clayey,Shallow,Well drained,Slightly alkaline,Alluvium,8
Maharashtra,Nandurbar,2017-2018,Rapeseed &Mustard,Rabi,1500.0,600.0,0.4,Hectare,Tonnes,Tonne/Hectare,Black (Regur),100.0,,Entisols,Lithic Ustorthents,Clayey,Shallow,Well drained,Slightly alkaline,Alluvium,8
Maharashtra,Nandurbar,2017-2018,Rice,Kharif,26600.0,30100.0,1.13,Hectare,Tonnes,Tonne/Hectare,Black (Regur),100.0,,Entisols,Lithic Ustorthents,Clayey,Shallow,Well drained,Slightly alkaline,Alluvium,8
Maharashtra,Nandurbar,2017-2018,Safflower,Rabi,2.0,1.0,0.5,Hectare,Tonnes,Tonne/Hectare,Black (Regur),100.0,,Entisols,Lithic Ustorthents,Clayey,Shallow,Well drained,Slightly alkaline,Alluvium,8
Maharashtra,Nandurbar,2017-2018,Sesamum,Kharif,115.0,35.0,0.3,Hectare,Tonnes,Tonne/Hectare,Black (Regur),100.0,,Entisols,Lithic Ustorthents,Clayey,Shallow,Well drained,Slightly alkaline,Alluvium,8
Maharashtra,Nandurbar,2017-2018,Sesamum,Rabi,32.0,11.0,0.34,Hectare,Tonnes,Tonne/Hectare,Black (Regur),100.0,,Entisols,Lithic Ustorthents,Clayey,Shallow,Well drained,Slightly alkaline,Alluvium,8
Maharashtra,Nandurbar,2017-2018,Soyabean,Kharif,27174.0,39100.0,1.44,Hectare,Tonnes,Tonne/Hectare,Black (Regur),100.0,,Entisols,Lithic Ustorthents,Clayey,Shallow,Well drained,Slightly alkaline,Alluvium,8
Maharashtra,Nandurbar,2017-2018,Sugarcane,Whole Year,14887.0,1266900.0,85.1,Hectare,Tonnes,Tonne/Hectare,Black (Regur),100.0,,Entisols,Lithic Ustorthents,Clayey,Shallow,Well drained,Slightly alkaline,Alluvium,8
Maharashtra,Nandurbar,2017-2018,Sunflower,Kharif,127.0,69.0,0.54,Hectare,Tonnes,Tonne/Hectare,Black (Regur),100.0,,Entisols,Lithic Ustorthents,Clayey,Shallow,Well drained,Slightly alkaline,Alluvium,8
Maharashtra,Nandurbar,2017-2018,Sunflower,Rabi,100.0,100.0,1.0,Hectare,Tonnes,Tonne/Hectare,Black (Regur),100.0,,Entisols,Lithic Ustorthents,Clayey,Shallow,Well drained,Slightly alkaline,Alluvium,8
Maharashtra,Nandurbar,2017-2018,Sunflower,Summer,71.0,5.0,0.07,Hectare,Tonnes,Tonne/Hectare,Black (Regur),100.0,,Entisols,Lithic Ustorthents,Clayey,Shallow,Well drained,Slightly alkaline,Alluvium,8
Maharashtra,Nandurbar,2017-2018,Urad,Kharif,12542.0,7355.0,0.59,Hectare,Tonnes,Tonne/Hectare,Black (Regur),100.0,,Entisols,Lithic Ustorthents,Clayey,Shallow,Well drained,Slightly alkaline,Alluvium,8
Maharashtra,Nandurbar,2017-2018,Wheat,Rabi,22765.0,42800.0,1.88,Hectare,Tonnes,Tonne/Hectare,Black (Regur),100.0,,Entisols,Lithic Ustorthents,Clayey,Shallow,Well drained,Slightly alkaline,Alluvium,8
Maharashtra,Nandurbar,2017-2018,other oilseeds,Summer,6.0,36.0,6.0,Hectare,Tonnes,Tonne/Hectare,Black (Regur),100.0,,Entisols,Lithic Ustorthents,Clayey,Shallow,Well drained,Slightly alkaline,Alluvium,8
Maharashtra,Nashik,2017-2018,Arhar/Tur,Kharif,7600.0,6200.0,0.82,Hectare,Tonnes,Tonne/Hectare,Black (Regur),77.8,Mountain / Forest,Vertisols,Chromic Haplusterts,Clayey,Very deep,Moderately well drained,Slightly alkaline,Alluvium,9
Maharashtra,Nashik,2017-2018,Bajra,Kharif,136500.0,199900.0,1.46,Hectare,Tonnes,Tonne/Hectare,Black (Regur),77.8,Mountain / Forest,Vertisols,Chromic Haplusterts,Clayey,Very deep,Moderately well drained,Slightly alkaline,Alluvium,9
Maharashtra,Nashik,2017-2018,Castor seed,Kharif,300.0,100.0,0.33,Hectare,Tonnes,Tonne/Hectare,Black (Regur),77.8,Mountain / Forest,Vertisols,Chromic Haplusterts,Clayey,Very deep,Moderately well drained,Slightly alkaline,Alluvium,9
Maharashtra,Nashik,2017-2018,Cotton(lint),Kharif,65400.0,144100.0,2.2,Hectare,Bales,Bales/Hectare,Black (Regur),77.8,Mountain / Forest,Vertisols,Chromic Haplusterts,Clayey,Very deep,Moderately well drained,Slightly alkaline,Alluvium,9
Maharashtra,Nashik,2017-2018,Gram,Rabi,72500.0,61700.0,0.85,Hectare,Tonnes,Tonne/Hectare,Black (Regur),77.8,Mountain / Forest,Vertisols,Chromic Haplusterts,Clayey,Very deep,Moderately well drained,Slightly alkaline,Alluvium,9
Maharashtra,Nashik,2017-2018,Groundnut,Kharif,22700.0,30100.0,1.33,Hectare,Tonnes,Tonne/Hectare,Black (Regur),77.8,Mountain / Forest,Vertisols,Chromic Haplusterts,Clayey,Very deep,Moderately well drained,Slightly alkaline,Alluvium,9
Maharashtra,Nashik,2017-2018,Groundnut,Summer,1627.0,3420.0,2.1,Hectare,Tonnes,Tonne/Hectare,Black (Regur),77.8,Mountain / Forest,Vertisols,Chromic Haplusterts,Clayey,Very deep,Moderately well drained,Slightly alkaline,Alluvium,9
Maharashtra,Nashik,2017-2018,Jowar,Kharif,800.0,1100.0,1.38,Hectare,Tonnes,Tonne/Hectare,Black (Regur),77.8,Mountain / Forest,Vertisols,Chromic Haplusterts,Clayey,Very deep,Moderately well drained,Slightly alkaline,Alluvium,9
Maharashtra,Nashik,2017-2018,Jowar,Rabi,5800.0,3900.0,0.67,Hectare,Tonnes,Tonne/Hectare,Black (Regur),77.8,Mountain / Forest,Vertisols,Chromic Haplusterts,Clayey,Very deep,Moderately well drained,Slightly alkaline,Alluvium,9
Maharashtra,Nashik,2017-2018,Maize,Kharif,158600.0,747800.0,4.72,Hectare,Tonnes,Tonne/Hectare,Black (Regur),77.8,Mountain / Forest,Vertisols,Chromic Haplusterts,Clayey,Very deep,Moderately well drained,Slightly alkaline,Alluvium,9
Maharashtra,Nashik,2017-2018,Maize,Rabi,4000.0,20000.0,5.0,Hectare,Tonnes,Tonne/Hectare,Black (Regur),77.8,Mountain / Forest,Vertisols,Chromic Haplusterts,Clayey,Very deep,Moderately well drained,Slightly alkaline,Alluvium,9
Maharashtra,Nashik,2017-2018,Maize,Summer,984.0,2300.0,2.34,Hectare,Tonnes,Tonne/Hectare,Black (Regur),77.8,Mountain / Forest,Vertisols,Chromic Haplusterts,Clayey,Very deep,Moderately well drained,Slightly alkaline,Alluvium,9
Maharashtra,Nashik,2017-2018,Moong(Green Gram),Kharif,8917.0,6073.0,0.68,Hectare,Tonnes,Tonne/Hectare,Black (Regur),77.8,Mountain / Forest,Vertisols,Chromic Haplusterts,Clayey,Very deep,Moderately well drained,Slightly alkaline,Alluvium,9
Maharashtra,Nashik,2017-2018,Niger seed,Kharif,2146.0,511.0,0.24,Hectare,Tonnes,Tonne/Hectare,Black (Regur),77.8,Mountain / Forest,Vertisols,Chromic Haplusterts,Clayey,Very deep,Moderately well drained,Slightly alkaline,Alluvium,9
Maharashtra,Nashik,2017-2018,Other Cereals,Kharif,11000.0,6900.0,0.63,Hectare,Tonnes,Tonne/Hectare,Black (Regur),77.8,Mountain / Forest,Vertisols,Chromic Haplusterts,Clayey,Very deep,Moderately well drained,Slightly alkaline,Alluvium,9
Maharashtra,Nashik,2017-2018,Other Cereals,Rabi,8.0,6.0,0.75,Hectare,Tonnes,Tonne/Hectare,Black (Regur),77.8,Mountain / Forest,Vertisols,Chromic Haplusterts,Clayey,Very deep,Moderately well drained,Slightly alkaline,Alluvium,9
Maharashtra,Nashik,2017-2018,Other Cereals,Summer,310.0,190.0,0.61,Hectare,Tonnes,Tonne/Hectare,Black (Regur),77.8,Mountain / Forest,Vertisols,Chromic Haplusterts,Clayey,Very deep,Moderately well drained,Slightly alkaline,Alluvium,9
Maharashtra,Nashik,2017-2018,Other Kharif pulses,Kharif,4600.0,2400.0,0.52,Hectare,Tonnes,Tonne/Hectare,Black (Regur),77.8,Mountain / Forest,Vertisols,Chromic Haplusterts,Clayey,Very deep,Moderately well drained,Slightly alkaline,Alluvium,9
Maharashtra,Nashik,2017-2018,Other Rabi pulses,Rabi,1405.0,1200.0,0.85,Hectare,Tonnes,Tonne/Hectare,Black (Regur),77.8,Mountain / Forest,Vertisols,Chromic Haplusterts,Clayey,Very deep,Moderately well drained,Slightly alkaline,Alluvium,9
Maharashtra,Nashik,2017-2018,Other Summer Pulses,Summer,14.0,6.0,0.43,Hectare,Tonnes,Tonne/Hectare,Black (Regur),77.8,Mountain / Forest,Vertisols,Chromic Haplusterts,Clayey,Very deep,Moderately well drained,Slightly alkaline,Alluvium,9
Maharashtra,Nashik,2017-2018,Ragi,Kharif,26000.0,19000.0,0.73,Hectare,Tonnes,Tonne/Hectare,Black (Regur),77.8,Mountain / Forest,Vertisols,Chromic Haplusterts,Clayey,Very deep,Moderately well drained,Slightly alkaline,Alluvium,9
Maharashtra,Nashik,2017-2018,Rapeseed &Mustard,Rabi,100.0,100.0,1.0,Hectare,Tonnes,Tonne/Hectare,Black (Regur),77.8,Mountain / Forest,Vertisols,Chromic Haplusterts,Clayey,Very deep,Moderately well drained,Slightly alkaline,Alluvium,9
Maharashtra,Nashik,2017-2018,Rice,Kharif,72500.0,153600.0,2.12,Hectare,Tonnes,Tonne/Hectare,Black (Regur),77.8,Mountain / Forest,Vertisols,Chromic Haplusterts,Clayey,Very deep,Moderately well drained,Slightly alkaline,Alluvium,9
Maharashtra,Nashik,2017-2018,Sesamum,Kharif,30.0,9.0,0.3,Hectare,Tonnes,Tonne/Hectare,Black (Regur),77.8,Mountain / Forest,Vertisols,Chromic Haplusterts,Clayey,Very deep,Moderately well drained,Slightly alkaline,Alluvium,9
Maharashtra,Nashik,2017-2018,Sesamum,Rabi,3.0,1.0,0.33,Hectare,Tonnes,Tonne/Hectare,Black (Regur),77.8,Mountain / Forest,Vertisols,Chromic Haplusterts,Clayey,Very deep,Moderately well drained,Slightly alkaline,Alluvium,9
Maharashtra,Nashik,2017-2018,Soyabean,Kharif,67497.0,137600.0,2.04,Hectare,Tonnes,Tonne/Hectare,Black (Regur),77.8,Mountain / Forest,Vertisols,Chromic Haplusterts,Clayey,Very deep,Moderately well drained,Slightly alkaline,Alluvium,9
Maharashtra,Nashik,2017-2018,Sugarcane,Whole Year,11865.0,988600.0,83.32,Hectare,Tonnes,Tonne/Hectare,Black (Regur),77.8,Mountain / Forest,Vertisols,Chromic Haplusterts,Clayey,Very deep,Moderately well drained,Slightly alkaline,Alluvium,9
Maharashtra,Nashik,2017-2018,Sunflower,Kharif,27.0,15.0,0.56,Hectare,Tonnes,Tonne/Hectare,Black (Regur),77.8,Mountain / Forest,Vertisols,Chromic Haplusterts,Clayey,Very deep,Moderately well drained,Slightly alkaline,Alluvium,9
Maharashtra,Nashik,2017-2018,Sunflower,Rabi,16.0,8.0,0.5,Hectare,Tonnes,Tonne/Hectare,Black (Regur),77.8,Mountain / Forest,Vertisols,Chromic Haplusterts,Clayey,Very deep,Moderately well drained,Slightly alkaline,Alluvium,9
Maharashtra,Nashik,2017-2018,Urad,Kharif,5772.0,3525.0,0.61,Hectare,Tonnes,Tonne/Hectare,Black (Regur),77.8,Mountain / Forest,Vertisols,Chromic Haplusterts,Clayey,Very deep,Moderately well drained,Slightly alkaline,Alluvium,9
Maharashtra,Nashik,2017-2018,Wheat,Rabi,112458.0,223600.0,1.99,Hectare,Tonnes,Tonne/Hectare,Black (Regur),77.8,Mountain / Forest,Vertisols,Chromic Haplusterts,Clayey,Very deep,Moderately well drained,Slightly alkaline,Alluvium,9
Maharashtra,Palghar,2017-2018,Arhar/Tur,Kharif,2500.0,1200.0,0.48,Hectare,Tonnes,Tonne/Hectare,Mountain / Forest,66.7,Black (Regur),Entisols,Lithic Ustorthents,Loamy,Shallow,Well drained,Slightly acidic,Basalt,9
Maharashtra,Palghar,2017-2018,Gram,Rabi,1900.0,1700.0,0.89,Hectare,Tonnes,Tonne/Hectare,Mountain / Forest,66.7,Black (Regur),Entisols,Lithic Ustorthents,Loamy,Shallow,Well drained,Slightly acidic,Basalt,9
Maharashtra,Palghar,2017-2018,Groundnut,Kharif,76.0,100.0,1.32,Hectare,Tonnes,Tonne/Hectare,Mountain / Forest,66.7,Black (Regur),Entisols,Lithic Ustorthents,Loamy,Shallow,Well drained,Slightly acidic,Basalt,9
Maharashtra,Palghar,2017-2018,Niger seed,Kharif,1491.0,357.0,0.24,Hectare,Tonnes,Tonne/Hectare,Mountain / Forest,66.7,Black (Regur),Entisols,Lithic Ustorthents,Loamy,Shallow,Well drained,Slightly acidic,Basalt,9
Maharashtra,Palghar,2017-2018,Other Cereals,Kharif,7700.0,4400.0,0.57,Hectare,Tonnes,Tonne/Hectare,Mountain / Forest,66.7,Black (Regur),Entisols,Lithic Ustorthents,Loamy,Shallow,Well drained,Slightly acidic,Basalt,9
Maharashtra,Palghar,2017-2018,Other Kharif pulses,Kharif,300.0,200.0,0.67,Hectare,Tonnes,Tonne/Hectare,Mountain / Forest,66.7,Black (Regur),Entisols,Lithic Ustorthents,Loamy,Shallow,Well drained,Slightly acidic,Basalt,9
Maharashtra,Palghar,2017-2018,Other Rabi pulses,Rabi,3200.0,2200.0,0.69,Hectare,Tonnes,Tonne/Hectare,Mountain / Forest,66.7,Black (Regur),Entisols,Lithic Ustorthents,Loamy,Shallow,Well drained,Slightly acidic,Basalt,9
Maharashtra,Palghar,2017-2018,Ragi,Kharif,11300.0,10500.0,0.93,Hectare,Tonnes,Tonne/Hectare,Mountain / Forest,66.7,Black (Regur),Entisols,Lithic Ustorthents,Loamy,Shallow,Well drained,Slightly acidic,Basalt,9
Maharashtra,Palghar,2017-2018,Rapeseed &Mustard,Rabi,10.0,,0.0,Hectare,Tonnes,Tonne/Hectare,Mountain / Forest,66.7,Black (Regur),Entisols,Lithic Ustorthents,Loamy,Shallow,Well drained,Slightly acidic,Basalt,9
Maharashtra,Palghar,2017-2018,Rice,Kharif,76700.0,142000.0,1.85,Hectare,Tonnes,Tonne/Hectare,Mountain / Forest,66.7,Black (Regur),Entisols,Lithic Ustorthents,Loamy,Shallow,Well drained,Slightly acidic,Basalt,9
Maharashtra,Palghar,2017-2018,Rice,Summer,1230.0,3100.0,2.52,Hectare,Tonnes,Tonne/Hectare,Mountain / Forest,66.7,Black (Regur),Entisols,Lithic Ustorthents,Loamy,Shallow,Well drained,Slightly acidic,Basalt,9
Maharashtra,Palghar,2017-2018,Sesamum,Rabi,550.0,300.0,0.55,Hectare,Tonnes,Tonne/Hectare,Mountain / Forest,66.7,Black (Regur),Entisols,Lithic Ustorthents,Loamy,Shallow,Well drained,Slightly acidic,Basalt,9
Maharashtra,Palghar,2017-2018,Sunflower,Rabi,70.0,36.0,0.51,Hectare,Tonnes,Tonne/Hectare,Mountain / Forest,66.7,Black (Regur),Entisols,Lithic Ustorthents,Loamy,Shallow,Well drained,Slightly acidic,Basalt,9
Maharashtra,Palghar,2017-2018,Urad,Kharif,3152.0,1470.0,0.47,Hectare,Tonnes,Tonne/Hectare,Mountain / Forest,66.7,Black (Regur),Entisols,Lithic Ustorthents,Loamy,Shallow,Well drained,Slightly acidic,Basalt,9
Maharashtra,Palghar,2017-2018,Wheat,Rabi,15.0,21.0,1.4,Hectare,Tonnes,Tonne/Hectare,Mountain / Forest,66.7,Black (Regur),Entisols,Lithic Ustorthents,Loamy,Shallow,Well drained,Slightly acidic,Basalt,9
Maharashtra,Parbhani,2017-2018,Arhar/Tur,Kharif,53300.0,80100.0,1.5,Hectare,Tonnes,Tonne/Hectare,Black (Regur),100.0,,Vertisols,Chromic Haplusterts,Clayey,Very deep,Moderately well drained,Slightly alkaline,Alluvium,9
Maharashtra,Parbhani,2017-2018,Bajra,Kharif,1350.0,489.0,0.36,Hectare,Tonnes,Tonne/Hectare,Black (Regur),100.0,,Vertisols,Chromic Haplusterts,Clayey,Very deep,Moderately well drained,Slightly alkaline,Alluvium,9
Maharashtra,Parbhani,2017-2018,Castor seed,Kharif,40.0,10.0,0.25,Hectare,Tonnes,Tonne/Hectare,Black (Regur),100.0,,Vertisols,Chromic Haplusterts,Clayey,Very deep,Moderately well drained,Slightly alkaline,Alluvium,9
Maharashtra,Parbhani,2017-2018,Cotton(lint),Kharif,185129.0,367600.0,1.99,Hectare,Bales,Bales/Hectare,Black (Regur),100.0,,Vertisols,Chromic Haplusterts,Clayey,Very deep,Moderately well drained,Slightly alkaline,Alluvium,9
Maharashtra,Parbhani,2017-2018,Gram,Rabi,107869.0,67192.0,0.62,Hectare,Tonnes,Tonne/Hectare,Black (Regur),100.0,,Vertisols,Chromic Haplusterts,Clayey,Very deep,Moderately well drained,Slightly alkaline,Alluvium,9
Maharashtra,Parbhani,2017-2018,Groundnut,Kharif,36.0,2.0,0.06,Hectare,Tonnes,Tonne/Hectare,Black (Regur),100.0,,Vertisols,Chromic Haplusterts,Clayey,Very deep,Moderately well drained,Slightly alkaline,Alluvium,9
Maharashtra,Parbhani,2017-2018,Groundnut,Summer,5046.0,6100.0,1.21,Hectare,Tonnes,Tonne/Hectare,Black (Regur),100.0,,Vertisols,Chromic Haplusterts,Clayey,Very deep,Moderately well drained,Slightly alkaline,Alluvium,9
Maharashtra,Parbhani,2017-2018,Jowar,Kharif,12175.0,5278.0,0.43,Hectare,Tonnes,Tonne/Hectare,Black (Regur),100.0,,Vertisols,Chromic Haplusterts,Clayey,Very deep,Moderately well drained,Slightly alkaline,Alluvium,9
Maharashtra,Parbhani,2017-2018,Jowar,Rabi,101960.0,73100.0,0.72,Hectare,Tonnes,Tonne/Hectare,Black (Regur),100.0,,Vertisols,Chromic Haplusterts,Clayey,Very deep,Moderately well drained,Slightly alkaline,Alluvium,9
Maharashtra,Parbhani,2017-2018,Linseed,Rabi,85.0,30.0,0.35,Hectare,Tonnes,Tonne/Hectare,Black (Regur),100.0,,Vertisols,Chromic Haplusterts,Clayey,Very deep,Moderately well drained,Slightly alkaline,Alluvium,9
Maharashtra,Parbhani,2017-2018,Maize,Kharif,1270.0,1000.0,0.79,Hectare,Tonnes,Tonne/Hectare,Black (Regur),100.0,,Vertisols,Chromic Haplusterts,Clayey,Very deep,Moderately well drained,Slightly alkaline,Alluvium,9
Maharashtra,Parbhani,2017-2018,Maize,Rabi,1840.0,1908.0,1.04,Hectare,Tonnes,Tonne/Hectare,Black (Regur),100.0,,Vertisols,Chromic Haplusterts,Clayey,Very deep,Moderately well drained,Slightly alkaline,Alluvium,9
Maharashtra,Parbhani,2017-2018,Maize,Summer,971.0,600.0,0.62,Hectare,Tonnes,Tonne/Hectare,Black (Regur),100.0,,Vertisols,Chromic Haplusterts,Clayey,Very deep,Moderately well drained,Slightly alkaline,Alluvium,9
Maharashtra,Parbhani,2017-2018,Moong(Green Gram),Kharif,37551.0,8192.0,0.22,Hectare,Tonnes,Tonne/Hectare,Black (Regur),100.0,,Vertisols,Chromic Haplusterts,Clayey,Very deep,Moderately well drained,Slightly alkaline,Alluvium,9
Maharashtra,Parbhani,2017-2018,Niger seed,Kharif,117.0,15.0,0.13,Hectare,Tonnes,Tonne/Hectare,Black (Regur),100.0,,Vertisols,Chromic Haplusterts,Clayey,Very deep,Moderately well drained,Slightly alkaline,Alluvium,9
Maharashtra,Parbhani,2017-2018,Other Cereals,Kharif,70.0,25.0,0.36,Hectare,Tonnes,Tonne/Hectare,Black (Regur),100.0,,Vertisols,Chromic Haplusterts,Clayey,Very deep,Moderately well drained,Slightly alkaline,Alluvium,9
Maharashtra,Parbhani,2017-2018,Other Cereals,Rabi,170.0,47.0,0.28,Hectare,Tonnes,Tonne/Hectare,Black (Regur),100.0,,Vertisols,Chromic Haplusterts,Clayey,Very deep,Moderately well drained,Slightly alkaline,Alluvium,9
Maharashtra,Parbhani,2017-2018,Other Kharif pulses,Kharif,130.0,20.0,0.15,Hectare,Tonnes,Tonne/Hectare,Black (Regur),100.0,,Vertisols,Chromic Haplusterts,Clayey,Very deep,Moderately well drained,Slightly alkaline,Alluvium,9
Maharashtra,Parbhani,2017-2018,Other Rabi pulses,Rabi,5.0,18.0,3.6,Hectare,Tonnes,Tonne/Hectare,Black (Regur),100.0,,Vertisols,Chromic Haplusterts,Clayey,Very deep,Moderately well drained,Slightly alkaline,Alluvium,9
Maharashtra,Parbhani,2017-2018,Safflower,Rabi,2500.0,1200.0,0.48,Hectare,Tonnes,Tonne/Hectare,Black (Regur),100.0,,Vertisols,Chromic Haplusterts,Clayey,Very deep,Moderately well drained,Slightly alkaline,Alluvium,9
Maharashtra,Parbhani,2017-2018,Sesamum,Kharif,932.0,133.0,0.14,Hectare,Tonnes,Tonne/Hectare,Black (Regur),100.0,,Vertisols,Chromic Haplusterts,Clayey,Very deep,Moderately well drained,Slightly alkaline,Alluvium,9
Maharashtra,Parbhani,2017-2018,Soyabean,Kharif,229670.0,201684.0,0.88,Hectare,Tonnes,Tonne/Hectare,Black (Regur),100.0,,Vertisols,Chromic Haplusterts,Clayey,Very deep,Moderately well drained,Slightly alkaline,Alluvium,9
Maharashtra,Parbhani,2017-2018,Sugarcane,Whole Year,25000.0,1375000.0,55.0,Hectare,Tonnes,Tonne/Hectare,Black (Regur),100.0,,Vertisols,Chromic Haplusterts,Clayey,Very deep,Moderately well drained,Slightly alkaline,Alluvium,9
Maharashtra,Parbhani,2017-2018,Sunflower,Kharif,6.0,2.0,0.33,Hectare,Tonnes,Tonne/Hectare,Black (Regur),100.0,,Vertisols,Chromic Haplusterts,Clayey,Very deep,Moderately well drained,Slightly alkaline,Alluvium,9
Maharashtra,Parbhani,2017-2018,Urad,Kharif,10551.0,3139.0,0.3,Hectare,Tonnes,Tonne/Hectare,Black (Regur),100.0,,Vertisols,Chromic Haplusterts,Clayey,Very deep,Moderately well drained,Slightly alkaline,Alluvium,9
Maharashtra,Parbhani,2017-2018,Wheat,Rabi,37300.0,35600.0,0.95,Hectare,Tonnes,Tonne/Hectare,Black (Regur),100.0,,Vertisols,Chromic Haplusterts,Clayey,Very deep,Moderately well drained,Slightly alkaline,Alluvium,9
Maharashtra,Pune,2017-2018,Arhar/Tur,Kharif,2000.0,1300.0,0.65,Hectare,Tonnes,Tonne/Hectare,Black (Regur),88.9,Mountain / Forest,Entisols,Lithic Ustorthents,Clayey,Shallow,Well drained,Slightly alkaline,Alluvium,9
Maharashtra,Pune,2017-2018,Bajra,Kharif,32000.0,23100.0,0.72,Hectare,Tonnes,Tonne/Hectare,Black (Regur),88.9,Mountain / Forest,Entisols,Lithic Ustorthents,Clayey,Shallow,Well drained,Slightly alkaline,Alluvium,9
Maharashtra,Pune,2017-2018,Castor seed,Kharif,100.0,10.0,0.1,Hectare,Tonnes,Tonne/Hectare,Black (Regur),88.9,Mountain / Forest,Entisols,Lithic Ustorthents,Clayey,Shallow,Well drained,Slightly alkaline,Alluvium,9
Maharashtra,Pune,2017-2018,Gram,Rabi,90303.0,102700.0,1.14,Hectare,Tonnes,Tonne/Hectare,Black (Regur),88.9,Mountain / Forest,Entisols,Lithic Ustorthents,Clayey,Shallow,Well drained,Slightly alkaline,Alluvium,9
Maharashtra,Pune,2017-2018,Groundnut,Kharif,17800.0,16800.0,0.94,Hectare,Tonnes,Tonne/Hectare,Black (Regur),88.9,Mountain / Forest,Entisols,Lithic Ustorthents,Clayey,Shallow,Well drained,Slightly alkaline,Alluvium,9
Maharashtra,Pune,2017-2018,Groundnut,Summer,3886.0,6300.0,1.62,Hectare,Tonnes,Tonne/Hectare,Black (Regur),88.9,Mountain / Forest,Entisols,Lithic Ustorthents,Clayey,Shallow,Well drained,Slightly alkaline,Alluvium,9
Maharashtra,Pune,2017-2018,Jowar,Kharif,1700.0,1600.0,0.94,Hectare,Tonnes,Tonne/Hectare,Black (Regur),88.9,Mountain / Forest,Entisols,Lithic Ustorthents,Clayey,Shallow,Well drained,Slightly alkaline,Alluvium,9
Maharashtra,Pune,2017-2018,Jowar,Rabi,223400.0,163400.0,0.73,Hectare,Tonnes,Tonne/Hectare,Black (Regur),88.9,Mountain / Forest,Entisols,Lithic Ustorthents,Clayey,Shallow,Well drained,Slightly alkaline,Alluvium,9
Maharashtra,Pune,2017-2018,Maize,Kharif,19500.0,53200.0,2.73,Hectare,Tonnes,Tonne/Hectare,Black (Regur),88.9,Mountain / Forest,Entisols,Lithic Ustorthents,Clayey,Shallow,Well drained,Slightly alkaline,Alluvium,9
Maharashtra,Pune,2017-2018,Maize,Rabi,25900.0,91300.0,3.53,Hectare,Tonnes,Tonne/Hectare,Black (Regur),88.9,Mountain / Forest,Entisols,Lithic Ustorthents,Clayey,Shallow,Well drained,Slightly alkaline,Alluvium,9
Maharashtra,Pune,2017-2018,Maize,Summer,1928.0,2100.0,1.09,Hectare,Tonnes,Tonne/Hectare,Black (Regur),88.9,Mountain / Forest,Entisols,Lithic Ustorthents,Clayey,Shallow,Well drained,Slightly alkaline,Alluvium,9
Maharashtra,Pune,2017-2018,Moong(Green Gram),Kharif,21824.0,7598.0,0.35,Hectare,Tonnes,Tonne/Hectare,Black (Regur),88.9,Mountain / Forest,Entisols,Lithic Ustorthents,Clayey,Shallow,Well drained,Slightly alkaline,Alluvium,9
Maharashtra,Pune,2017-2018,Niger seed,Kharif,1114.0,178.0,0.16,Hectare,Tonnes,Tonne/Hectare,Black (Regur),88.9,Mountain / Forest,Entisols,Lithic Ustorthents,Clayey,Shallow,Well drained,Slightly alkaline,Alluvium,9
Maharashtra,Pune,2017-2018,Other Cereals,Kharif,800.0,200.0,0.25,Hectare,Tonnes,Tonne/Hectare,Black (Regur),88.9,Mountain / Forest,Entisols,Lithic Ustorthents,Clayey,Shallow,Well drained,Slightly alkaline,Alluvium,9
Maharashtra,Pune,2017-2018,Other Cereals,Rabi,300.0,100.0,0.33,Hectare,Tonnes,Tonne/Hectare,Black (Regur),88.9,Mountain / Forest,Entisols,Lithic Ustorthents,Clayey,Shallow,Well drained,Slightly alkaline,Alluvium,9
Maharashtra,Pune,2017-2018,Other Cereals,Summer,6800.0,6100.0,0.9,Hectare,Tonnes,Tonne/Hectare,Black (Regur),88.9,Mountain / Forest,Entisols,Lithic Ustorthents,Clayey,Shallow,Well drained,Slightly alkaline,Alluvium,9
Maharashtra,Pune,2017-2018,Other Kharif pulses,Kharif,10400.0,2100.0,0.2,Hectare,Tonnes,Tonne/Hectare,Black (Regur),88.9,Mountain / Forest,Entisols,Lithic Ustorthents,Clayey,Shallow,Well drained,Slightly alkaline,Alluvium,9
Maharashtra,Pune,2017-2018,Other Rabi pulses,Rabi,3510.0,1500.0,0.43,Hectare,Tonnes,Tonne/Hectare,Black (Regur),88.9,Mountain / Forest,Entisols,Lithic Ustorthents,Clayey,Shallow,Well drained,Slightly alkaline,Alluvium,9
Maharashtra,Pune,2017-2018,Ragi,Kharif,2700.0,2200.0,0.81,Hectare,Tonnes,Tonne/Hectare,Black (Regur),88.9,Mountain / Forest,Entisols,Lithic Ustorthents,Clayey,Shallow,Well drained,Slightly alkaline,Alluvium,9
Maharashtra,Pune,2017-2018,Rapeseed &Mustard,Rabi,10.0,4.0,0.4,Hectare,Tonnes,Tonne/Hectare,Black (Regur),88.9,Mountain / Forest,Entisols,Lithic Ustorthents,Clayey,Shallow,Well drained,Slightly alkaline,Alluvium,9
Maharashtra,Pune,2017-2018,Rice,Kharif,52000.0,124000.0,2.38,Hectare,Tonnes,Tonne/Hectare,Black (Regur),88.9,Mountain / Forest,Entisols,Lithic Ustorthents,Clayey,Shallow,Well drained,Slightly alkaline,Alluvium,9
Maharashtra,Pune,2017-2018,Sesamum,Kharif,739.0,226.0,0.31,Hectare,Tonnes,Tonne/Hectare,Black (Regur),88.9,Mountain / Forest,Entisols,Lithic Ustorthents,Clayey,Shallow,Well drained,Slightly alkaline,Alluvium,9
Maharashtra,Pune,2017-2018,Sesamum,Rabi,140.0,50.0,0.36,Hectare,Tonnes,Tonne/Hectare,Black (Regur),88.9,Mountain / Forest,Entisols,Lithic Ustorthents,Clayey,Shallow,Well drained,Slightly alkaline,Alluvium,9
Maharashtra,Pune,2017-2018,Soyabean,Kharif,20231.0,40900.0,2.02,Hectare,Tonnes,Tonne/Hectare,Black (Regur),88.9,Mountain / Forest,Entisols,Lithic Ustorthents,Clayey,Shallow,Well drained,Slightly alkaline,Alluvium,9
Maharashtra,Pune,2017-2018,Sugarcane,Whole Year,113140.0,13270600.0,117.29,Hectare,Tonnes,Tonne/Hectare,Black (Regur),88.9,Mountain / Forest,Entisols,Lithic Ustorthents,Clayey,Shallow,Well drained,Slightly alkaline,Alluvium,9
Maharashtra,Pune,2017-2018,Sunflower,Kharif,59.0,34.0,0.58,Hectare,Tonnes,Tonne/Hectare,Black (Regur),88.9,Mountain / Forest,Entisols,Lithic Ustorthents,Clayey,Shallow,Well drained,Slightly alkaline,Alluvium,9
Maharashtra,Pune,2017-2018,Sunflower,Rabi,170.0,90.0,0.53,Hectare,Tonnes,Tonne/Hectare,Black (Regur),88.9,Mountain / Forest,Entisols,Lithic Ustorthents,Clayey,Shallow,Well drained,Slightly alkaline,Alluvium,9
Maharashtra,Pune,2017-2018,Urad,Kharif,794.0,527.0,0.66,Hectare,Tonnes,Tonne/Hectare,Black (Regur),88.9,Mountain / Forest,Entisols,Lithic Ustorthents,Clayey,Shallow,Well drained,Slightly alkaline,Alluvium,9
Maharashtra,Pune,2017-2018,Wheat,Rabi,72400.0,177200.0,2.45,Hectare,Tonnes,Tonne/Hectare,Black (Regur),88.9,Mountain / Forest,Entisols,Lithic Ustorthents,Clayey,Shallow,Well drained,Slightly alkaline,Alluvium,9
Maharashtra,Raigad,2017-2018,Arhar/Tur,Kharif,300.0,200.0,0.67,Hectare,Tonnes,Tonne/Hectare,Mountain / Forest,77.8,Red & Yellow,Inceptisols,Typic Haplustepts,Loamy,Shallow,Well drained,Slightly acidic,Basalt,9
Maharashtra,Raigad,2017-2018,Gram,Rabi,7.0,,0.0,Hectare,Tonnes,Tonne/Hectare,Mountain / Forest,77.8,Red & Yellow,Inceptisols,Typic Haplustepts,Loamy,Shallow,Well drained,Slightly acidic,Basalt,9
Maharashtra,Raigad,2017-2018,Groundnut,Summer,123.0,200.0,1.63,Hectare,Tonnes,Tonne/Hectare,Mountain / Forest,77.8,Red & Yellow,Inceptisols,Typic Haplustepts,Loamy,Shallow,Well drained,Slightly acidic,Basalt,9
Maharashtra,Raigad,2017-2018,Moong(Green Gram),Kharif,25.0,5.0,0.2,Hectare,Tonnes,Tonne/Hectare,Mountain / Forest,77.8,Red & Yellow,Inceptisols,Typic Haplustepts,Loamy,Shallow,Well drained,Slightly acidic,Basalt,9
Maharashtra,Raigad,2017-2018,Other Cereals,Kharif,1000.0,400.0,0.4,Hectare,Tonnes,Tonne/Hectare,Mountain / Forest,77.8,Red & Yellow,Inceptisols,Typic Haplustepts,Loamy,Shallow,Well drained,Slightly acidic,Basalt,9
Maharashtra,Raigad,2017-2018,Other Kharif pulses,Kharif,200.0,100.0,0.5,Hectare,Tonnes,Tonne/Hectare,Mountain / Forest,77.8,Red & Yellow,Inceptisols,Typic Haplustepts,Loamy,Shallow,Well drained,Slightly acidic,Basalt,9
Maharashtra,Raigad,2017-2018,Other Rabi pulses,Rabi,11800.0,3800.0,0.32,Hectare,Tonnes,Tonne/Hectare,Mountain / Forest,77.8,Red & Yellow,Inceptisols,Typic Haplustepts,Loamy,Shallow,Well drained,Slightly acidic,Basalt,9
Maharashtra,Raigad,2017-2018,Ragi,Kharif,6700.0,5300.0,0.79,Hectare,Tonnes,Tonne/Hectare,Mountain / Forest,77.8,Red & Yellow,Inceptisols,Typic Haplustepts,Loamy,Shallow,Well drained,Slightly acidic,Basalt,9
Maharashtra,Raigad,2017-2018,Rapeseed &Mustard,Rabi,30.0,10.0,0.33,Hectare,Tonnes,Tonne/Hectare,Mountain / Forest,77.8,Red & Yellow,Inceptisols,Typic Haplustepts,Loamy,Shallow,Well drained,Slightly acidic,Basalt,9
Maharashtra,Raigad,2017-2018,Rice,Kharif,110500.0,299000.0,2.71,Hectare,Tonnes,Tonne/Hectare,Mountain / Forest,77.8,Red & Yellow,Inceptisols,Typic Haplustepts,Loamy,Shallow,Well drained,Slightly acidic,Basalt,9
Maharashtra,Raigad,2017-2018,Rice,Summer,3737.0,11800.0,3.16,Hectare,Tonnes,Tonne/Hectare,Mountain / Forest,77.8,Red & Yellow,Inceptisols,Typic Haplustepts,Loamy,Shallow,Well drained,Slightly acidic,Basalt,9
Maharashtra,Ratnagiri,2017-2018,Groundnut,Summer,27.0,40.0,1.48,Hectare,Tonnes,Tonne/Hectare,Red & Yellow,66.7,Black (Regur),Inceptisols,Typic Haplustepts,Clayey,Moderately deep,Well drained,Others,Colluvium,9
Maharashtra,Ratnagiri,2017-2018,Other Cereals,Kharif,500.0,300.0,0.6,Hectare,Tonnes,Tonne/Hectare,Red & Yellow,66.7,Black (Regur),Inceptisols,Typic Haplustepts,Clayey,Moderately deep,Well drained,Others,Colluvium,9
Maharashtra,Ratnagiri,2017-2018,Other Cereals,Rabi,41.0,38.0,0.93,Hectare,Tonnes,Tonne/Hectare,Red & Yellow,66.7,Black (Regur),Inceptisols,Typic Haplustepts,Clayey,Moderately deep,Well drained,Others,Colluvium,9
Maharashtra,Ratnagiri,2017-2018,Other Rabi pulses,Rabi,4700.0,3300.0,0.7,Hectare,Tonnes,Tonne/Hectare,Red & Yellow,66.7,Black (Regur),Inceptisols,Typic Haplustepts,Clayey,Moderately deep,Well drained,Others,Colluvium,9
Maharashtra,Ratnagiri,2017-2018,Ragi,Kharif,14200.0,21400.0,1.51,Hectare,Tonnes,Tonne/Hectare,Red & Yellow,66.7,Black (Regur),Inceptisols,Typic Haplustepts,Clayey,Moderately deep,Well drained,Others,Colluvium,9
Maharashtra,Ratnagiri,2017-2018,Rapeseed &Mustard,Rabi,30.0,20.0,0.67,Hectare,Tonnes,Tonne/Hectare,Red & Yellow,66.7,Black (Regur),Inceptisols,Typic Haplustepts,Clayey,Moderately deep,Well drained,Others,Colluvium,9
Maharashtra,Ratnagiri,2017-2018,Rice,Kharif,75200.0,224400.0,2.98,Hectare,Tonnes,Tonne/Hectare,Red & Yellow,66.7,Black (Regur),Inceptisols,Typic Haplustepts,Clayey,Moderately deep,Well drained,Others,Colluvium,9
Maharashtra,Ratnagiri,2017-2018,Rice,Summer,29.0,100.0,3.45,Hectare,Tonnes,Tonne/Hectare,Red & Yellow,66.7,Black (Regur),Inceptisols,Typic Haplustepts,Clayey,Moderately deep,Well drained,Others,Colluvium,9
Maharashtra,Ratnagiri,2017-2018,Sesamum,Kharif,40.0,12.0,0.3,Hectare,Tonnes,Tonne/Hectare,Red & Yellow,66.7,Black (Regur),Inceptisols,Typic Haplustepts,Clayey,Moderately deep,Well drained,Others,Colluvium,9
Maharashtra,Ratnagiri,2017-2018,Sugarcane,Whole Year,44.0,2600.0,59.09,Hectare,Tonnes,Tonne/Hectare,Red & Yellow,66.7,Black (Regur),Inceptisols,Typic Haplustepts,Clayey,Moderately deep,Well drained,Others,Colluvium,9
Maharashtra,Sangli,2017-2018,Arhar/Tur,Kharif,7400.0,2200.0,0.3,Hectare,Tonnes,Tonne/Hectare,Black (Regur),55.6,Red & Yellow,Entisols,Lithic Ustorthents,Clayey,Shallow,Well drained,Neutral,Basalt,9
Maharashtra,Sangli,2017-2018,Bajra,Kharif,58800.0,8700.0,0.15,Hectare,Tonnes,Tonne/Hectare,Black (Regur),55.6,Red & Yellow,Entisols,Lithic Ustorthents,Clayey,Shallow,Well drained,Neutral,Basalt,9
Maharashtra,Sangli,2017-2018,Castor seed,Kharif,27.0,10.0,0.37,Hectare,Tonnes,Tonne/Hectare,Black (Regur),55.6,Red & Yellow,Entisols,Lithic Ustorthents,Clayey,Shallow,Well drained,Neutral,Basalt,9
Maharashtra,Sangli,2017-2018,Cotton(lint),Kharif,254.0,200.0,0.79,Hectare,Bales,Bales/Hectare,Black (Regur),55.6,Red & Yellow,Entisols,Lithic Ustorthents,Clayey,Shallow,Well drained,Neutral,Basalt,9
Maharashtra,Sangli,2017-2018,Gram,Rabi,29400.0,26900.0,0.91,Hectare,Tonnes,Tonne/Hectare,Black (Regur),55.6,Red & Yellow,Entisols,Lithic Ustorthents,Clayey,Shallow,Well drained,Neutral,Basalt,9
Maharashtra,Sangli,2017-2018,Groundnut,Kharif,28700.0,34400.0,1.2,Hectare,Tonnes,Tonne/Hectare,Black (Regur),55.6,Red & Yellow,Entisols,Lithic Ustorthents,Clayey,Shallow,Well drained,Neutral,Basalt,9
Maharashtra,Sangli,2017-2018,Groundnut,Summer,546.0,800.0,1.47,Hectare,Tonnes,Tonne/Hectare,Black (Regur),55.6,Red & Yellow,Entisols,Lithic Ustorthents,Clayey,Shallow,Well drained,Neutral,Basalt,9
Maharashtra,Sangli,2017-2018,Jowar,Kharif,53800.0,44900.0,0.83,Hectare,Tonnes,Tonne/Hectare,Black (Regur),55.6,Red & Yellow,Entisols,Lithic Ustorthents,Clayey,Shallow,Well drained,Neutral,Basalt,9
Maharashtra,Sangli,2017-2018,Jowar,Rabi,139300.0,86800.0,0.62,Hectare,Tonnes,Tonne/Hectare,Black (Regur),55.6,Red & Yellow,Entisols,Lithic Ustorthents,Clayey,Shallow,Well drained,Neutral,Basalt,9
Maharashtra,Sangli,2017-2018,Maize,Kharif,35500.0,82600.0,2.33,Hectare,Tonnes,Tonne/Hectare,Black (Regur),55.6,Red & Yellow,Entisols,Lithic Ustorthents,Clayey,Shallow,Well drained,Neutral,Basalt,9
Maharashtra,Sangli,2017-2018,Maize,Rabi,21500.0,55700.0,2.59,Hectare,Tonnes,Tonne/Hectare,Black (Regur),55.6,Red & Yellow,Entisols,Lithic Ustorthents,Clayey,Shallow,Well drained,Neutral,Basalt,9
Maharashtra,Sangli,2017-2018,Maize,Summer,1784.0,3900.0,2.19,Hectare,Tonnes,Tonne/Hectare,Black (Regur),55.6,Red & Yellow,Entisols,Lithic Ustorthents,Clayey,Shallow,Well drained,Neutral,Basalt,9
Maharashtra,Sangli,2017-2018,Moong(Green Gram),Kharif,7437.0,1798.0,0.24,Hectare,Tonnes,Tonne/Hectare,Black (Regur),55.6,Red & Yellow,Entisols,Lithic Ustorthents,Clayey,Shallow,Well drained,Neutral,Basalt,9
Maharashtra,Sangli,2017-2018,Other Cereals,Kharif,1300.0,600.0,0.46,Hectare,Tonnes,Tonne/Hectare,Black (Regur),55.6,Red & Yellow,Entisols,Lithic Ustorthents,Clayey,Shallow,Well drained,Neutral,Basalt,9
Maharashtra,Sangli,2017-2018,Other Cereals,Rabi,20.0,7.0,0.35,Hectare,Tonnes,Tonne/Hectare,Black (Regur),55.6,Red & Yellow,Entisols,Lithic Ustorthents,Clayey,Shallow,Well drained,Neutral,Basalt,9
Maharashtra,Sangli,2017-2018,Other Cereals,Summer,167.0,200.0,1.2,Hectare,Tonnes,Tonne/Hectare,Black (Regur),55.6,Red & Yellow,Entisols,Lithic Ustorthents,Clayey,Shallow,Well drained,Neutral,Basalt,9
Maharashtra,Sangli,2017-2018,Other Kharif pulses,Kharif,10400.0,3800.0,0.37,Hectare,Tonnes,Tonne/Hectare,Black (Regur),55.6,Red & Yellow,Entisols,Lithic Ustorthents,Clayey,Shallow,Well drained,Neutral,Basalt,9
Maharashtra,Sangli,2017-2018,Other Rabi pulses,Rabi,400.0,200.0,0.5,Hectare,Tonnes,Tonne/Hectare,Black (Regur),55.6,Red & Yellow,Entisols,Lithic Ustorthents,Clayey,Shallow,Well drained,Neutral,Basalt,9
Maharashtra,Sangli,2017-2018,Rapeseed &Mustard,Rabi,14.0,10.0,0.71,Hectare,Tonnes,Tonne/Hectare,Black (Regur),55.6,Red & Yellow,Entisols,Lithic Ustorthents,Clayey,Shallow,Well drained,Neutral,Basalt,9
Maharashtra,Sangli,2017-2018,Rice,Kharif,17000.0,39300.0,2.31,Hectare,Tonnes,Tonne/Hectare,Black (Regur),55.6,Red & Yellow,Entisols,Lithic Ustorthents,Clayey,Shallow,Well drained,Neutral,Basalt,9
Maharashtra,Sangli,2017-2018,Safflower,Rabi,500.0,300.0,0.6,Hectare,Tonnes,Tonne/Hectare,Black (Regur),55.6,Red & Yellow,Entisols,Lithic Ustorthents,Clayey,Shallow,Well drained,Neutral,Basalt,9
Maharashtra,Sangli,2017-2018,Sesamum,Kharif,18.0,6.0,0.33,Hectare,Tonnes,Tonne/Hectare,Black (Regur),55.6,Red & Yellow,Entisols,Lithic Ustorthents,Clayey,Shallow,Well drained,Neutral,Basalt,9
Maharashtra,Sangli,2017-2018,Sesamum,Rabi,4.0,14.0,3.5,Hectare,Tonnes,Tonne/Hectare,Black (Regur),55.6,Red & Yellow,Entisols,Lithic Ustorthents,Clayey,Shallow,Well drained,Neutral,Basalt,9
Maharashtra,Sangli,2017-2018,Soyabean,Kharif,47300.0,78800.0,1.67,Hectare,Tonnes,Tonne/Hectare,Black (Regur),55.6,Red & Yellow,Entisols,Lithic Ustorthents,Clayey,Shallow,Well drained,Neutral,Basalt,9
Maharashtra,Sangli,2017-2018,Sugarcane,Whole Year,80176.0,8546800.0,106.6,Hectare,Tonnes,Tonne/Hectare,Black (Regur),55.6,Red & Yellow,Entisols,Lithic Ustorthents,Clayey,Shallow,Well drained,Neutral,Basalt,9
Maharashtra,Sangli,2017-2018,Sunflower,Kharif,758.0,435.0,0.57,Hectare,Tonnes,Tonne/Hectare,Black (Regur),55.6,Red & Yellow,Entisols,Lithic Ustorthents,Clayey,Shallow,Well drained,Neutral,Basalt,9
Maharashtra,Sangli,2017-2018,Sunflower,Rabi,500.0,300.0,0.6,Hectare,Tonnes,Tonne/Hectare,Black (Regur),55.6,Red & Yellow,Entisols,Lithic Ustorthents,Clayey,Shallow,Well drained,Neutral,Basalt,9
Maharashtra,Sangli,2017-2018,Urad,Kharif,18199.0,1843.0,0.1,Hectare,Tonnes,Tonne/Hectare,Black (Regur),55.6,Red & Yellow,Entisols,Lithic Ustorthents,Clayey,Shallow,Well drained,Neutral,Basalt,9
Maharashtra,Sangli,2017-2018,Wheat,Rabi,25100.0,49800.0,1.98,Hectare,Tonnes,Tonne/Hectare,Black (Regur),55.6,Red & Yellow,Entisols,Lithic Ustorthents,Clayey,Shallow,Well drained,Neutral,Basalt,9
Maharashtra,Satara,2017-2018,Arhar/Tur,Kharif,1700.0,300.0,0.18,Hectare,Tonnes,Tonne/Hectare,Red & Yellow,77.8,Alluvial,Entisols,Lithic Ustorthents,Loamy,Shallow,Well drained,Others,,9
Maharashtra,Satara,2017-2018,Bajra,Kharif,67400.0,34100.0,0.51,Hectare,Tonnes,Tonne/Hectare,Red & Yellow,77.8,Alluvial,Entisols,Lithic Ustorthents,Loamy,Shallow,Well drained,Others,,9
Maharashtra,Satara,2017-2018,Castor seed,Kharif,48.0,10.0,0.21,Hectare,Tonnes,Tonne/Hectare,Red & Yellow,77.8,Alluvial,Entisols,Lithic Ustorthents,Loamy,Shallow,Well drained,Others,,9
Maharashtra,Satara,2017-2018,Cotton(lint),Kharif,85.0,100.0,1.18,Hectare,Bales,Bales/Hectare,Red & Yellow,77.8,Alluvial,Entisols,Lithic Ustorthents,Loamy,Shallow,Well drained,Others,,9
Maharashtra,Satara,2017-2018,Gram,Rabi,31000.0,28900.0,0.93,Hectare,Tonnes,Tonne/Hectare,Red & Yellow,77.8,Alluvial,Entisols,Lithic Ustorthents,Loamy,Shallow,Well drained,Others,,9
Maharashtra,Satara,2017-2018,Groundnut,Kharif,33200.0,46900.0,1.41,Hectare,Tonnes,Tonne/Hectare,Red & Yellow,77.8,Alluvial,Entisols,Lithic Ustorthents,Loamy,Shallow,Well drained,Others,,9
Maharashtra,Satara,2017-2018,Groundnut,Summer,2476.0,4700.0,1.9,Hectare,Tonnes,Tonne/Hectare,Red & Yellow,77.8,Alluvial,Entisols,Lithic Ustorthents,Loamy,Shallow,Well drained,Others,,9
Maharashtra,Satara,2017-2018,Jowar,Kharif,24100.0,33100.0,1.37,Hectare,Tonnes,Tonne/Hectare,Red & Yellow,77.8,Alluvial,Entisols,Lithic Ustorthents,Loamy,Shallow,Well drained,Others,,9
Maharashtra,Satara,2017-2018,Jowar,Rabi,136600.0,124600.0,0.91,Hectare,Tonnes,Tonne/Hectare,Red & Yellow,77.8,Alluvial,Entisols,Lithic Ustorthents,Loamy,Shallow,Well drained,Others,,9
Maharashtra,Satara,2017-2018,Maize,Kharif,19100.0,59200.0,3.1,Hectare,Tonnes,Tonne/Hectare,Red & Yellow,77.8,Alluvial,Entisols,Lithic Ustorthents,Loamy,Shallow,Well drained,Others,,9
Maharashtra,Satara,2017-2018,Maize,Rabi,13000.0,35900.0,2.76,Hectare,Tonnes,Tonne/Hectare,Red & Yellow,77.8,Alluvial,Entisols,Lithic Ustorthents,Loamy,Shallow,Well drained,Others,,9
Maharashtra,Satara,2017-2018,Maize,Summer,1886.0,3000.0,1.59,Hectare,Tonnes,Tonne/Hectare,Red & Yellow,77.8,Alluvial,Entisols,Lithic Ustorthents,Loamy,Shallow,Well drained,Others,,9
Maharashtra,Satara,2017-2018,Moong(Green Gram),Kharif,7834.0,3568.0,0.46,Hectare,Tonnes,Tonne/Hectare,Red & Yellow,77.8,Alluvial,Entisols,Lithic Ustorthents,Loamy,Shallow,Well drained,Others,,9
Maharashtra,Satara,2017-2018,Niger seed,Kharif,756.0,112.0,0.15,Hectare,Tonnes,Tonne/Hectare,Red & Yellow,77.8,Alluvial,Entisols,Lithic Ustorthents,Loamy,Shallow,Well drained,Others,,9
Maharashtra,Satara,2017-2018,Other Cereals,Kharif,700.0,300.0,0.43,Hectare,Tonnes,Tonne/Hectare,Red & Yellow,77.8,Alluvial,Entisols,Lithic Ustorthents,Loamy,Shallow,Well drained,Others,,9
Maharashtra,Satara,2017-2018,Other Cereals,Rabi,33.0,12.0,0.36,Hectare,Tonnes,Tonne/Hectare,Red & Yellow,77.8,Alluvial,Entisols,Lithic Ustorthents,Loamy,Shallow,Well drained,Others,,9
Maharashtra,Satara,2017-2018,Other Kharif pulses,Kharif,36000.0,39600.0,1.1,Hectare,Tonnes,Tonne/Hectare,Red & Yellow,77.8,Alluvial,Entisols,Lithic Ustorthents,Loamy,Shallow,Well drained,Others,,9
Maharashtra,Satara,2017-2018,Other Rabi pulses,Rabi,640.0,100.0,0.16,Hectare,Tonnes,Tonne/Hectare,Red & Yellow,77.8,Alluvial,Entisols,Lithic Ustorthents,Loamy,Shallow,Well drained,Others,,9
Maharashtra,Satara,2017-2018,Ragi,Kharif,4500.0,5100.0,1.13,Hectare,Tonnes,Tonne/Hectare,Red & Yellow,77.8,Alluvial,Entisols,Lithic Ustorthents,Loamy,Shallow,Well drained,Others,,9
Maharashtra,Satara,2017-2018,Rapeseed &Mustard,Rabi,100.0,40.0,0.4,Hectare,Tonnes,Tonne/Hectare,Red & Yellow,77.8,Alluvial,Entisols,Lithic Ustorthents,Loamy,Shallow,Well drained,Others,,9
Maharashtra,Satara,2017-2018,Rice,Kharif,45800.0,83000.0,1.81,Hectare,Tonnes,Tonne/Hectare,Red & Yellow,77.8,Alluvial,Entisols,Lithic Ustorthents,Loamy,Shallow,Well drained,Others,,9
Maharashtra,Satara,2017-2018,Safflower,Rabi,100.0,100.0,1.0,Hectare,Tonnes,Tonne/Hectare,Red & Yellow,77.8,Alluvial,Entisols,Lithic Ustorthents,Loamy,Shallow,Well drained,Others,,9
Maharashtra,Satara,2017-2018,Sesamum,Kharif,10.0,3.0,0.3,Hectare,Tonnes,Tonne/Hectare,Red & Yellow,77.8,Alluvial,Entisols,Lithic Ustorthents,Loamy,Shallow,Well drained,Others,,9
Maharashtra,Satara,2017-2018,Soyabean,Kharif,69700.0,128500.0,1.84,Hectare,Tonnes,Tonne/Hectare,Red & Yellow,77.8,Alluvial,Entisols,Lithic Ustorthents,Loamy,Shallow,Well drained,Others,,9
Maharashtra,Satara,2017-2018,Sugarcane,Whole Year,80644.0,7983800.0,99.0,Hectare,Tonnes,Tonne/Hectare,Red & Yellow,77.8,Alluvial,Entisols,Lithic Ustorthents,Loamy,Shallow,Well drained,Others,,9
Maharashtra,Satara,2017-2018,Sunflower,Kharif,197.0,113.0,0.57,Hectare,Tonnes,Tonne/Hectare,Red & Yellow,77.8,Alluvial,Entisols,Lithic Ustorthents,Loamy,Shallow,Well drained,Others,,9
Maharashtra,Satara,2017-2018,Sunflower,Rabi,440.0,220.0,0.5,Hectare,Tonnes,Tonne/Hectare,Red & Yellow,77.8,Alluvial,Entisols,Lithic Ustorthents,Loamy,Shallow,Well drained,Others,,9
Maharashtra,Satara,2017-2018,Urad,Kharif,3696.0,1931.0,0.52,Hectare,Tonnes,Tonne/Hectare,Red & Yellow,77.8,Alluvial,Entisols,Lithic Ustorthents,Loamy,Shallow,Well drained,Others,,9
Maharashtra,Satara,2017-2018,Wheat,Rabi,37200.0,75100.0,2.02,Hectare,Tonnes,Tonne/Hectare,Red & Yellow,77.8,Alluvial,Entisols,Lithic Ustorthents,Loamy,Shallow,Well drained,Others,,9
Maharashtra,Sindhudurg,2017-2018,Groundnut,Kharif,542.0,700.0,1.29,Hectare,Tonnes,Tonne/Hectare,Red & Yellow,88.9,Mountain / Forest,Inceptisols,Typic Haplustepts,Loamy,Moderately deep,Well drained,Slightly acidic,Colluvium,9
Maharashtra,Sindhudurg,2017-2018,Groundnut,Summer,805.0,1900.0,2.36,Hectare,Tonnes,Tonne/Hectare,Red & Yellow,88.9,Mountain / Forest,Inceptisols,Typic Haplustepts,Loamy,Moderately deep,Well drained,Slightly acidic,Colluvium,9
Maharashtra,Sindhudurg,2017-2018,Other Cereals,Kharif,79.0,36.0,0.46,Hectare,Tonnes,Tonne/Hectare,Red & Yellow,88.9,Mountain / Forest,Inceptisols,Typic Haplustepts,Loamy,Moderately deep,Well drained,Slightly acidic,Colluvium,9
Maharashtra,Sindhudurg,2017-2018,Other Cereals,Rabi,2.0,1.9,0.95,Hectare,Tonnes,Tonne/Hectare,Red & Yellow,88.9,Mountain / Forest,Inceptisols,Typic Haplustepts,Loamy,Moderately deep,Well drained,Slightly acidic,Colluvium,9
Maharashtra,Sindhudurg,2017-2018,Other Kharif pulses,Kharif,400.0,200.0,0.5,Hectare,Tonnes,Tonne/Hectare,Red & Yellow,88.9,Mountain / Forest,Inceptisols,Typic Haplustepts,Loamy,Moderately deep,Well drained,Slightly acidic,Colluvium,9
Maharashtra,Sindhudurg,2017-2018,Other Rabi pulses,Rabi,2000.0,1000.0,0.5,Hectare,Tonnes,Tonne/Hectare,Red & Yellow,88.9,Mountain / Forest,Inceptisols,Typic Haplustepts,Loamy,Moderately deep,Well drained,Slightly acidic,Colluvium,9
Maharashtra,Sindhudurg,2017-2018,Ragi,Kharif,1800.0,2600.0,1.44,Hectare,Tonnes,Tonne/Hectare,Red & Yellow,88.9,Mountain / Forest,Inceptisols,Typic Haplustepts,Loamy,Moderately deep,Well drained,Slightly acidic,Colluvium,9
Maharashtra,Sindhudurg,2017-2018,Rapeseed &Mustard,Rabi,10.0,10.0,1.0,Hectare,Tonnes,Tonne/Hectare,Red & Yellow,88.9,Mountain / Forest,Inceptisols,Typic Haplustepts,Loamy,Moderately deep,Well drained,Slightly acidic,Colluvium,9
Maharashtra,Sindhudurg,2017-2018,Rice,Kharif,62500.0,203000.0,3.25,Hectare,Tonnes,Tonne/Hectare,Red & Yellow,88.9,Mountain / Forest,Inceptisols,Typic Haplustepts,Loamy,Moderately deep,Well drained,Slightly acidic,Colluvium,9
Maharashtra,Sindhudurg,2017-2018,Rice,Summer,1520.0,3200.0,2.11,Hectare,Tonnes,Tonne/Hectare,Red & Yellow,88.9,Mountain / Forest,Inceptisols,Typic Haplustepts,Loamy,Moderately deep,Well drained,Slightly acidic,Colluvium,9
Maharashtra,Sindhudurg,2017-2018,Sugarcane,Whole Year,1098.0,65900.0,60.02,Hectare,Tonnes,Tonne/Hectare,Red & Yellow,88.9,Mountain / Forest,Inceptisols,Typic Haplustepts,Loamy,Moderately deep,Well drained,Slightly acidic,Colluvium,9
Maharashtra,Sindhudurg,2017-2018,Urad,Kharif,60.0,28.0,0.47,Hectare,Tonnes,Tonne/Hectare,Red & Yellow,88.9,Mountain / Forest,Inceptisols,Typic Haplustepts,Loamy,Moderately deep,Well drained,Slightly acidic,Colluvium,9
Maharashtra,Solapur,2017-2018,Arhar/Tur,Kharif,29800.0,18700.0,0.63,Hectare,Tonnes,Tonne/Hectare,Black (Regur),55.6,Mountain / Forest,Vertisols,Chromic Haplusterts,Clayey,Very deep,Moderately well drained,Slightly alkaline,Alluvium,9
Maharashtra,Solapur,2017-2018,Bajra,Kharif,28600.0,9740.0,0.34,Hectare,Tonnes,Tonne/Hectare,Black (Regur),55.6,Mountain / Forest,Vertisols,Chromic Haplusterts,Clayey,Very deep,Moderately well drained,Slightly alkaline,Alluvium,9
Maharashtra,Solapur,2017-2018,Castor seed,Kharif,100.0,20.0,0.2,Hectare,Tonnes,Tonne/Hectare,Black (Regur),55.6,Mountain / Forest,Vertisols,Chromic Haplusterts,Clayey,Very deep,Moderately well drained,Slightly alkaline,Alluvium,9
Maharashtra,Solapur,2017-2018,Cotton(lint),Kharif,300.0,400.0,1.33,Hectare,Bales,Bales/Hectare,Black (Regur),55.6,Mountain / Forest,Vertisols,Chromic Haplusterts,Clayey,Very deep,Moderately well drained,Slightly alkaline,Alluvium,9
Maharashtra,Solapur,2017-2018,Gram,Rabi,68249.0,46100.0,0.68,Hectare,Tonnes,Tonne/Hectare,Black (Regur),55.6,Mountain / Forest,Vertisols,Chromic Haplusterts,Clayey,Very deep,Moderately well drained,Slightly alkaline,Alluvium,9
Maharashtra,Solapur,2017-2018,Groundnut,Kharif,2100.0,1310.0,0.62,Hectare,Tonnes,Tonne/Hectare,Black (Regur),55.6,Mountain / Forest,Vertisols,Chromic Haplusterts,Clayey,Very deep,Moderately well drained,Slightly alkaline,Alluvium,9
Maharashtra,Solapur,2017-2018,Groundnut,Summer,3015.0,4200.0,1.39,Hectare,Tonnes,Tonne/Hectare,Black (Regur),55.6,Mountain / Forest,Vertisols,Chromic Haplusterts,Clayey,Very deep,Moderately well drained,Slightly alkaline,Alluvium,9
Maharashtra,Solapur,2017-2018,Jowar,Rabi,656900.0,370080.0,0.56,Hectare,Tonnes,Tonne/Hectare,Black (Regur),55.6,Mountain / Forest,Vertisols,Chromic Haplusterts,Clayey,Very deep,Moderately well drained,Slightly alkaline,Alluvium,9
Maharashtra,Solapur,2017-2018,Linseed,Rabi,80.0,28.0,0.35,Hectare,Tonnes,Tonne/Hectare,Black (Regur),55.6,Mountain / Forest,Vertisols,Chromic Haplusterts,Clayey,Very deep,Moderately well drained,Slightly alkaline,Alluvium,9
Maharashtra,Solapur,2017-2018,Maize,Kharif,21500.0,52990.0,2.46,Hectare,Tonnes,Tonne/Hectare,Black (Regur),55.6,Mountain / Forest,Vertisols,Chromic Haplusterts,Clayey,Very deep,Moderately well drained,Slightly alkaline,Alluvium,9
Maharashtra,Solapur,2017-2018,Maize,Rabi,50100.0,100600.0,2.01,Hectare,Tonnes,Tonne/Hectare,Black (Regur),55.6,Mountain / Forest,Vertisols,Chromic Haplusterts,Clayey,Very deep,Moderately well drained,Slightly alkaline,Alluvium,9
Maharashtra,Solapur,2017-2018,Maize,Summer,4209.0,2530.0,0.6,Hectare,Tonnes,Tonne/Hectare,Black (Regur),55.6,Mountain / Forest,Vertisols,Chromic Haplusterts,Clayey,Very deep,Moderately well drained,Slightly alkaline,Alluvium,9
Maharashtra,Solapur,2017-2018,Moong(Green Gram),Kharif,12655.0,2700.0,0.21,Hectare,Tonnes,Tonne/Hectare,Black (Regur),55.6,Mountain / Forest,Vertisols,Chromic Haplusterts,Clayey,Very deep,Moderately well drained,Slightly alkaline,Alluvium,9
Maharashtra,Solapur,2017-2018,Niger seed,Kharif,105.0,15.0,0.14,Hectare,Tonnes,Tonne/Hectare,Black (Regur),55.6,Mountain / Forest,Vertisols,Chromic Haplusterts,Clayey,Very deep,Moderately well drained,Slightly alkaline,Alluvium,9
Maharashtra,Solapur,2017-2018,Other Cereals,Kharif,400.0,110.0,0.28,Hectare,Tonnes,Tonne/Hectare,Black (Regur),55.6,Mountain / Forest,Vertisols,Chromic Haplusterts,Clayey,Very deep,Moderately well drained,Slightly alkaline,Alluvium,9
Maharashtra,Solapur,2017-2018,Other Cereals,Rabi,1400.0,510.0,0.36,Hectare,Tonnes,Tonne/Hectare,Black (Regur),55.6,Mountain / Forest,Vertisols,Chromic Haplusterts,Clayey,Very deep,Moderately well drained,Slightly alkaline,Alluvium,9
Maharashtra,Solapur,2017-2018,Other Cereals,Summer,20.0,10.0,0.5,Hectare,Tonnes,Tonne/Hectare,Black (Regur),55.6,Mountain / Forest,Vertisols,Chromic Haplusterts,Clayey,Very deep,Moderately well drained,Slightly alkaline,Alluvium,9
Maharashtra,Solapur,2017-2018,Other Kharif pulses,Kharif,2600.0,550.0,0.21,Hectare,Tonnes,Tonne/Hectare,Black (Regur),55.6,Mountain / Forest,Vertisols,Chromic Haplusterts,Clayey,Very deep,Moderately well drained,Slightly alkaline,Alluvium,9
Maharashtra,Solapur,2017-2018,Other Rabi pulses,Rabi,94.0,40.0,0.43,Hectare,Tonnes,Tonne/Hectare,Black (Regur),55.6,Mountain / Forest,Vertisols,Chromic Haplusterts,Clayey,Very deep,Moderately well drained,Slightly alkaline,Alluvium,9
Maharashtra,Solapur,2017-2018,Other Summer Pulses,Summer,6.0,1.0,0.17,Hectare,Tonnes,Tonne/Hectare,Black (Regur),55.6,Mountain / Forest,Vertisols,Chromic Haplusterts,Clayey,Very deep,Moderately well drained,Slightly alkaline,Alluvium,9
Maharashtra,Solapur,2017-2018,Rapeseed &Mustard,Rabi,100.0,20.0,0.2,Hectare,Tonnes,Tonne/Hectare,Black (Regur),55.6,Mountain / Forest,Vertisols,Chromic Haplusterts,Clayey,Very deep,Moderately well drained,Slightly alkaline,Alluvium,9
Maharashtra,Solapur,2017-2018,Rice,Kharif,600.0,70.0,0.12,Hectare,Tonnes,Tonne/Hectare,Black (Regur),55.6,Mountain / Forest,Vertisols,Chromic Haplusterts,Clayey,Very deep,Moderately well drained,Slightly alkaline,Alluvium,9
Maharashtra,Solapur,2017-2018,Safflower,Rabi,800.0,400.0,0.5,Hectare,Tonnes,Tonne/Hectare,Black (Regur),55.6,Mountain / Forest,Vertisols,Chromic Haplusterts,Clayey,Very deep,Moderately well drained,Slightly alkaline,Alluvium,9
Maharashtra,Solapur,2017-2018,Sesamum,Kharif,63.0,19.0,0.3,Hectare,Tonnes,Tonne/Hectare,Black (Regur),55.6,Mountain / Forest,Vertisols,Chromic Haplusterts,Clayey,Very deep,Moderately well drained,Slightly alkaline,Alluvium,9
Maharashtra,Solapur,2017-2018,Sesamum,Rabi,350.0,126.0,0.36,Hectare,Tonnes,Tonne/Hectare,Black (Regur),55.6,Mountain / Forest,Vertisols,Chromic Haplusterts,Clayey,Very deep,Moderately well drained,Slightly alkaline,Alluvium,9
Maharashtra,Solapur,2017-2018,Soyabean,Kharif,33588.0,38560.0,1.15,Hectare,Tonnes,Tonne/Hectare,Black (Regur),55.6,Mountain / Forest,Vertisols,Chromic Haplusterts,Clayey,Very deep,Moderately well drained,Slightly alkaline,Alluvium,9
Maharashtra,Solapur,2017-2018,Sugarcane,Whole Year,100505.0,10468150.0,104.16,Hectare,Tonnes,Tonne/Hectare,Black (Regur),55.6,Mountain / Forest,Vertisols,Chromic Haplusterts,Clayey,Very deep,Moderately well drained,Slightly alkaline,Alluvium,9
Maharashtra,Solapur,2017-2018,Sunflower,Kharif,2778.0,1567.0,0.56,Hectare,Tonnes,Tonne/Hectare,Black (Regur),55.6,Mountain / Forest,Vertisols,Chromic Haplusterts,Clayey,Very deep,Moderately well drained,Slightly alkaline,Alluvium,9
Maharashtra,Solapur,2017-2018,Sunflower,Rabi,18300.0,9330.0,0.51,Hectare,Tonnes,Tonne/Hectare,Black (Regur),55.6,Mountain / Forest,Vertisols,Chromic Haplusterts,Clayey,Very deep,Moderately well drained,Slightly alkaline,Alluvium,9
Maharashtra,Solapur,2017-2018,Sunflower,Summer,14.0,10.0,0.71,Hectare,Tonnes,Tonne/Hectare,Black (Regur),55.6,Mountain / Forest,Vertisols,Chromic Haplusterts,Clayey,Very deep,Moderately well drained,Slightly alkaline,Alluvium,9
Maharashtra,Solapur,2017-2018,Urad,Kharif,21639.0,3806.0,0.18,Hectare,Tonnes,Tonne/Hectare,Black (Regur),55.6,Mountain / Forest,Vertisols,Chromic Haplusterts,Clayey,Very deep,Moderately well drained,Slightly alkaline,Alluvium,9
Maharashtra,Solapur,2017-2018,Wheat,Rabi,68700.0,81830.0,1.19,Hectare,Tonnes,Tonne/Hectare,Black (Regur),55.6,Mountain / Forest,Vertisols,Chromic Haplusterts,Clayey,Very deep,Moderately well drained,Slightly alkaline,Alluvium,9
Maharashtra,Thane,2017-2018,Gram,Rabi,1400.0,1200.0,0.86,Hectare,Tonnes,Tonne/Hectare,Mountain / Forest,66.7,Red & Yellow,Inceptisols,Typic Haplustepts,Loamy,Shallow,Well drained,Slightly acidic,Basalt,9
Maharashtra,Thane,2017-2018,Groundnut,Summer,2.0,3.0,1.5,Hectare,Tonnes,Tonne/Hectare,Mountain / Forest,66.7,Red & Yellow,Inceptisols,Typic Haplustepts,Loamy,Shallow,Well drained,Slightly acidic,Basalt,9
Maharashtra,Thane,2017-2018,Maize,Rabi,1.0,4.0,4.0,Hectare,Tonnes,Tonne/Hectare,Mountain / Forest,66.7,Red & Yellow,Inceptisols,Typic Haplustepts,Loamy,Shallow,Well drained,Slightly acidic,Basalt,9
Maharashtra,Thane,2017-2018,Other Cereals,Kharif,1600.0,900.0,0.56,Hectare,Tonnes,Tonne/Hectare,Mountain / Forest,66.7,Red & Yellow,Inceptisols,Typic Haplustepts,Loamy,Shallow,Well drained,Slightly acidic,Basalt,9
Maharashtra,Thane,2017-2018,Other Rabi pulses,Rabi,3200.0,2200.0,0.69,Hectare,Tonnes,Tonne/Hectare,Mountain / Forest,66.7,Red & Yellow,Inceptisols,Typic Haplustepts,Loamy,Shallow,Well drained,Slightly acidic,Basalt,9
Maharashtra,Thane,2017-2018,Ragi,Kharif,2600.0,4000.0,1.54,Hectare,Tonnes,Tonne/Hectare,Mountain / Forest,66.7,Red & Yellow,Inceptisols,Typic Haplustepts,Loamy,Shallow,Well drained,Slightly acidic,Basalt,9
Maharashtra,Thane,2017-2018,Rice,Kharif,54700.0,101100.0,1.85,Hectare,Tonnes,Tonne/Hectare,Mountain / Forest,66.7,Red & Yellow,Inceptisols,Typic Haplustepts,Loamy,Shallow,Well drained,Slightly acidic,Basalt,9
Maharashtra,Thane,2017-2018,Rice,Summer,48.0,100.0,2.08,Hectare,Tonnes,Tonne/Hectare,Mountain / Forest,66.7,Red & Yellow,Inceptisols,Typic Haplustepts,Loamy,Shallow,Well drained,Slightly acidic,Basalt,9
Maharashtra,Thane,2017-2018,Urad,Kharif,216.0,113.0,0.52,Hectare,Tonnes,Tonne/Hectare,Mountain / Forest,66.7,Red & Yellow,Inceptisols,Typic Haplustepts,Loamy,Shallow,Well drained,Slightly acidic,Basalt,9
Maharashtra,Thane,2017-2018,Wheat,Rabi,0.5,1.0,2.0,Hectare,Tonnes,Tonne/Hectare,Mountain / Forest,66.7,Red & Yellow,Inceptisols,Typic Haplustepts,Loamy,Shallow,Well drained,Slightly acidic,Basalt,9
Maharashtra,Wardha,2017-2018,Arhar/Tur,Kharif,88536.0,100637.0,1.14,Hectare,Tonnes,Tonne/Hectare,Black (Regur),100.0,,Vertisols,Chromic Haplusterts,Clayey,Very deep,Moderately well drained,Neutral,Alluvium,9
Maharashtra,Wardha,2017-2018,Cotton(lint),Kharif,251062.0,628500.0,2.5,Hectare,Bales,Bales/Hectare,Black (Regur),100.0,,Vertisols,Chromic Haplusterts,Clayey,Very deep,Moderately well drained,Neutral,Alluvium,9
Maharashtra,Wardha,2017-2018,Gram,Rabi,31400.0,36800.0,1.17,Hectare,Tonnes,Tonne/Hectare,Black (Regur),100.0,,Vertisols,Chromic Haplusterts,Clayey,Very deep,Moderately well drained,Neutral,Alluvium,9
Maharashtra,Wardha,2017-2018,Groundnut,Kharif,300.0,400.0,1.33,Hectare,Tonnes,Tonne/Hectare,Black (Regur),100.0,,Vertisols,Chromic Haplusterts,Clayey,Very deep,Moderately well drained,Neutral,Alluvium,9
Maharashtra,Wardha,2017-2018,Groundnut,Summer,1286.0,1506.0,1.17,Hectare,Tonnes,Tonne/Hectare,Black (Regur),100.0,,Vertisols,Chromic Haplusterts,Clayey,Very deep,Moderately well drained,Neutral,Alluvium,9
Maharashtra,Wardha,2017-2018,Jowar,Kharif,3000.0,1300.0,0.43,Hectare,Tonnes,Tonne/Hectare,Black (Regur),100.0,,Vertisols,Chromic Haplusterts,Clayey,Very deep,Moderately well drained,Neutral,Alluvium,9
Maharashtra,Wardha,2017-2018,Jowar,Rabi,3500.0,2600.0,0.74,Hectare,Tonnes,Tonne/Hectare,Black (Regur),100.0,,Vertisols,Chromic Haplusterts,Clayey,Very deep,Moderately well drained,Neutral,Alluvium,9
Maharashtra,Wardha,2017-2018,Maize,Rabi,18.0,,0.0,Hectare,Tonnes,Tonne/Hectare,Black (Regur),100.0,,Vertisols,Chromic Haplusterts,Clayey,Very deep,Moderately well drained,Neutral,Alluvium,9
Maharashtra,Wardha,2017-2018,Maize,Summer,208.0,100.0,0.48,Hectare,Tonnes,Tonne/Hectare,Black (Regur),100.0,,Vertisols,Chromic Haplusterts,Clayey,Very deep,Moderately well drained,Neutral,Alluvium,9
Maharashtra,Wardha,2017-2018,Moong(Green Gram),Kharif,77.0,20.0,0.26,Hectare,Tonnes,Tonne/Hectare,Black (Regur),100.0,,Vertisols,Chromic Haplusterts,Clayey,Very deep,Moderately well drained,Neutral,Alluvium,9
Maharashtra,Wardha,2017-2018,Sesamum,Summer,16.0,3.0,0.19,Hectare,Tonnes,Tonne/Hectare,Black (Regur),100.0,,Vertisols,Chromic Haplusterts,Clayey,Very deep,Moderately well drained,Neutral,Alluvium,9
Maharashtra,Wardha,2017-2018,Soyabean,Kharif,116100.0,177400.0,1.53,Hectare,Tonnes,Tonne/Hectare,Black (Regur),100.0,,Vertisols,Chromic Haplusterts,Clayey,Very deep,Moderately well drained,Neutral,Alluvium,9
Maharashtra,Wardha,2017-2018,Sugarcane,Whole Year,2168.0,130100.0,60.01,Hectare,Tonnes,Tonne/Hectare,Black (Regur),100.0,,Vertisols,Chromic Haplusterts,Clayey,Very deep,Moderately well drained,Neutral,Alluvium,9
Maharashtra,Wardha,2017-2018,Urad,Kharif,10.0,8.0,0.8,Hectare,Tonnes,Tonne/Hectare,Black (Regur),100.0,,Vertisols,Chromic Haplusterts,Clayey,Very deep,Moderately well drained,Neutral,Alluvium,9
Maharashtra,Wardha,2017-2018,Wheat,Rabi,14816.0,21900.0,1.48,Hectare,Tonnes,Tonne/Hectare,Black (Regur),100.0,,Vertisols,Chromic Haplusterts,Clayey,Very deep,Moderately well drained,Neutral,Alluvium,9
Maharashtra,Washim,2017-2018,Arhar/Tur,Kharif,55031.0,19041.0,0.35,Hectare,Tonnes,Tonne/Hectare,Black (Regur),55.6,Saline / Alkaline,Vertisols,Chromic Haplusterts,Clayey,Very deep,Moderately well drained,Neutral,Alluvium,9
Maharashtra,Washim,2017-2018,Bajra,Kharif,200.0,100.0,0.5,Hectare,Tonnes,Tonne/Hectare,Black (Regur),55.6,Saline / Alkaline,Vertisols,Chromic Haplusterts,Clayey,Very deep,Moderately well drained,Neutral,Alluvium,9
Maharashtra,Washim,2017-2018,Castor seed,Kharif,100.0,15.0,0.15,Hectare,Tonnes,Tonne/Hectare,Black (Regur),55.6,Saline / Alkaline,Vertisols,Chromic Haplusterts,Clayey,Very deep,Moderately well drained,Neutral,Alluvium,9
Maharashtra,Washim,2017-2018,Cotton(lint),Kharif,19252.0,17700.0,0.92,Hectare,Bales,Bales/Hectare,Black (Regur),55.6,Saline / Alkaline,Vertisols,Chromic Haplusterts,Clayey,Very deep,Moderately well drained,Neutral,Alluvium,9
Maharashtra,Washim,2017-2018,Gram,Rabi,49600.0,35100.0,0.71,Hectare,Tonnes,Tonne/Hectare,Black (Regur),55.6,Saline / Alkaline,Vertisols,Chromic Haplusterts,Clayey,Very deep,Moderately well drained,Neutral,Alluvium,9
Maharashtra,Washim,2017-2018,Groundnut,Summer,409.0,700.0,1.71,Hectare,Tonnes,Tonne/Hectare,Black (Regur),55.6,Saline / Alkaline,Vertisols,Chromic Haplusterts,Clayey,Very deep,Moderately well drained,Neutral,Alluvium,9
Maharashtra,Washim,2017-2018,Jowar,Kharif,8554.0,4100.0,0.48,Hectare,Tonnes,Tonne/Hectare,Black (Regur),55.6,Saline / Alkaline,Vertisols,Chromic Haplusterts,Clayey,Very deep,Moderately well drained,Neutral,Alluvium,9
Maharashtra,Washim,2017-2018,Jowar,Rabi,392.0,300.0,0.77,Hectare,Tonnes,Tonne/Hectare,Black (Regur),55.6,Saline / Alkaline,Vertisols,Chromic Haplusterts,Clayey,Very deep,Moderately well drained,Neutral,Alluvium,9
Maharashtra,Washim,2017-2018,Maize,Kharif,500.0,1300.0,2.6,Hectare,Tonnes,Tonne/Hectare,Black (Regur),55.6,Saline / Alkaline,Vertisols,Chromic Haplusterts,Clayey,Very deep,Moderately well drained,Neutral,Alluvium,9
Maharashtra,Washim,2017-2018,Maize,Rabi,100.0,100.0,1.0,Hectare,Tonnes,Tonne/Hectare,Black (Regur),55.6,Saline / Alkaline,Vertisols,Chromic Haplusterts,Clayey,Very deep,Moderately well drained,Neutral,Alluvium,9
Maharashtra,Washim,2017-2018,Moong(Green Gram),Kharif,8469.0,3918.0,0.46,Hectare,Tonnes,Tonne/Hectare,Black (Regur),55.6,Saline / Alkaline,Vertisols,Chromic Haplusterts,Clayey,Very deep,Moderately well drained,Neutral,Alluvium,9
Maharashtra,Washim,2017-2018,Other Cereals,Kharif,20.0,6.0,0.3,Hectare,Tonnes,Tonne/Hectare,Black (Regur),55.6,Saline / Alkaline,Vertisols,Chromic Haplusterts,Clayey,Very deep,Moderately well drained,Neutral,Alluvium,9
Maharashtra,Washim,2017-2018,Other Kharif pulses,Kharif,2.0,0.8,0.4,Hectare,Tonnes,Tonne/Hectare,Black (Regur),55.6,Saline / Alkaline,Vertisols,Chromic Haplusterts,Clayey,Very deep,Moderately well drained,Neutral,Alluvium,9
Maharashtra,Washim,2017-2018,Other Summer Pulses,Summer,28.0,11.0,0.39,Hectare,Tonnes,Tonne/Hectare,Black (Regur),55.6,Saline / Alkaline,Vertisols,Chromic Haplusterts,Clayey,Very deep,Moderately well drained,Neutral,Alluvium,9
Maharashtra,Washim,2017-2018,Safflower,Rabi,700.0,300.0,0.43,Hectare,Tonnes,Tonne/Hectare,Black (Regur),55.6,Saline / Alkaline,Vertisols,Chromic Haplusterts,Clayey,Very deep,Moderately well drained,Neutral,Alluvium,9
Maharashtra,Washim,2017-2018,Sesamum,Kharif,235.0,44.0,0.19,Hectare,Tonnes,Tonne/Hectare,Black (Regur),55.6,Saline / Alkaline,Vertisols,Chromic Haplusterts,Clayey,Very deep,Moderately well drained,Neutral,Alluvium,9
Maharashtra,Washim,2017-2018,Soyabean,Kharif,299800.0,227100.0,0.76,Hectare,Tonnes,Tonne/Hectare,Black (Regur),55.6,Saline / Alkaline,Vertisols,Chromic Haplusterts,Clayey,Very deep,Moderately well drained,Neutral,Alluvium,9
Maharashtra,Washim,2017-2018,Sugarcane,Whole Year,154.0,6900.0,44.81,Hectare,Tonnes,Tonne/Hectare,Black (Regur),55.6,Saline / Alkaline,Vertisols,Chromic Haplusterts,Clayey,Very deep,Moderately well drained,Neutral,Alluvium,9
Maharashtra,Washim,2017-2018,Urad,Kharif,11635.0,5726.0,0.49,Hectare,Tonnes,Tonne/Hectare,Black (Regur),55.6,Saline / Alkaline,Vertisols,Chromic Haplusterts,Clayey,Very deep,Moderately well drained,Neutral,Alluvium,9
Maharashtra,Washim,2017-2018,Wheat,Rabi,9900.0,12500.0,1.26,Hectare,Tonnes,Tonne/Hectare,Black (Regur),55.6,Saline / Alkaline,Vertisols,Chromic Haplusterts,Clayey,Very deep,Moderately well drained,Neutral,Alluvium,9
Maharashtra,Washim,2017-2018,other oilseeds,Summer,2.0,0.4,0.2,Hectare,Tonnes,Tonne/Hectare,Black (Regur),55.6,Saline / Alkaline,Vertisols,Chromic Haplusterts,Clayey,Very deep,Moderately well drained,Neutral,Alluvium,9
Maharashtra,Yavatmal,2017-2018,Arhar/Tur,Kharif,134600.0,130800.0,0.97,Hectare,Tonnes,Tonne/Hectare,Black (Regur),77.8,Red & Yellow,Vertisols,Chromic Haplusterts,Clayey,Very deep,Moderately well drained,Neutral,Alluvium,9
Maharashtra,Yavatmal,2017-2018,Bajra,Kharif,37.0,16.0,0.43,Hectare,Tonnes,Tonne/Hectare,Black (Regur),77.8,Red & Yellow,Vertisols,Chromic Haplusterts,Clayey,Very deep,Moderately well drained,Neutral,Alluvium,9
Maharashtra,Yavatmal,2017-2018,Cotton(lint),Kharif,470300.0,477500.0,1.02,Hectare,Bales,Bales/Hectare,Black (Regur),77.8,Red & Yellow,Vertisols,Chromic Haplusterts,Clayey,Very deep,Moderately well drained,Neutral,Alluvium,9
Maharashtra,Yavatmal,2017-2018,Gram,Rabi,94100.0,75000.0,0.8,Hectare,Tonnes,Tonne/Hectare,Black (Regur),77.8,Red & Yellow,Vertisols,Chromic Haplusterts,Clayey,Very deep,Moderately well drained,Neutral,Alluvium,9
Maharashtra,Yavatmal,2017-2018,Groundnut,Summer,3138.0,3800.0,1.21,Hectare,Tonnes,Tonne/Hectare,Black (Regur),77.8,Red & Yellow,Vertisols,Chromic Haplusterts,Clayey,Very deep,Moderately well drained,Neutral,Alluvium,9
Maharashtra,Yavatmal,2017-2018,Jowar,Kharif,22546.0,12100.0,0.54,Hectare,Tonnes,Tonne/Hectare,Black (Regur),77.8,Red & Yellow,Vertisols,Chromic Haplusterts,Clayey,Very deep,Moderately well drained,Neutral,Alluvium,9
Maharashtra,Yavatmal,2017-2018,Jowar,Rabi,1326.0,1000.0,0.75,Hectare,Tonnes,Tonne/Hectare,Black (Regur),77.8,Red & Yellow,Vertisols,Chromic Haplusterts,Clayey,Very deep,Moderately well drained,Neutral,Alluvium,9
Maharashtra,Yavatmal,2017-2018,Maize,Kharif,1700.0,4200.0,2.47,Hectare,Tonnes,Tonne/Hectare,Black (Regur),77.8,Red & Yellow,Vertisols,Chromic Haplusterts,Clayey,Very deep,Moderately well drained,Neutral,Alluvium,9
Maharashtra,Yavatmal,2017-2018,Maize,Rabi,700.0,700.0,1.0,Hectare,Tonnes,Tonne/Hectare,Black (Regur),77.8,Red & Yellow,Vertisols,Chromic Haplusterts,Clayey,Very deep,Moderately well drained,Neutral,Alluvium,9
Maharashtra,Yavatmal,2017-2018,Moong(Green Gram),Kharif,10024.0,4971.0,0.5,Hectare,Tonnes,Tonne/Hectare,Black (Regur),77.8,Red & Yellow,Vertisols,Chromic Haplusterts,Clayey,Very deep,Moderately well drained,Neutral,Alluvium,9
Maharashtra,Yavatmal,2017-2018,Other Summer Pulses,Summer,80.0,30.0,0.38,Hectare,Tonnes,Tonne/Hectare,Black (Regur),77.8,Red & Yellow,Vertisols,Chromic Haplusterts,Clayey,Very deep,Moderately well drained,Neutral,Alluvium,9
Maharashtra,Yavatmal,2017-2018,Rapeseed &Mustard,Rabi,5.0,2.0,0.4,Hectare,Tonnes,Tonne/Hectare,Black (Regur),77.8,Red & Yellow,Vertisols,Chromic Haplusterts,Clayey,Very deep,Moderately well drained,Neutral,Alluvium,9
Maharashtra,Yavatmal,2017-2018,Safflower,Rabi,100.0,100.0,1.0,Hectare,Tonnes,Tonne/Hectare,Black (Regur),77.8,Red & Yellow,Vertisols,Chromic Haplusterts,Clayey,Very deep,Moderately well drained,Neutral,Alluvium,9
Maharashtra,Yavatmal,2017-2018,Sesamum,Kharif,401.0,75.0,0.19,Hectare,Tonnes,Tonne/Hectare,Black (Regur),77.8,Red & Yellow,Vertisols,Chromic Haplusterts,Clayey,Very deep,Moderately well drained,Neutral,Alluvium,9
Maharashtra,Yavatmal,2017-2018,Sesamum,Rabi,38.0,10.0,0.26,Hectare,Tonnes,Tonne/Hectare,Black (Regur),77.8,Red & Yellow,Vertisols,Chromic Haplusterts,Clayey,Very deep,Moderately well drained,Neutral,Alluvium,9
Maharashtra,Yavatmal,2017-2018,Sesamum,Summer,186.0,40.0,0.22,Hectare,Tonnes,Tonne/Hectare,Black (Regur),77.8,Red & Yellow,Vertisols,Chromic Haplusterts,Clayey,Very deep,Moderately well drained,Neutral,Alluvium,9
Maharashtra,Yavatmal,2017-2018,Soyabean,Kharif,254500.0,206300.0,0.81,Hectare,Tonnes,Tonne/Hectare,Black (Regur),77.8,Red & Yellow,Vertisols,Chromic Haplusterts,Clayey,Very deep,Moderately well drained,Neutral,Alluvium,9
Maharashtra,Yavatmal,2017-2018,Sugarcane,Whole Year,14127.0,593300.0,42.0,Hectare,Tonnes,Tonne/Hectare,Black (Regur),77.8,Red & Yellow,Vertisols,Chromic Haplusterts,Clayey,Very deep,Moderately well drained,Neutral,Alluvium,9
Maharashtra,Yavatmal,2017-2018,Sunflower,Rabi,2.0,1.0,0.5,Hectare,Tonnes,Tonne/Hectare,Black (Regur),77.8,Red & Yellow,Vertisols,Chromic Haplusterts,Clayey,Very deep,Moderately well drained,Neutral,Alluvium,9
Maharashtra,Yavatmal,2017-2018,Urad,Kharif,8400.0,100.0,0.01,Hectare,Tonnes,Tonne/Hectare,Black (Regur),77.8,Red & Yellow,Vertisols,Chromic Haplusterts,Clayey,Very deep,Moderately well drained,Neutral,Alluvium,9
Maharashtra,Yavatmal,2017-2018,Wheat,Rabi,12800.0,13000.0,1.02,Hectare,Tonnes,Tonne/Hectare,Black (Regur),77.8,Red & Yellow,Vertisols,Chromic Haplusterts,Clayey,Very deep,Moderately well drained,Neutral,Alluvium,9
