State,District,Year,Crop,Season,Area,Production,Yield,Area_unit,Production_unit,Yield_unit,Soil_Type,Soil_Type_Share_pct,Soil_Type_Secondary,Soil_Order,Soil_Taxonomy,Soil_Texture,Soil_Depth,Soil_Drainage,Soil_pH_Class,Soil_Parent_Material,Soil_Points_Sampled
Maharashtra,Ahilyanagar,2018-2019,Arhar/Tur,Kharif,19058.0,4757.0,0.25,Hectare,Tonnes,Tonne/Hectare,Black (Regur),44.4,Saline / Alkaline,Entisols,Lithic Ustorthents,Clayey,Shallow,Well drained,Neutral,Basalt,9
Maharashtra,Ahilyanagar,2018-2019,Bajra,Kharif,130478.0,84115.0,0.64,Hectare,Tonnes,Tonne/Hectare,Black (Regur),44.4,Saline / Alkaline,Entisols,Lithic Ustorthents,Clayey,Shallow,Well drained,Neutral,Basalt,9
Maharashtra,Ahilyanagar,2018-2019,Cotton(lint),Kharif,129932.0,48381.0,0.37,Hectare,Bales,Bales/Hectare,Black (Regur),44.4,Saline / Alkaline,Entisols,Lithic Ustorthents,Clayey,Shallow,Well drained,Neutral,Basalt,9
Maharashtra,Ahilyanagar,2018-2019,Gram,Rabi,149700.0,78400.0,0.52,Hectare,Tonnes,Tonne/Hectare,Black (Regur),44.4,Saline / Alkaline,Entisols,Lithic Ustorthents,Clayey,Shallow,Well drained,Neutral,Basalt,9
Maharashtra,Ahilyanagar,2018-2019,Groundnut,Kharif,10545.0,5346.0,0.51,Hectare,Tonnes,Tonne/Hectare,Black (Regur),44.4,Saline / Alkaline,Entisols,Lithic Ustorthents,Clayey,Shallow,Well drained,Neutral,Basalt,9
Maharashtra,Ahilyanagar,2018-2019,Groundnut,Summer,240.0,260.0,1.08,Hectare,Tonnes,Tonne/Hectare,Black (Regur),44.4,Saline / Alkaline,Entisols,Lithic Ustorthents,Clayey,Shallow,Well drained,Neutral,Basalt,9
Maharashtra,Ahilyanagar,2018-2019,Jowar,Kharif,1578.0,468.0,0.3,Hectare,Tonnes,Tonne/Hectare,Black (Regur),44.4,Saline / Alkaline,Entisols,Lithic Ustorthents,Clayey,Shallow,Well drained,Neutral,Basalt,9
Maharashtra,Ahilyanagar,2018-2019,Jowar,Rabi,435308.0,54800.0,0.13,Hectare,Tonnes,Tonne/Hectare,Black (Regur),44.4,Saline / Alkaline,Entisols,Lithic Ustorthents,Clayey,Shallow,Well drained,Neutral,Basalt,9
Maharashtra,Ahilyanagar,2018-2019,Maize,Kharif,28211.0,94610.0,3.35,Hectare,Tonnes,Tonne/Hectare,Black (Regur),44.4,Saline / Alkaline,Entisols,Lithic Ustorthents,Clayey,Shallow,Well drained,Neutral,Basalt,9
Maharashtra,Ahilyanagar,2018-2019,Maize,Rabi,28670.0,29600.0,1.03,Hectare,Tonnes,Tonne/Hectare,Black (Regur),44.4,Saline / Alkaline,Entisols,Lithic Ustorthents,Clayey,Shallow,Well drained,Neutral,Basalt,9
Maharashtra,Ahilyanagar,2018-2019,Maize,Summer,86.0,,0.0,Hectare,Tonnes,Tonne/Hectare,Black (Regur),44.4,Saline / Alkaline,Entisols,Lithic Ustorthents,Clayey,Shallow,Well drained,Neutral,Basalt,9
Maharashtra,Ahilyanagar,2018-2019,Moong(Green Gram),Kharif,64247.0,11304.0,0.18,Hectare,Tonnes,Tonne/Hectare,Black (Regur),44.4,Saline / Alkaline,Entisols,Lithic Ustorthents,Clayey,Shallow,Well drained,Neutral,Basalt,9
Maharashtra,Ahilyanagar,2018-2019,Niger seed,Kharif,440.0,79.0,0.18,Hectare,Tonnes,Tonne/Hectare,Black (Regur),44.4,Saline / Alkaline,Entisols,Lithic Ustorthents,Clayey,Shallow,Well drained,Neutral,Basalt,9
Maharashtra,Ahilyanagar,2018-2019,Other Cereals,Kharif,518.0,60.0,0.12,Hectare,Tonnes,Tonne/Hectare,Black (Regur),44.4,Saline / Alkaline,Entisols,Lithic Ustorthents,Clayey,Shallow,Well drained,Neutral,Basalt,9
Maharashtra,Ahilyanagar,2018-2019,Other Cereals,Rabi,390.0,80.0,0.21,Hectare,Tonnes,Tonne/Hectare,Black (Regur),44.4,Saline / Alkaline,Entisols,Lithic Ustorthents,Clayey,Shallow,Well drained,Neutral,Basalt,9
Maharashtra,Ahilyanagar,2018-2019,Other Cereals,Summer,1.0,,0.0,Hectare,Tonnes,Tonne/Hectare,Black (Regur),44.4,Saline / Alkaline,Entisols,Lithic Ustorthents,Clayey,Shallow,Well drained,Neutral,Basalt,9
Maharashtra,Ahilyanagar,2018-2019,Other Kharif pulses,Kharif,10582.0,1418.0,0.13,Hectare,Tonnes,Tonne/Hectare,Black (Regur),44.4,Saline / Alkaline,Entisols,Lithic Ustorthents,Clayey,Shallow,Well drained,Neutral,Basalt,9
Maharashtra,Ahilyanagar,2018-2019,Other Rabi pulses,Rabi,100.0,10.0,0.1,Hectare,Tonnes,Tonne/Hectare,Black (Regur),44.4,Saline / Alkaline,Entisols,Lithic Ustorthents,Clayey,Shallow,Well drained,Neutral,Basalt,9
Maharashtra,Ahilyanagar,2018-2019,Other Summer Pulses,Summer,17.0,17.0,1.0,Hectare,Tonnes,Tonne/Hectare,Black (Regur),44.4,Saline / Alkaline,Entisols,Lithic Ustorthents,Clayey,Shallow,Well drained,Neutral,Basalt,9
Maharashtra,Ahilyanagar,2018-2019,Ragi,Kharif,118.0,84.0,0.71,Hectare,Tonnes,Tonne/Hectare,Black (Regur),44.4,Saline / Alkaline,Entisols,Lithic Ustorthents,Clayey,Shallow,Well drained,Neutral,Basalt,9
Maharashtra,Ahilyanagar,2018-2019,Rice,Kharif,16245.0,6711.0,0.41,Hectare,Tonnes,Tonne/Hectare,Black (Regur),44.4,Saline / Alkaline,Entisols,Lithic Ustorthents,Clayey,Shallow,Well drained,Neutral,Basalt,9
Maharashtra,Ahilyanagar,2018-2019,Sesamum,Kharif,110.0,14.0,0.13,Hectare,Tonnes,Tonne/Hectare,Black (Regur),44.4,Saline / Alkaline,Entisols,Lithic Ustorthents,Clayey,Shallow,Well drained,Neutral,Basalt,9
Maharashtra,Ahilyanagar,2018-2019,Sesamum,Rabi,60.0,,0.0,Hectare,Tonnes,Tonne/Hectare,Black (Regur),44.4,Saline / Alkaline,Entisols,Lithic Ustorthents,Clayey,Shallow,Well drained,Neutral,Basalt,9
Maharashtra,Ahilyanagar,2018-2019,Soyabean,Kharif,60627.0,38254.0,0.63,Hectare,Tonnes,Tonne/Hectare,Black (Regur),44.4,Saline / Alkaline,Entisols,Lithic Ustorthents,Clayey,Shallow,Well drained,Neutral,Basalt,9
Maharashtra,Ahilyanagar,2018-2019,Sugarcane,Whole Year,134486.0,12776170.0,95.0,Hectare,Tonnes,Tonne/Hectare,Black (Regur),44.4,Saline / Alkaline,Entisols,Lithic Ustorthents,Clayey,Shallow,Well drained,Neutral,Basalt,9
Maharashtra,Ahilyanagar,2018-2019,Sunflower,Kharif,57.0,10.0,0.18,Hectare,Tonnes,Tonne/Hectare,Black (Regur),44.4,Saline / Alkaline,Entisols,Lithic Ustorthents,Clayey,Shallow,Well drained,Neutral,Basalt,9
Maharashtra,Ahilyanagar,2018-2019,Urad,Kharif,24662.0,4538.0,0.18,Hectare,Tonnes,Tonne/Hectare,Black (Regur),44.4,Saline / Alkaline,Entisols,Lithic Ustorthents,Clayey,Shallow,Well drained,Neutral,Basalt,9
Maharashtra,Ahilyanagar,2018-2019,Wheat,Rabi,46190.0,87700.0,1.9,Hectare,Tonnes,Tonne/Hectare,Black (Regur),44.4,Saline / Alkaline,Entisols,Lithic Ustorthents,Clayey,Shallow,Well drained,Neutral,Basalt,9
Maharashtra,Akola,2018-2019,Arhar/Tur,Kharif,57074.0,34547.0,0.61,Hectare,Tonnes,Tonne/Hectare,Black (Regur),100.0,,Vertisols,Chromic Haplusterts,Clayey,Very deep,Moderately well drained,Slightly alkaline,Alluvium,9
Maharashtra,Akola,2018-2019,Bajra,Kharif,136.1,19.9,0.15,Hectare,Tonnes,Tonne/Hectare,Black (Regur),100.0,,Vertisols,Chromic Haplusterts,Clayey,Very deep,Moderately well drained,Slightly alkaline,Alluvium,9
Maharashtra,Akola,2018-2019,Cotton(lint),Kharif,168836.0,419575.0,2.49,Hectare,Bales,Bales/Hectare,Black (Regur),100.0,,Vertisols,Chromic Haplusterts,Clayey,Very deep,Moderately well drained,Slightly alkaline,Alluvium,9
Maharashtra,Akola,2018-2019,Gram,Rabi,84600.0,82500.0,0.98,Hectare,Tonnes,Tonne/Hectare,Black (Regur),100.0,,Vertisols,Chromic Haplusterts,Clayey,Very deep,Moderately well drained,Slightly alkaline,Alluvium,9
Maharashtra,Akola,2018-2019,Groundnut,Summer,1520.0,1760.0,1.16,Hectare,Tonnes,Tonne/Hectare,Black (Regur),100.0,,Vertisols,Chromic Haplusterts,Clayey,Very deep,Moderately well drained,Slightly alkaline,Alluvium,9
Maharashtra,Akola,2018-2019,Jowar,Kharif,9825.0,13373.0,1.36,Hectare,Tonnes,Tonne/Hectare,Black (Regur),100.0,,Vertisols,Chromic Haplusterts,Clayey,Very deep,Moderately well drained,Slightly alkaline,Alluvium,9
Maharashtra,Akola,2018-2019,Jowar,Rabi,1.0,,0.0,Hectare,Tonnes,Tonne/Hectare,Black (Regur),100.0,,Vertisols,Chromic Haplusterts,Clayey,Very deep,Moderately well drained,Slightly alkaline,Alluvium,9
Maharashtra,Akola,2018-2019,Maize,Kharif,236.0,339.0,1.44,Hectare,Tonnes,Tonne/Hectare,Black (Regur),100.0,,Vertisols,Chromic Haplusterts,Clayey,Very deep,Moderately well drained,Slightly alkaline,Alluvium,9
Maharashtra,Akola,2018-2019,Maize,Rabi,350.0,260.0,0.74,Hectare,Tonnes,Tonne/Hectare,Black (Regur),100.0,,Vertisols,Chromic Haplusterts,Clayey,Very deep,Moderately well drained,Slightly alkaline,Alluvium,9
Maharashtra,Akola,2018-2019,Moong(Green Gram),Kharif,25342.0,12145.0,0.48,Hectare,Tonnes,Tonne/Hectare,Black (Regur),100.0,,Vertisols,Chromic Haplusterts,Clayey,Very deep,Moderately well drained,Slightly alkaline,Alluvium,9
Maharashtra,Akola,2018-2019,Rapeseed &Mustard,Rabi,50.0,88.0,1.76,Hectare,Tonnes,Tonne/Hectare,Black (Regur),100.0,,Vertisols,Chromic Haplusterts,Clayey,Very deep,Moderately well drained,Slightly alkaline,Alluvium,9
Maharashtra,Akola,2018-2019,Sesamum,Kharif,1365.0,294.0,0.22,Hectare,Tonnes,Tonne/Hectare,Black (Regur),100.0,,Vertisols,Chromic Haplusterts,Clayey,Very deep,Moderately well drained,Slightly alkaline,Alluvium,9
Maharashtra,Akola,2018-2019,Sesamum,Summer,2.0,0.4,0.2,Hectare,Tonnes,Tonne/Hectare,Black (Regur),100.0,,Vertisols,Chromic Haplusterts,Clayey,Very deep,Moderately well drained,Slightly alkaline,Alluvium,9
Maharashtra,Akola,2018-2019,Soyabean,Kharif,212808.0,298804.0,1.4,Hectare,Tonnes,Tonne/Hectare,Black (Regur),100.0,,Vertisols,Chromic Haplusterts,Clayey,Very deep,Moderately well drained,Slightly alkaline,Alluvium,9
Maharashtra,Akola,2018-2019,Sugarcane,Whole Year,20.0,1000.0,50.0,Hectare,Tonnes,Tonne/Hectare,Black (Regur),100.0,,Vertisols,Chromic Haplusterts,Clayey,Very deep,Moderately well drained,Slightly alkaline,Alluvium,9
Maharashtra,Akola,2018-2019,Urad,Kharif,32449.0,15850.0,0.49,Hectare,Tonnes,Tonne/Hectare,Black (Regur),100.0,,Vertisols,Chromic Haplusterts,Clayey,Very deep,Moderately well drained,Slightly alkaline,Alluvium,9
Maharashtra,Akola,2018-2019,Wheat,Rabi,20600.0,27300.0,1.33,Hectare,Tonnes,Tonne/Hectare,Black (Regur),100.0,,Vertisols,Chromic Haplusterts,Clayey,Very deep,Moderately well drained,Slightly alkaline,Alluvium,9
Maharashtra,Amravati,2018-2019,Arhar/Tur,Kharif,112813.0,125540.0,1.11,Hectare,Tonnes,Tonne/Hectare,Black (Regur),88.9,Saline / Alkaline,Vertisols,Chromic Haplusterts,Clayey,Very deep,Moderately well drained,Slightly alkaline,Alluvium,9
Maharashtra,Amravati,2018-2019,Bajra,Kharif,1.0,0.1,0.1,Hectare,Tonnes,Tonne/Hectare,Black (Regur),88.9,Saline / Alkaline,Vertisols,Chromic Haplusterts,Clayey,Very deep,Moderately well drained,Slightly alkaline,Alluvium,9
Maharashtra,Amravati,2018-2019,Cotton(lint),Kharif,209583.0,626027.0,2.99,Hectare,Bales,Bales/Hectare,Black (Regur),88.9,Saline / Alkaline,Vertisols,Chromic Haplusterts,Clayey,Very deep,Moderately well drained,Slightly alkaline,Alluvium,9
Maharashtra,Amravati,2018-2019,Gram,Rabi,86310.0,89500.0,1.04,Hectare,Tonnes,Tonne/Hectare,Black (Regur),88.9,Saline / Alkaline,Vertisols,Chromic Haplusterts,Clayey,Very deep,Moderately well drained,Slightly alkaline,Alluvium,9
Maharashtra,Amravati,2018-2019,Groundnut,Kharif,834.0,347.0,0.42,Hectare,Tonnes,Tonne/Hectare,Black (Regur),88.9,Saline / Alkaline,Vertisols,Chromic Haplusterts,Clayey,Very deep,Moderately well drained,Slightly alkaline,Alluvium,9
Maharashtra,Amravati,2018-2019,Groundnut,Summer,1110.0,1120.0,1.01,Hectare,Tonnes,Tonne/Hectare,Black (Regur),88.9,Saline / Alkaline,Vertisols,Chromic Haplusterts,Clayey,Very deep,Moderately well drained,Slightly alkaline,Alluvium,9
Maharashtra,Amravati,2018-2019,Jowar,Kharif,16391.0,11716.0,0.71,Hectare,Tonnes,Tonne/Hectare,Black (Regur),88.9,Saline / Alkaline,Vertisols,Chromic Haplusterts,Clayey,Very deep,Moderately well drained,Slightly alkaline,Alluvium,9
Maharashtra,Amravati,2018-2019,Jowar,Rabi,8.0,,0.0,Hectare,Tonnes,Tonne/Hectare,Black (Regur),88.9,Saline / Alkaline,Vertisols,Chromic Haplusterts,Clayey,Very deep,Moderately well drained,Slightly alkaline,Alluvium,9
Maharashtra,Amravati,2018-2019,Maize,Kharif,8346.0,11962.0,1.43,Hectare,Tonnes,Tonne/Hectare,Black (Regur),88.9,Saline / Alkaline,Vertisols,Chromic Haplusterts,Clayey,Very deep,Moderately well drained,Slightly alkaline,Alluvium,9
Maharashtra,Amravati,2018-2019,Maize,Rabi,870.0,600.0,0.69,Hectare,Tonnes,Tonne/Hectare,Black (Regur),88.9,Saline / Alkaline,Vertisols,Chromic Haplusterts,Clayey,Very deep,Moderately well drained,Slightly alkaline,Alluvium,9
Maharashtra,Amravati,2018-2019,Maize,Summer,451.0,900.0,2.0,Hectare,Tonnes,Tonne/Hectare,Black (Regur),88.9,Saline / Alkaline,Vertisols,Chromic Haplusterts,Clayey,Very deep,Moderately well drained,Slightly alkaline,Alluvium,9
Maharashtra,Amravati,2018-2019,Moong(Green Gram),Kharif,22369.0,13947.0,0.62,Hectare,Tonnes,Tonne/Hectare,Black (Regur),88.9,Saline / Alkaline,Vertisols,Chromic Haplusterts,Clayey,Very deep,Moderately well drained,Slightly alkaline,Alluvium,9
Maharashtra,Amravati,2018-2019,Other Kharif pulses,Kharif,167.0,50.0,0.3,Hectare,Tonnes,Tonne/Hectare,Black (Regur),88.9,Saline / Alkaline,Vertisols,Chromic Haplusterts,Clayey,Very deep,Moderately well drained,Slightly alkaline,Alluvium,9
Maharashtra,Amravati,2018-2019,Other Summer Pulses,Summer,1290.0,390.0,0.3,Hectare,Tonnes,Tonne/Hectare,Black (Regur),88.9,Saline / Alkaline,Vertisols,Chromic Haplusterts,Clayey,Very deep,Moderately well drained,Slightly alkaline,Alluvium,9
Maharashtra,Amravati,2018-2019,Rice,Kharif,7258.0,2942.0,0.41,Hectare,Tonnes,Tonne/Hectare,Black (Regur),88.9,Saline / Alkaline,Vertisols,Chromic Haplusterts,Clayey,Very deep,Moderately well drained,Slightly alkaline,Alluvium,9
Maharashtra,Amravati,2018-2019,Sesamum,Kharif,24.0,6.0,0.25,Hectare,Tonnes,Tonne/Hectare,Black (Regur),88.9,Saline / Alkaline,Vertisols,Chromic Haplusterts,Clayey,Very deep,Moderately well drained,Slightly alkaline,Alluvium,9
Maharashtra,Amravati,2018-2019,Soyabean,Kharif,291642.0,351621.0,1.21,Hectare,Tonnes,Tonne/Hectare,Black (Regur),88.9,Saline / Alkaline,Vertisols,Chromic Haplusterts,Clayey,Very deep,Moderately well drained,Slightly alkaline,Alluvium,9
Maharashtra,Amravati,2018-2019,Sugarcane,Whole Year,254.0,14478.0,57.0,Hectare,Tonnes,Tonne/Hectare,Black (Regur),88.9,Saline / Alkaline,Vertisols,Chromic Haplusterts,Clayey,Very deep,Moderately well drained,Slightly alkaline,Alluvium,9
Maharashtra,Amravati,2018-2019,Urad,Kharif,9368.0,5712.0,0.61,Hectare,Tonnes,Tonne/Hectare,Black (Regur),88.9,Saline / Alkaline,Vertisols,Chromic Haplusterts,Clayey,Very deep,Moderately well drained,Slightly alkaline,Alluvium,9
Maharashtra,Amravati,2018-2019,Wheat,Rabi,26880.0,40000.0,1.49,Hectare,Tonnes,Tonne/Hectare,Black (Regur),88.9,Saline / Alkaline,Vertisols,Chromic Haplusterts,Clayey,Very deep,Moderately well drained,Slightly alkaline,Alluvium,9
Maharashtra,Amravati,2018-2019,other oilseeds,Summer,22.0,4.0,0.18,Hectare,Tonnes,Tonne/Hectare,Black (Regur),88.9,Saline / Alkaline,Vertisols,Chromic Haplusterts,Clayey,Very deep,Moderately well drained,Slightly alkaline,Alluvium,9
Maharashtra,Beed,2018-2019,Arhar/Tur,Kharif,51121.0,5609.0,0.11,Hectare,Tonnes,Tonne/Hectare,Black (Regur),88.9,Saline / Alkaline,Entisols,Lithic Ustorthents,Clayey,Shallow,Well drained,Neutral,Basalt,9
Maharashtra,Beed,2018-2019,Bajra,Kharif,57506.0,15492.0,0.27,Hectare,Tonnes,Tonne/Hectare,Black (Regur),88.9,Saline / Alkaline,Entisols,Lithic Ustorthents,Clayey,Shallow,Well drained,Neutral,Basalt,9
Maharashtra,Beed,2018-2019,Castor seed,Kharif,576.0,92.0,0.16,Hectare,Tonnes,Tonne/Hectare,Black (Regur),88.9,Saline / Alkaline,Entisols,Lithic Ustorthents,Clayey,Shallow,Well drained,Neutral,Basalt,9
Maharashtra,Beed,2018-2019,Cotton(lint),Kharif,377515.0,135247.0,0.36,Hectare,Bales,Bales/Hectare,Black (Regur),88.9,Saline / Alkaline,Entisols,Lithic Ustorthents,Clayey,Shallow,Well drained,Neutral,Basalt,9
Maharashtra,Beed,2018-2019,Gram,Rabi,35450.0,31700.0,0.89,Hectare,Tonnes,Tonne/Hectare,Black (Regur),88.9,Saline / Alkaline,Entisols,Lithic Ustorthents,Clayey,Shallow,Well drained,Neutral,Basalt,9
Maharashtra,Beed,2018-2019,Groundnut,Kharif,4024.0,676.0,0.17,Hectare,Tonnes,Tonne/Hectare,Black (Regur),88.9,Saline / Alkaline,Entisols,Lithic Ustorthents,Clayey,Shallow,Well drained,Neutral,Basalt,9
Maharashtra,Beed,2018-2019,Jowar,Kharif,7852.0,1973.0,0.25,Hectare,Tonnes,Tonne/Hectare,Black (Regur),88.9,Saline / Alkaline,Entisols,Lithic Ustorthents,Clayey,Shallow,Well drained,Neutral,Basalt,9
Maharashtra,Beed,2018-2019,Jowar,Rabi,79040.0,22200.0,0.28,Hectare,Tonnes,Tonne/Hectare,Black (Regur),88.9,Saline / Alkaline,Entisols,Lithic Ustorthents,Clayey,Shallow,Well drained,Neutral,Basalt,9
Maharashtra,Beed,2018-2019,Linseed,Rabi,5.0,2.0,0.4,Hectare,Tonnes,Tonne/Hectare,Black (Regur),88.9,Saline / Alkaline,Entisols,Lithic Ustorthents,Clayey,Shallow,Well drained,Neutral,Basalt,9
Maharashtra,Beed,2018-2019,Maize,Kharif,11081.0,5532.0,0.5,Hectare,Tonnes,Tonne/Hectare,Black (Regur),88.9,Saline / Alkaline,Entisols,Lithic Ustorthents,Clayey,Shallow,Well drained,Neutral,Basalt,9
Maharashtra,Beed,2018-2019,Maize,Rabi,2890.0,1200.0,0.42,Hectare,Tonnes,Tonne/Hectare,Black (Regur),88.9,Saline / Alkaline,Entisols,Lithic Ustorthents,Clayey,Shallow,Well drained,Neutral,Basalt,9
Maharashtra,Beed,2018-2019,Moong(Green Gram),Kharif,23911.0,6156.0,0.26,Hectare,Tonnes,Tonne/Hectare,Black (Regur),88.9,Saline / Alkaline,Entisols,Lithic Ustorthents,Clayey,Shallow,Well drained,Neutral,Basalt,9
Maharashtra,Beed,2018-2019,Niger seed,Kharif,214.0,11.0,0.05,Hectare,Tonnes,Tonne/Hectare,Black (Regur),88.9,Saline / Alkaline,Entisols,Lithic Ustorthents,Clayey,Shallow,Well drained,Neutral,Basalt,9
Maharashtra,Beed,2018-2019,Other Cereals,Kharif,507.0,122.0,0.24,Hectare,Tonnes,Tonne/Hectare,Black (Regur),88.9,Saline / Alkaline,Entisols,Lithic Ustorthents,Clayey,Shallow,Well drained,Neutral,Basalt,9
Maharashtra,Beed,2018-2019,Other Cereals,Rabi,350.0,100.0,0.29,Hectare,Tonnes,Tonne/Hectare,Black (Regur),88.9,Saline / Alkaline,Entisols,Lithic Ustorthents,Clayey,Shallow,Well drained,Neutral,Basalt,9
Maharashtra,Beed,2018-2019,Other Kharif pulses,Kharif,967.0,222.0,0.23,Hectare,Tonnes,Tonne/Hectare,Black (Regur),88.9,Saline / Alkaline,Entisols,Lithic Ustorthents,Clayey,Shallow,Well drained,Neutral,Basalt,9
Maharashtra,Beed,2018-2019,Other Rabi pulses,Rabi,10.0,3.0,0.3,Hectare,Tonnes,Tonne/Hectare,Black (Regur),88.9,Saline / Alkaline,Entisols,Lithic Ustorthents,Clayey,Shallow,Well drained,Neutral,Basalt,9
Maharashtra,Beed,2018-2019,Rapeseed &Mustard,Rabi,110.0,10.0,0.09,Hectare,Tonnes,Tonne/Hectare,Black (Regur),88.9,Saline / Alkaline,Entisols,Lithic Ustorthents,Clayey,Shallow,Well drained,Neutral,Basalt,9
Maharashtra,Beed,2018-2019,Rice,Kharif,29.0,9.0,0.31,Hectare,Tonnes,Tonne/Hectare,Black (Regur),88.9,Saline / Alkaline,Entisols,Lithic Ustorthents,Clayey,Shallow,Well drained,Neutral,Basalt,9
Maharashtra,Beed,2018-2019,Safflower,Rabi,24.0,2.0,0.08,Hectare,Tonnes,Tonne/Hectare,Black (Regur),88.9,Saline / Alkaline,Entisols,Lithic Ustorthents,Clayey,Shallow,Well drained,Neutral,Basalt,9
Maharashtra,Beed,2018-2019,Sesamum,Kharif,2808.0,174.0,0.06,Hectare,Tonnes,Tonne/Hectare,Black (Regur),88.9,Saline / Alkaline,Entisols,Lithic Ustorthents,Clayey,Shallow,Well drained,Neutral,Basalt,9
Maharashtra,Beed,2018-2019,Soyabean,Kharif,217791.0,52764.0,0.24,Hectare,Tonnes,Tonne/Hectare,Black (Regur),88.9,Saline / Alkaline,Entisols,Lithic Ustorthents,Clayey,Shallow,Well drained,Neutral,Basalt,9
Maharashtra,Beed,2018-2019,Sugarcane,Whole Year,49690.0,1765090.0,35.52,Hectare,Tonnes,Tonne/Hectare,Black (Regur),88.9,Saline / Alkaline,Entisols,Lithic Ustorthents,Clayey,Shallow,Well drained,Neutral,Basalt,9
Maharashtra,Beed,2018-2019,Urad,Kharif,24146.0,7242.0,0.3,Hectare,Tonnes,Tonne/Hectare,Black (Regur),88.9,Saline / Alkaline,Entisols,Lithic Ustorthents,Clayey,Shallow,Well drained,Neutral,Basalt,9
Maharashtra,Beed,2018-2019,Wheat,Rabi,7170.0,5200.0,0.73,Hectare,Tonnes,Tonne/Hectare,Black (Regur),88.9,Saline / Alkaline,Entisols,Lithic Ustorthents,Clayey,Shallow,Well drained,Neutral,Basalt,9
Maharashtra,Bhandara,2018-2019,Arhar/Tur,Kharif,12865.0,12743.0,0.99,Hectare,Tonnes,Tonne/Hectare,Alluvial,55.6,Black (Regur),Inceptisols,Typic Haplustepts,Loamy,Very deep,Well drained,Slightly acidic,Alluvium,9
Maharashtra,Bhandara,2018-2019,Cotton(lint),Kharif,4.0,10.0,2.5,Hectare,Bales,Bales/Hectare,Alluvial,55.6,Black (Regur),Inceptisols,Typic Haplustepts,Loamy,Very deep,Well drained,Slightly acidic,Alluvium,9
Maharashtra,Bhandara,2018-2019,Gram,Rabi,11460.0,13200.0,1.15,Hectare,Tonnes,Tonne/Hectare,Alluvial,55.6,Black (Regur),Inceptisols,Typic Haplustepts,Loamy,Very deep,Well drained,Slightly acidic,Alluvium,9
Maharashtra,Bhandara,2018-2019,Groundnut,Summer,5.0,8.0,1.6,Hectare,Tonnes,Tonne/Hectare,Alluvial,55.6,Black (Regur),Inceptisols,Typic Haplustepts,Loamy,Very deep,Well drained,Slightly acidic,Alluvium,9
Maharashtra,Bhandara,2018-2019,Linseed,Rabi,2763.0,1500.0,0.54,Hectare,Tonnes,Tonne/Hectare,Alluvial,55.6,Black (Regur),Inceptisols,Typic Haplustepts,Loamy,Very deep,Well drained,Slightly acidic,Alluvium,9
Maharashtra,Bhandara,2018-2019,Other Kharif pulses,Kharif,25.0,21.0,0.84,Hectare,Tonnes,Tonne/Hectare,Alluvial,55.6,Black (Regur),Inceptisols,Typic Haplustepts,Loamy,Very deep,Well drained,Slightly acidic,Alluvium,9
Maharashtra,Bhandara,2018-2019,Other Rabi pulses,Rabi,23480.0,10200.0,0.43,Hectare,Tonnes,Tonne/Hectare,Alluvial,55.6,Black (Regur),Inceptisols,Typic Haplustepts,Loamy,Very deep,Well drained,Slightly acidic,Alluvium,9
Maharashtra,Bhandara,2018-2019,Other Summer Pulses,Summer,60.0,10.0,0.17,Hectare,Tonnes,Tonne/Hectare,Alluvial,55.6,Black (Regur),Inceptisols,Typic Haplustepts,Loamy,Very deep,Well drained,Slightly acidic,Alluvium,9
Maharashtra,Bhandara,2018-2019,Rapeseed &Mustard,Rabi,320.0,100.0,0.31,Hectare,Tonnes,Tonne/Hectare,Alluvial,55.6,Black (Regur),Inceptisols,Typic Haplustepts,Loamy,Very deep,Well drained,Slightly acidic,Alluvium,9
Maharashtra,Bhandara,2018-2019,Rice,Kharif,165010.0,351437.0,2.13,Hectare,Tonnes,Tonne/Hectare,Alluvial,55.6,Black (Regur),Inceptisols,Typic Haplustepts,Loamy,Very deep,Well drained,Slightly acidic,Alluvium,9
Maharashtra,Bhandara,2018-2019,Rice,Summer,10780.0,30800.0,2.86,Hectare,Tonnes,Tonne/Hectare,Alluvial,55.6,Black (Regur),Inceptisols,Typic Haplustepts,Loamy,Very deep,Well drained,Slightly acidic,Alluvium,9
Maharashtra,Bhandara,2018-2019,Sesamum,Kharif,437.0,114.0,0.26,Hectare,Tonnes,Tonne/Hectare,Alluvial,55.6,Black (Regur),Inceptisols,Typic Haplustepts,Loamy,Very deep,Well drained,Slightly acidic,Alluvium,9
Maharashtra,Bhandara,2018-2019,Sesamum,Rabi,8.0,1.0,0.13,Hectare,Tonnes,Tonne/Hectare,Alluvial,55.6,Black (Regur),Inceptisols,Typic Haplustepts,Loamy,Very deep,Well drained,Slightly acidic,Alluvium,9
Maharashtra,Bhandara,2018-2019,Sesamum,Summer,8.0,2.0,0.25,Hectare,Tonnes,Tonne/Hectare,Alluvial,55.6,Black (Regur),Inceptisols,Typic Haplustepts,Loamy,Very deep,Well drained,Slightly acidic,Alluvium,9
Maharashtra,Bhandara,2018-2019,Soyabean,Kharif,4111.0,4649.0,1.13,Hectare,Tonnes,Tonne/Hectare,Alluvial,55.6,Black (Regur),Inceptisols,Typic Haplustepts,Loamy,Very deep,Well drained,Slightly acidic,Alluvium,9
Maharashtra,Bhandara,2018-2019,Sugarcane,Whole Year,4208.0,282104.0,67.04,Hectare,Tonnes,Tonne/Hectare,Alluvial,55.6,Black (Regur),Inceptisols,Typic Haplustepts,Loamy,Very deep,Well drained,Slightly acidic,Alluvium,9
Maharashtra,Bhandara,2018-2019,Wheat,Rabi,9990.0,13800.0,1.38,Hectare,Tonnes,Tonne/Hectare,Alluvial,55.6,Black (Regur),Inceptisols,Typic Haplustepts,Loamy,Very deep,Well drained,Slightly acidic,Alluvium,9
Maharashtra,Buldhana,2018-2019,Arhar/Tur,Kharif,88381.0,45400.0,0.51,Hectare,Tonnes,Tonne/Hectare,Black (Regur),100.0,,Entisols,Lithic Ustorthents,Loamy,Shallow,Well drained,Neutral,Basalt,9
Maharashtra,Buldhana,2018-2019,Bajra,Kharif,2267.3,332.0,0.15,Hectare,Tonnes,Tonne/Hectare,Black (Regur),100.0,,Entisols,Lithic Ustorthents,Loamy,Shallow,Well drained,Neutral,Basalt,9
Maharashtra,Buldhana,2018-2019,Castor seed,Kharif,335.0,168.0,0.5,Hectare,Tonnes,Tonne/Hectare,Black (Regur),100.0,,Entisols,Lithic Ustorthents,Loamy,Shallow,Well drained,Neutral,Basalt,9
Maharashtra,Buldhana,2018-2019,Cotton(lint),Kharif,177928.0,308970.0,1.74,Hectare,Bales,Bales/Hectare,Black (Regur),100.0,,Entisols,Lithic Ustorthents,Loamy,Shallow,Well drained,Neutral,Basalt,9
Maharashtra,Buldhana,2018-2019,Gram,Rabi,108510.0,75200.0,0.69,Hectare,Tonnes,Tonne/Hectare,Black (Regur),100.0,,Entisols,Lithic Ustorthents,Loamy,Shallow,Well drained,Neutral,Basalt,9
Maharashtra,Buldhana,2018-2019,Groundnut,Kharif,1277.0,1206.0,0.94,Hectare,Tonnes,Tonne/Hectare,Black (Regur),100.0,,Entisols,Lithic Ustorthents,Loamy,Shallow,Well drained,Neutral,Basalt,9
Maharashtra,Buldhana,2018-2019,Groundnut,Summer,330.0,330.0,1.0,Hectare,Tonnes,Tonne/Hectare,Black (Regur),100.0,,Entisols,Lithic Ustorthents,Loamy,Shallow,Well drained,Neutral,Basalt,9
Maharashtra,Buldhana,2018-2019,Jowar,Kharif,19649.0,21059.0,1.07,Hectare,Tonnes,Tonne/Hectare,Black (Regur),100.0,,Entisols,Lithic Ustorthents,Loamy,Shallow,Well drained,Neutral,Basalt,9
Maharashtra,Buldhana,2018-2019,Jowar,Rabi,11980.0,5800.0,0.48,Hectare,Tonnes,Tonne/Hectare,Black (Regur),100.0,,Entisols,Lithic Ustorthents,Loamy,Shallow,Well drained,Neutral,Basalt,9
Maharashtra,Buldhana,2018-2019,Maize,Kharif,33120.0,47468.0,1.43,Hectare,Tonnes,Tonne/Hectare,Black (Regur),100.0,,Entisols,Lithic Ustorthents,Loamy,Shallow,Well drained,Neutral,Basalt,9
Maharashtra,Buldhana,2018-2019,Maize,Rabi,4830.0,3500.0,0.72,Hectare,Tonnes,Tonne/Hectare,Black (Regur),100.0,,Entisols,Lithic Ustorthents,Loamy,Shallow,Well drained,Neutral,Basalt,9
Maharashtra,Buldhana,2018-2019,Maize,Summer,720.0,1450.0,2.01,Hectare,Tonnes,Tonne/Hectare,Black (Regur),100.0,,Entisols,Lithic Ustorthents,Loamy,Shallow,Well drained,Neutral,Basalt,9
Maharashtra,Buldhana,2018-2019,Moong(Green Gram),Kharif,16563.0,9569.0,0.58,Hectare,Tonnes,Tonne/Hectare,Black (Regur),100.0,,Entisols,Lithic Ustorthents,Loamy,Shallow,Well drained,Neutral,Basalt,9
Maharashtra,Buldhana,2018-2019,Niger seed,Kharif,254.0,16.0,0.06,Hectare,Tonnes,Tonne/Hectare,Black (Regur),100.0,,Entisols,Lithic Ustorthents,Loamy,Shallow,Well drained,Neutral,Basalt,9
Maharashtra,Buldhana,2018-2019,Other Cereals,Kharif,1041.0,416.0,0.4,Hectare,Tonnes,Tonne/Hectare,Black (Regur),100.0,,Entisols,Lithic Ustorthents,Loamy,Shallow,Well drained,Neutral,Basalt,9
Maharashtra,Buldhana,2018-2019,Other Cereals,Rabi,337.0,337.0,1.0,Hectare,Tonnes,Tonne/Hectare,Black (Regur),100.0,,Entisols,Lithic Ustorthents,Loamy,Shallow,Well drained,Neutral,Basalt,9
Maharashtra,Buldhana,2018-2019,Other Kharif pulses,Kharif,306.0,92.0,0.3,Hectare,Tonnes,Tonne/Hectare,Black (Regur),100.0,,Entisols,Lithic Ustorthents,Loamy,Shallow,Well drained,Neutral,Basalt,9
Maharashtra,Buldhana,2018-2019,Other Rabi pulses,Rabi,70.0,41.0,0.59,Hectare,Tonnes,Tonne/Hectare,Black (Regur),100.0,,Entisols,Lithic Ustorthents,Loamy,Shallow,Well drained,Neutral,Basalt,9
Maharashtra,Buldhana,2018-2019,Other Summer Pulses,Summer,15.0,4.5,0.3,Hectare,Tonnes,Tonne/Hectare,Black (Regur),100.0,,Entisols,Lithic Ustorthents,Loamy,Shallow,Well drained,Neutral,Basalt,9
Maharashtra,Buldhana,2018-2019,Rapeseed &Mustard,Rabi,110.0,46.0,0.42,Hectare,Tonnes,Tonne/Hectare,Black (Regur),100.0,,Entisols,Lithic Ustorthents,Loamy,Shallow,Well drained,Neutral,Basalt,9
Maharashtra,Buldhana,2018-2019,Safflower,Rabi,185.0,146.0,0.79,Hectare,Tonnes,Tonne/Hectare,Black (Regur),100.0,,Entisols,Lithic Ustorthents,Loamy,Shallow,Well drained,Neutral,Basalt,9
Maharashtra,Buldhana,2018-2019,Sesamum,Kharif,1930.0,557.0,0.29,Hectare,Tonnes,Tonne/Hectare,Black (Regur),100.0,,Entisols,Lithic Ustorthents,Loamy,Shallow,Well drained,Neutral,Basalt,9
Maharashtra,Buldhana,2018-2019,Sesamum,Summer,1.0,0.2,0.2,Hectare,Tonnes,Tonne/Hectare,Black (Regur),100.0,,Entisols,Lithic Ustorthents,Loamy,Shallow,Well drained,Neutral,Basalt,9
Maharashtra,Buldhana,2018-2019,Soyabean,Kharif,404209.0,448429.0,1.11,Hectare,Tonnes,Tonne/Hectare,Black (Regur),100.0,,Entisols,Lithic Ustorthents,Loamy,Shallow,Well drained,Neutral,Basalt,9
Maharashtra,Buldhana,2018-2019,Sugarcane,Whole Year,311.0,13995.0,45.0,Hectare,Tonnes,Tonne/Hectare,Black (Regur),100.0,,Entisols,Lithic Ustorthents,Loamy,Shallow,Well drained,Neutral,Basalt,9
Maharashtra,Buldhana,2018-2019,Sunflower,Kharif,24.0,3.0,0.13,Hectare,Tonnes,Tonne/Hectare,Black (Regur),100.0,,Entisols,Lithic Ustorthents,Loamy,Shallow,Well drained,Neutral,Basalt,9
Maharashtra,Buldhana,2018-2019,Sunflower,Summer,6.0,7.0,1.17,Hectare,Tonnes,Tonne/Hectare,Black (Regur),100.0,,Entisols,Lithic Ustorthents,Loamy,Shallow,Well drained,Neutral,Basalt,9
Maharashtra,Buldhana,2018-2019,Urad,Kharif,16205.0,9493.0,0.59,Hectare,Tonnes,Tonne/Hectare,Black (Regur),100.0,,Entisols,Lithic Ustorthents,Loamy,Shallow,Well drained,Neutral,Basalt,9
Maharashtra,Buldhana,2018-2019,Wheat,Rabi,27400.0,32100.0,1.17,Hectare,Tonnes,Tonne/Hectare,Black (Regur),100.0,,Entisols,Lithic Ustorthents,Loamy,Shallow,Well drained,Neutral,Basalt,9
Maharashtra,Buldhana,2018-2019,other oilseeds,Summer,60.0,11.0,0.18,Hectare,Tonnes,Tonne/Hectare,Black (Regur),100.0,,Entisols,Lithic Ustorthents,Loamy,Shallow,Well drained,Neutral,Basalt,9
Maharashtra,Chandrapur,2018-2019,Arhar/Tur,Kharif,44322.0,48875.0,1.1,Hectare,Tonnes,Tonne/Hectare,Saline / Alkaline,44.4,Alluvial,Inceptisols,Vertic Haplustepts,Clayey,Moderately deep,Well drained,Others,,9
Maharashtra,Chandrapur,2018-2019,Cotton(lint),Kharif,153291.0,322452.0,2.1,Hectare,Bales,Bales/Hectare,Saline / Alkaline,44.4,Alluvial,Inceptisols,Vertic Haplustepts,Clayey,Moderately deep,Well drained,Others,,9
Maharashtra,Chandrapur,2018-2019,Gram,Rabi,26390.0,25100.0,0.95,Hectare,Tonnes,Tonne/Hectare,Saline / Alkaline,44.4,Alluvial,Inceptisols,Vertic Haplustepts,Clayey,Moderately deep,Well drained,Others,,9
Maharashtra,Chandrapur,2018-2019,Groundnut,Summer,10.0,10.0,1.0,Hectare,Tonnes,Tonne/Hectare,Saline / Alkaline,44.4,Alluvial,Inceptisols,Vertic Haplustepts,Clayey,Moderately deep,Well drained,Others,,9
Maharashtra,Chandrapur,2018-2019,Jowar,Kharif,1966.0,1157.0,0.59,Hectare,Tonnes,Tonne/Hectare,Saline / Alkaline,44.4,Alluvial,Inceptisols,Vertic Haplustepts,Clayey,Moderately deep,Well drained,Others,,9
Maharashtra,Chandrapur,2018-2019,Jowar,Rabi,1330.0,900.0,0.68,Hectare,Tonnes,Tonne/Hectare,Saline / Alkaline,44.4,Alluvial,Inceptisols,Vertic Haplustepts,Clayey,Moderately deep,Well drained,Others,,9
Maharashtra,Chandrapur,2018-2019,Linseed,Rabi,429.0,100.0,0.23,Hectare,Tonnes,Tonne/Hectare,Saline / Alkaline,44.4,Alluvial,Inceptisols,Vertic Haplustepts,Clayey,Moderately deep,Well drained,Others,,9
Maharashtra,Chandrapur,2018-2019,Moong(Green Gram),Kharif,858.0,108.0,0.13,Hectare,Tonnes,Tonne/Hectare,Saline / Alkaline,44.4,Alluvial,Inceptisols,Vertic Haplustepts,Clayey,Moderately deep,Well drained,Others,,9
Maharashtra,Chandrapur,2018-2019,Other Cereals,Kharif,221.0,124.0,0.56,Hectare,Tonnes,Tonne/Hectare,Saline / Alkaline,44.4,Alluvial,Inceptisols,Vertic Haplustepts,Clayey,Moderately deep,Well drained,Others,,9
Maharashtra,Chandrapur,2018-2019,Other Cereals,Rabi,760.0,340.0,0.45,Hectare,Tonnes,Tonne/Hectare,Saline / Alkaline,44.4,Alluvial,Inceptisols,Vertic Haplustepts,Clayey,Moderately deep,Well drained,Others,,9
Maharashtra,Chandrapur,2018-2019,Other Kharif pulses,Kharif,733.0,403.0,0.55,Hectare,Tonnes,Tonne/Hectare,Saline / Alkaline,44.4,Alluvial,Inceptisols,Vertic Haplustepts,Clayey,Moderately deep,Well drained,Others,,9
Maharashtra,Chandrapur,2018-2019,Other Rabi pulses,Rabi,30160.0,14900.0,0.49,Hectare,Tonnes,Tonne/Hectare,Saline / Alkaline,44.4,Alluvial,Inceptisols,Vertic Haplustepts,Clayey,Moderately deep,Well drained,Others,,9
Maharashtra,Chandrapur,2018-2019,Other Summer Pulses,Summer,10.0,6.0,0.6,Hectare,Tonnes,Tonne/Hectare,Saline / Alkaline,44.4,Alluvial,Inceptisols,Vertic Haplustepts,Clayey,Moderately deep,Well drained,Others,,9
Maharashtra,Chandrapur,2018-2019,Rapeseed &Mustard,Rabi,4.0,1.0,0.25,Hectare,Tonnes,Tonne/Hectare,Saline / Alkaline,44.4,Alluvial,Inceptisols,Vertic Haplustepts,Clayey,Moderately deep,Well drained,Others,,9
Maharashtra,Chandrapur,2018-2019,Rice,Kharif,132251.0,232195.0,1.76,Hectare,Tonnes,Tonne/Hectare,Saline / Alkaline,44.4,Alluvial,Inceptisols,Vertic Haplustepts,Clayey,Moderately deep,Well drained,Others,,9
Maharashtra,Chandrapur,2018-2019,Rice,Summer,2720.0,4350.0,1.6,Hectare,Tonnes,Tonne/Hectare,Saline / Alkaline,44.4,Alluvial,Inceptisols,Vertic Haplustepts,Clayey,Moderately deep,Well drained,Others,,9
Maharashtra,Chandrapur,2018-2019,Sesamum,Kharif,390.0,102.0,0.26,Hectare,Tonnes,Tonne/Hectare,Saline / Alkaline,44.4,Alluvial,Inceptisols,Vertic Haplustepts,Clayey,Moderately deep,Well drained,Others,,9
Maharashtra,Chandrapur,2018-2019,Soyabean,Kharif,75376.0,120538.0,1.6,Hectare,Tonnes,Tonne/Hectare,Saline / Alkaline,44.4,Alluvial,Inceptisols,Vertic Haplustepts,Clayey,Moderately deep,Well drained,Others,,9
Maharashtra,Chandrapur,2018-2019,Sugarcane,Whole Year,64.0,3840.0,60.0,Hectare,Tonnes,Tonne/Hectare,Saline / Alkaline,44.4,Alluvial,Inceptisols,Vertic Haplustepts,Clayey,Moderately deep,Well drained,Others,,9
Maharashtra,Chandrapur,2018-2019,Wheat,Rabi,17420.0,23000.0,1.32,Hectare,Tonnes,Tonne/Hectare,Saline / Alkaline,44.4,Alluvial,Inceptisols,Vertic Haplustepts,Clayey,Moderately deep,Well drained,Others,,9
Maharashtra,Chhatrapati Sambhajinagar,2018-2019,Arhar/Tur,Kharif,37901.0,9835.0,0.26,Hectare,Tonnes,Tonne/Hectare,Black (Regur),88.9,Saline / Alkaline,Entisols,Lithic Ustorthents,Loamy,Shallow,Well drained,Neutral,Basalt,9
Maharashtra,Chhatrapati Sambhajinagar,2018-2019,Bajra,Kharif,54728.0,24911.0,0.46,Hectare,Tonnes,Tonne/Hectare,Black (Regur),88.9,Saline / Alkaline,Entisols,Lithic Ustorthents,Loamy,Shallow,Well drained,Neutral,Basalt,9
Maharashtra,Chhatrapati Sambhajinagar,2018-2019,Castor seed,Kharif,222.0,33.0,0.15,Hectare,Tonnes,Tonne/Hectare,Black (Regur),88.9,Saline / Alkaline,Entisols,Lithic Ustorthents,Loamy,Shallow,Well drained,Neutral,Basalt,9
Maharashtra,Chhatrapati Sambhajinagar,2018-2019,Cotton(lint),Kharif,385441.0,374332.0,0.97,Hectare,Bales,Bales/Hectare,Black (Regur),88.9,Saline / Alkaline,Entisols,Lithic Ustorthents,Loamy,Shallow,Well drained,Neutral,Basalt,9
Maharashtra,Chhatrapati Sambhajinagar,2018-2019,Gram,Rabi,40650.0,24400.0,0.6,Hectare,Tonnes,Tonne/Hectare,Black (Regur),88.9,Saline / Alkaline,Entisols,Lithic Ustorthents,Loamy,Shallow,Well drained,Neutral,Basalt,9
Maharashtra,Chhatrapati Sambhajinagar,2018-2019,Groundnut,Kharif,8907.0,3662.0,0.41,Hectare,Tonnes,Tonne/Hectare,Black (Regur),88.9,Saline / Alkaline,Entisols,Lithic Ustorthents,Loamy,Shallow,Well drained,Neutral,Basalt,9
Maharashtra,Chhatrapati Sambhajinagar,2018-2019,Groundnut,Summer,5.0,4.0,0.8,Hectare,Tonnes,Tonne/Hectare,Black (Regur),88.9,Saline / Alkaline,Entisols,Lithic Ustorthents,Loamy,Shallow,Well drained,Neutral,Basalt,9
Maharashtra,Chhatrapati Sambhajinagar,2018-2019,Jowar,Kharif,1827.0,855.0,0.47,Hectare,Tonnes,Tonne/Hectare,Black (Regur),88.9,Saline / Alkaline,Entisols,Lithic Ustorthents,Loamy,Shallow,Well drained,Neutral,Basalt,9
Maharashtra,Chhatrapati Sambhajinagar,2018-2019,Jowar,Rabi,55450.0,17200.0,0.31,Hectare,Tonnes,Tonne/Hectare,Black (Regur),88.9,Saline / Alkaline,Entisols,Lithic Ustorthents,Loamy,Shallow,Well drained,Neutral,Basalt,9
Maharashtra,Chhatrapati Sambhajinagar,2018-2019,Linseed,Rabi,13.0,5.0,0.38,Hectare,Tonnes,Tonne/Hectare,Black (Regur),88.9,Saline / Alkaline,Entisols,Lithic Ustorthents,Loamy,Shallow,Well drained,Neutral,Basalt,9
Maharashtra,Chhatrapati Sambhajinagar,2018-2019,Maize,Kharif,39302.0,56812.0,1.45,Hectare,Tonnes,Tonne/Hectare,Black (Regur),88.9,Saline / Alkaline,Entisols,Lithic Ustorthents,Loamy,Shallow,Well drained,Neutral,Basalt,9
Maharashtra,Chhatrapati Sambhajinagar,2018-2019,Maize,Summer,162.0,150.0,0.93,Hectare,Tonnes,Tonne/Hectare,Black (Regur),88.9,Saline / Alkaline,Entisols,Lithic Ustorthents,Loamy,Shallow,Well drained,Neutral,Basalt,9
Maharashtra,Chhatrapati Sambhajinagar,2018-2019,Moong(Green Gram),Kharif,8436.0,2021.0,0.24,Hectare,Tonnes,Tonne/Hectare,Black (Regur),88.9,Saline / Alkaline,Entisols,Lithic Ustorthents,Loamy,Shallow,Well drained,Neutral,Basalt,9
Maharashtra,Chhatrapati Sambhajinagar,2018-2019,Other Cereals,Kharif,1745.0,750.0,0.43,Hectare,Tonnes,Tonne/Hectare,Black (Regur),88.9,Saline / Alkaline,Entisols,Lithic Ustorthents,Loamy,Shallow,Well drained,Neutral,Basalt,9
Maharashtra,Chhatrapati Sambhajinagar,2018-2019,Other Cereals,Rabi,1220.0,300.0,0.25,Hectare,Tonnes,Tonne/Hectare,Black (Regur),88.9,Saline / Alkaline,Entisols,Lithic Ustorthents,Loamy,Shallow,Well drained,Neutral,Basalt,9
Maharashtra,Chhatrapati Sambhajinagar,2018-2019,Other Cereals,Summer,254.0,120.0,0.47,Hectare,Tonnes,Tonne/Hectare,Black (Regur),88.9,Saline / Alkaline,Entisols,Lithic Ustorthents,Loamy,Shallow,Well drained,Neutral,Basalt,9
Maharashtra,Chhatrapati Sambhajinagar,2018-2019,Other Kharif pulses,Kharif,309.0,65.0,0.21,Hectare,Tonnes,Tonne/Hectare,Black (Regur),88.9,Saline / Alkaline,Entisols,Lithic Ustorthents,Loamy,Shallow,Well drained,Neutral,Basalt,9
Maharashtra,Chhatrapati Sambhajinagar,2018-2019,Other Rabi pulses,Rabi,10.0,1.0,0.1,Hectare,Tonnes,Tonne/Hectare,Black (Regur),88.9,Saline / Alkaline,Entisols,Lithic Ustorthents,Loamy,Shallow,Well drained,Neutral,Basalt,9
Maharashtra,Chhatrapati Sambhajinagar,2018-2019,Rapeseed &Mustard,Rabi,10.0,,0.0,Hectare,Tonnes,Tonne/Hectare,Black (Regur),88.9,Saline / Alkaline,Entisols,Lithic Ustorthents,Loamy,Shallow,Well drained,Neutral,Basalt,9
Maharashtra,Chhatrapati Sambhajinagar,2018-2019,Sesamum,Kharif,171.0,11.0,0.06,Hectare,Tonnes,Tonne/Hectare,Black (Regur),88.9,Saline / Alkaline,Entisols,Lithic Ustorthents,Loamy,Shallow,Well drained,Neutral,Basalt,9
Maharashtra,Chhatrapati Sambhajinagar,2018-2019,Soyabean,Kharif,14022.0,9054.0,0.65,Hectare,Tonnes,Tonne/Hectare,Black (Regur),88.9,Saline / Alkaline,Entisols,Lithic Ustorthents,Loamy,Shallow,Well drained,Neutral,Basalt,9
Maharashtra,Chhatrapati Sambhajinagar,2018-2019,Sugarcane,Whole Year,26337.0,1327730.0,50.41,Hectare,Tonnes,Tonne/Hectare,Black (Regur),88.9,Saline / Alkaline,Entisols,Lithic Ustorthents,Loamy,Shallow,Well drained,Neutral,Basalt,9
Maharashtra,Chhatrapati Sambhajinagar,2018-2019,Urad,Kharif,1968.0,327.0,0.17,Hectare,Tonnes,Tonne/Hectare,Black (Regur),88.9,Saline / Alkaline,Entisols,Lithic Ustorthents,Loamy,Shallow,Well drained,Neutral,Basalt,9
Maharashtra,Chhatrapati Sambhajinagar,2018-2019,Wheat,Rabi,28880.0,37300.0,1.29,Hectare,Tonnes,Tonne/Hectare,Black (Regur),88.9,Saline / Alkaline,Entisols,Lithic Ustorthents,Loamy,Shallow,Well drained,Neutral,Basalt,9
Maharashtra,Dharashiv,2018-2019,Arhar/Tur,Kharif,58049.0,13351.0,0.23,Hectare,Tonnes,Tonne/Hectare,Black (Regur),55.6,Red & Yellow,Entisols,Lithic Ustorthents,Clayey,Shallow,Well drained,Slightly alkaline,Basalt,9
Maharashtra,Dharashiv,2018-2019,Bajra,Kharif,8754.0,1093.0,0.12,Hectare,Tonnes,Tonne/Hectare,Black (Regur),55.6,Red & Yellow,Entisols,Lithic Ustorthents,Clayey,Shallow,Well drained,Slightly alkaline,Basalt,9
Maharashtra,Dharashiv,2018-2019,Castor seed,Kharif,1988.0,378.0,0.19,Hectare,Tonnes,Tonne/Hectare,Black (Regur),55.6,Red & Yellow,Entisols,Lithic Ustorthents,Clayey,Shallow,Well drained,Slightly alkaline,Basalt,9
Maharashtra,Dharashiv,2018-2019,Cotton(lint),Kharif,16254.0,8251.0,0.51,Hectare,Bales,Bales/Hectare,Black (Regur),55.6,Red & Yellow,Entisols,Lithic Ustorthents,Clayey,Shallow,Well drained,Slightly alkaline,Basalt,9
Maharashtra,Dharashiv,2018-2019,Gram,Rabi,86910.0,51900.0,0.6,Hectare,Tonnes,Tonne/Hectare,Black (Regur),55.6,Red & Yellow,Entisols,Lithic Ustorthents,Clayey,Shallow,Well drained,Slightly alkaline,Basalt,9
Maharashtra,Dharashiv,2018-2019,Groundnut,Kharif,4282.0,2283.0,0.53,Hectare,Tonnes,Tonne/Hectare,Black (Regur),55.6,Red & Yellow,Entisols,Lithic Ustorthents,Clayey,Shallow,Well drained,Slightly alkaline,Basalt,9
Maharashtra,Dharashiv,2018-2019,Groundnut,Summer,98.0,80.0,0.82,Hectare,Tonnes,Tonne/Hectare,Black (Regur),55.6,Red & Yellow,Entisols,Lithic Ustorthents,Clayey,Shallow,Well drained,Slightly alkaline,Basalt,9
Maharashtra,Dharashiv,2018-2019,Jowar,Kharif,12784.0,4132.0,0.32,Hectare,Tonnes,Tonne/Hectare,Black (Regur),55.6,Red & Yellow,Entisols,Lithic Ustorthents,Clayey,Shallow,Well drained,Slightly alkaline,Basalt,9
Maharashtra,Dharashiv,2018-2019,Jowar,Rabi,114470.0,76500.0,0.67,Hectare,Tonnes,Tonne/Hectare,Black (Regur),55.6,Red & Yellow,Entisols,Lithic Ustorthents,Clayey,Shallow,Well drained,Slightly alkaline,Basalt,9
Maharashtra,Dharashiv,2018-2019,Linseed,Rabi,724.0,300.0,0.41,Hectare,Tonnes,Tonne/Hectare,Black (Regur),55.6,Red & Yellow,Entisols,Lithic Ustorthents,Clayey,Shallow,Well drained,Slightly alkaline,Basalt,9
Maharashtra,Dharashiv,2018-2019,Maize,Kharif,19608.0,8876.0,0.45,Hectare,Tonnes,Tonne/Hectare,Black (Regur),55.6,Red & Yellow,Entisols,Lithic Ustorthents,Clayey,Shallow,Well drained,Slightly alkaline,Basalt,9
Maharashtra,Dharashiv,2018-2019,Maize,Rabi,8060.0,7000.0,0.87,Hectare,Tonnes,Tonne/Hectare,Black (Regur),55.6,Red & Yellow,Entisols,Lithic Ustorthents,Clayey,Shallow,Well drained,Slightly alkaline,Basalt,9
Maharashtra,Dharashiv,2018-2019,Maize,Summer,129.0,,0.0,Hectare,Tonnes,Tonne/Hectare,Black (Regur),55.6,Red & Yellow,Entisols,Lithic Ustorthents,Clayey,Shallow,Well drained,Slightly alkaline,Basalt,9
Maharashtra,Dharashiv,2018-2019,Moong(Green Gram),Kharif,9903.0,3120.0,0.32,Hectare,Tonnes,Tonne/Hectare,Black (Regur),55.6,Red & Yellow,Entisols,Lithic Ustorthents,Clayey,Shallow,Well drained,Slightly alkaline,Basalt,9
Maharashtra,Dharashiv,2018-2019,Niger seed,Kharif,3282.0,187.0,0.06,Hectare,Tonnes,Tonne/Hectare,Black (Regur),55.6,Red & Yellow,Entisols,Lithic Ustorthents,Clayey,Shallow,Well drained,Slightly alkaline,Basalt,9
Maharashtra,Dharashiv,2018-2019,Other Cereals,Kharif,1488.0,312.0,0.21,Hectare,Tonnes,Tonne/Hectare,Black (Regur),55.6,Red & Yellow,Entisols,Lithic Ustorthents,Clayey,Shallow,Well drained,Slightly alkaline,Basalt,9
Maharashtra,Dharashiv,2018-2019,Other Cereals,Rabi,2940.0,1000.0,0.34,Hectare,Tonnes,Tonne/Hectare,Black (Regur),55.6,Red & Yellow,Entisols,Lithic Ustorthents,Clayey,Shallow,Well drained,Slightly alkaline,Basalt,9
Maharashtra,Dharashiv,2018-2019,Other Kharif pulses,Kharif,1789.0,447.0,0.25,Hectare,Tonnes,Tonne/Hectare,Black (Regur),55.6,Red & Yellow,Entisols,Lithic Ustorthents,Clayey,Shallow,Well drained,Slightly alkaline,Basalt,9
Maharashtra,Dharashiv,2018-2019,Other Rabi pulses,Rabi,1060.0,400.0,0.38,Hectare,Tonnes,Tonne/Hectare,Black (Regur),55.6,Red & Yellow,Entisols,Lithic Ustorthents,Clayey,Shallow,Well drained,Slightly alkaline,Basalt,9
Maharashtra,Dharashiv,2018-2019,Rapeseed &Mustard,Rabi,2600.0,800.0,0.31,Hectare,Tonnes,Tonne/Hectare,Black (Regur),55.6,Red & Yellow,Entisols,Lithic Ustorthents,Clayey,Shallow,Well drained,Slightly alkaline,Basalt,9
Maharashtra,Dharashiv,2018-2019,Safflower,Rabi,7828.0,4400.0,0.56,Hectare,Tonnes,Tonne/Hectare,Black (Regur),55.6,Red & Yellow,Entisols,Lithic Ustorthents,Clayey,Shallow,Well drained,Slightly alkaline,Basalt,9
Maharashtra,Dharashiv,2018-2019,Sesamum,Kharif,2973.0,126.0,0.04,Hectare,Tonnes,Tonne/Hectare,Black (Regur),55.6,Red & Yellow,Entisols,Lithic Ustorthents,Clayey,Shallow,Well drained,Slightly alkaline,Basalt,9
Maharashtra,Dharashiv,2018-2019,Soyabean,Kharif,214165.0,117791.0,0.55,Hectare,Tonnes,Tonne/Hectare,Black (Regur),55.6,Red & Yellow,Entisols,Lithic Ustorthents,Clayey,Shallow,Well drained,Slightly alkaline,Basalt,9
Maharashtra,Dharashiv,2018-2019,Sugarcane,Whole Year,57200.0,2839246.0,49.64,Hectare,Tonnes,Tonne/Hectare,Black (Regur),55.6,Red & Yellow,Entisols,Lithic Ustorthents,Clayey,Shallow,Well drained,Slightly alkaline,Basalt,9
Maharashtra,Dharashiv,2018-2019,Sunflower,Kharif,1210.0,200.0,0.17,Hectare,Tonnes,Tonne/Hectare,Black (Regur),55.6,Red & Yellow,Entisols,Lithic Ustorthents,Clayey,Shallow,Well drained,Slightly alkaline,Basalt,9
Maharashtra,Dharashiv,2018-2019,Urad,Kharif,23377.0,8577.0,0.37,Hectare,Tonnes,Tonne/Hectare,Black (Regur),55.6,Red & Yellow,Entisols,Lithic Ustorthents,Clayey,Shallow,Well drained,Slightly alkaline,Basalt,9
Maharashtra,Dharashiv,2018-2019,Wheat,Rabi,19580.0,15000.0,0.77,Hectare,Tonnes,Tonne/Hectare,Black (Regur),55.6,Red & Yellow,Entisols,Lithic Ustorthents,Clayey,Shallow,Well drained,Slightly alkaline,Basalt,9
Maharashtra,Dhule,2018-2019,Arhar/Tur,Kharif,11036.0,4240.0,0.38,Hectare,Tonnes,Tonne/Hectare,Black (Regur),66.7,Saline / Alkaline,Entisols,Lithic Ustorthents,Loamy,Shallow,Well drained,Neutral,Basalt,9
Maharashtra,Dhule,2018-2019,Bajra,Kharif,81923.0,47140.0,0.58,Hectare,Tonnes,Tonne/Hectare,Black (Regur),66.7,Saline / Alkaline,Entisols,Lithic Ustorthents,Loamy,Shallow,Well drained,Neutral,Basalt,9
Maharashtra,Dhule,2018-2019,Castor seed,Kharif,28.0,13.0,0.46,Hectare,Tonnes,Tonne/Hectare,Black (Regur),66.7,Saline / Alkaline,Entisols,Lithic Ustorthents,Loamy,Shallow,Well drained,Neutral,Basalt,9
Maharashtra,Dhule,2018-2019,Cotton(lint),Kharif,217874.0,210521.0,0.97,Hectare,Bales,Bales/Hectare,Black (Regur),66.7,Saline / Alkaline,Entisols,Lithic Ustorthents,Loamy,Shallow,Well drained,Neutral,Basalt,9
Maharashtra,Dhule,2018-2019,Gram,Rabi,61270.0,53500.0,0.87,Hectare,Tonnes,Tonne/Hectare,Black (Regur),66.7,Saline / Alkaline,Entisols,Lithic Ustorthents,Loamy,Shallow,Well drained,Neutral,Basalt,9
Maharashtra,Dhule,2018-2019,Groundnut,Kharif,17220.0,8665.0,0.5,Hectare,Tonnes,Tonne/Hectare,Black (Regur),66.7,Saline / Alkaline,Entisols,Lithic Ustorthents,Loamy,Shallow,Well drained,Neutral,Basalt,9
Maharashtra,Dhule,2018-2019,Groundnut,Summer,1370.0,1090.0,0.8,Hectare,Tonnes,Tonne/Hectare,Black (Regur),66.7,Saline / Alkaline,Entisols,Lithic Ustorthents,Loamy,Shallow,Well drained,Neutral,Basalt,9
Maharashtra,Dhule,2018-2019,Jowar,Kharif,25435.0,21189.0,0.83,Hectare,Tonnes,Tonne/Hectare,Black (Regur),66.7,Saline / Alkaline,Entisols,Lithic Ustorthents,Loamy,Shallow,Well drained,Neutral,Basalt,9
Maharashtra,Dhule,2018-2019,Jowar,Rabi,15990.0,11700.0,0.73,Hectare,Tonnes,Tonne/Hectare,Black (Regur),66.7,Saline / Alkaline,Entisols,Lithic Ustorthents,Loamy,Shallow,Well drained,Neutral,Basalt,9
Maharashtra,Dhule,2018-2019,Maize,Kharif,68048.0,141745.0,2.08,Hectare,Tonnes,Tonne/Hectare,Black (Regur),66.7,Saline / Alkaline,Entisols,Lithic Ustorthents,Loamy,Shallow,Well drained,Neutral,Basalt,9
Maharashtra,Dhule,2018-2019,Maize,Rabi,5630.0,15500.0,2.75,Hectare,Tonnes,Tonne/Hectare,Black (Regur),66.7,Saline / Alkaline,Entisols,Lithic Ustorthents,Loamy,Shallow,Well drained,Neutral,Basalt,9
Maharashtra,Dhule,2018-2019,Moong(Green Gram),Kharif,25285.0,9677.0,0.38,Hectare,Tonnes,Tonne/Hectare,Black (Regur),66.7,Saline / Alkaline,Entisols,Lithic Ustorthents,Loamy,Shallow,Well drained,Neutral,Basalt,9
Maharashtra,Dhule,2018-2019,Niger seed,Kharif,182.0,26.0,0.14,Hectare,Tonnes,Tonne/Hectare,Black (Regur),66.7,Saline / Alkaline,Entisols,Lithic Ustorthents,Loamy,Shallow,Well drained,Neutral,Basalt,9
Maharashtra,Dhule,2018-2019,Other Cereals,Kharif,441.0,243.0,0.55,Hectare,Tonnes,Tonne/Hectare,Black (Regur),66.7,Saline / Alkaline,Entisols,Lithic Ustorthents,Loamy,Shallow,Well drained,Neutral,Basalt,9
Maharashtra,Dhule,2018-2019,Other Cereals,Rabi,800.0,400.0,0.5,Hectare,Tonnes,Tonne/Hectare,Black (Regur),66.7,Saline / Alkaline,Entisols,Lithic Ustorthents,Loamy,Shallow,Well drained,Neutral,Basalt,9
Maharashtra,Dhule,2018-2019,Other Kharif pulses,Kharif,160.0,56.0,0.35,Hectare,Tonnes,Tonne/Hectare,Black (Regur),66.7,Saline / Alkaline,Entisols,Lithic Ustorthents,Loamy,Shallow,Well drained,Neutral,Basalt,9
Maharashtra,Dhule,2018-2019,Other Rabi pulses,Rabi,340.0,100.0,0.29,Hectare,Tonnes,Tonne/Hectare,Black (Regur),66.7,Saline / Alkaline,Entisols,Lithic Ustorthents,Loamy,Shallow,Well drained,Neutral,Basalt,9
Maharashtra,Dhule,2018-2019,Ragi,Kharif,1570.0,1042.0,0.66,Hectare,Tonnes,Tonne/Hectare,Black (Regur),66.7,Saline / Alkaline,Entisols,Lithic Ustorthents,Loamy,Shallow,Well drained,Neutral,Basalt,9
Maharashtra,Dhule,2018-2019,Rice,Kharif,6870.0,9305.0,1.35,Hectare,Tonnes,Tonne/Hectare,Black (Regur),66.7,Saline / Alkaline,Entisols,Lithic Ustorthents,Loamy,Shallow,Well drained,Neutral,Basalt,9
Maharashtra,Dhule,2018-2019,Sesamum,Kharif,16028.0,2559.0,0.16,Hectare,Tonnes,Tonne/Hectare,Black (Regur),66.7,Saline / Alkaline,Entisols,Lithic Ustorthents,Loamy,Shallow,Well drained,Neutral,Basalt,9
Maharashtra,Dhule,2018-2019,Soyabean,Kharif,20076.0,31835.0,1.59,Hectare,Tonnes,Tonne/Hectare,Black (Regur),66.7,Saline / Alkaline,Entisols,Lithic Ustorthents,Loamy,Shallow,Well drained,Neutral,Basalt,9
Maharashtra,Dhule,2018-2019,Sugarcane,Whole Year,2924.0,204680.0,70.0,Hectare,Tonnes,Tonne/Hectare,Black (Regur),66.7,Saline / Alkaline,Entisols,Lithic Ustorthents,Loamy,Shallow,Well drained,Neutral,Basalt,9
Maharashtra,Dhule,2018-2019,Urad,Kharif,9745.0,2831.0,0.29,Hectare,Tonnes,Tonne/Hectare,Black (Regur),66.7,Saline / Alkaline,Entisols,Lithic Ustorthents,Loamy,Shallow,Well drained,Neutral,Basalt,9
Maharashtra,Dhule,2018-2019,Wheat,Rabi,46520.0,80600.0,1.73,Hectare,Tonnes,Tonne/Hectare,Black (Regur),66.7,Saline / Alkaline,Entisols,Lithic Ustorthents,Loamy,Shallow,Well drained,Neutral,Basalt,9
Maharashtra,Gadchiroli,2018-2019,Arhar/Tur,Kharif,5409.0,5358.0,0.99,Hectare,Tonnes,Tonne/Hectare,Alluvial,66.7,Red & Yellow,Inceptisols,Typic Haplustepts,Loamy,Very deep,Well drained,Slightly acidic,Alluvium,9
Maharashtra,Gadchiroli,2018-2019,Cotton(lint),Kharif,6897.0,14773.0,2.14,Hectare,Bales,Bales/Hectare,Alluvial,66.7,Red & Yellow,Inceptisols,Typic Haplustepts,Loamy,Very deep,Well drained,Slightly acidic,Alluvium,9
Maharashtra,Gadchiroli,2018-2019,Gram,Rabi,13390.0,7800.0,0.58,Hectare,Tonnes,Tonne/Hectare,Alluvial,66.7,Red & Yellow,Inceptisols,Typic Haplustepts,Loamy,Very deep,Well drained,Slightly acidic,Alluvium,9
Maharashtra,Gadchiroli,2018-2019,Jowar,Rabi,1290.0,530.0,0.41,Hectare,Tonnes,Tonne/Hectare,Alluvial,66.7,Red & Yellow,Inceptisols,Typic Haplustepts,Loamy,Very deep,Well drained,Slightly acidic,Alluvium,9
Maharashtra,Gadchiroli,2018-2019,Linseed,Rabi,1078.0,300.0,0.28,Hectare,Tonnes,Tonne/Hectare,Alluvial,66.7,Red & Yellow,Inceptisols,Typic Haplustepts,Loamy,Very deep,Well drained,Slightly acidic,Alluvium,9
Maharashtra,Gadchiroli,2018-2019,Maize,Kharif,1383.0,1982.0,1.43,Hectare,Tonnes,Tonne/Hectare,Alluvial,66.7,Red & Yellow,Inceptisols,Typic Haplustepts,Loamy,Very deep,Well drained,Slightly acidic,Alluvium,9
Maharashtra,Gadchiroli,2018-2019,Maize,Rabi,620.0,400.0,0.65,Hectare,Tonnes,Tonne/Hectare,Alluvial,66.7,Red & Yellow,Inceptisols,Typic Haplustepts,Loamy,Very deep,Well drained,Slightly acidic,Alluvium,9
Maharashtra,Gadchiroli,2018-2019,Maize,Summer,70.0,50.0,0.71,Hectare,Tonnes,Tonne/Hectare,Alluvial,66.7,Red & Yellow,Inceptisols,Typic Haplustepts,Loamy,Very deep,Well drained,Slightly acidic,Alluvium,9
Maharashtra,Gadchiroli,2018-2019,Moong(Green Gram),Kharif,10.0,1.0,0.1,Hectare,Tonnes,Tonne/Hectare,Alluvial,66.7,Red & Yellow,Inceptisols,Typic Haplustepts,Loamy,Very deep,Well drained,Slightly acidic,Alluvium,9
Maharashtra,Gadchiroli,2018-2019,Other Cereals,Kharif,21.0,6.0,0.29,Hectare,Tonnes,Tonne/Hectare,Alluvial,66.7,Red & Yellow,Inceptisols,Typic Haplustepts,Loamy,Very deep,Well drained,Slightly acidic,Alluvium,9
Maharashtra,Gadchiroli,2018-2019,Other Kharif pulses,Kharif,130.0,39.0,0.3,Hectare,Tonnes,Tonne/Hectare,Alluvial,66.7,Red & Yellow,Inceptisols,Typic Haplustepts,Loamy,Very deep,Well drained,Slightly acidic,Alluvium,9
Maharashtra,Gadchiroli,2018-2019,Other Rabi pulses,Rabi,10550.0,4000.0,0.38,Hectare,Tonnes,Tonne/Hectare,Alluvial,66.7,Red & Yellow,Inceptisols,Typic Haplustepts,Loamy,Very deep,Well drained,Slightly acidic,Alluvium,9
Maharashtra,Gadchiroli,2018-2019,Rapeseed &Mustard,Rabi,410.0,100.0,0.24,Hectare,Tonnes,Tonne/Hectare,Alluvial,66.7,Red & Yellow,Inceptisols,Typic Haplustepts,Loamy,Very deep,Well drained,Slightly acidic,Alluvium,9
Maharashtra,Gadchiroli,2018-2019,Rice,Kharif,150119.0,269686.0,1.8,Hectare,Tonnes,Tonne/Hectare,Alluvial,66.7,Red & Yellow,Inceptisols,Typic Haplustepts,Loamy,Very deep,Well drained,Slightly acidic,Alluvium,9
Maharashtra,Gadchiroli,2018-2019,Rice,Summer,4040.0,7480.0,1.85,Hectare,Tonnes,Tonne/Hectare,Alluvial,66.7,Red & Yellow,Inceptisols,Typic Haplustepts,Loamy,Very deep,Well drained,Slightly acidic,Alluvium,9
Maharashtra,Gadchiroli,2018-2019,Sesamum,Kharif,299.0,78.0,0.26,Hectare,Tonnes,Tonne/Hectare,Alluvial,66.7,Red & Yellow,Inceptisols,Typic Haplustepts,Loamy,Very deep,Well drained,Slightly acidic,Alluvium,9
Maharashtra,Gadchiroli,2018-2019,Sesamum,Rabi,43.0,10.0,0.23,Hectare,Tonnes,Tonne/Hectare,Alluvial,66.7,Red & Yellow,Inceptisols,Typic Haplustepts,Loamy,Very deep,Well drained,Slightly acidic,Alluvium,9
Maharashtra,Gadchiroli,2018-2019,Soyabean,Kharif,164.0,376.0,2.29,Hectare,Tonnes,Tonne/Hectare,Alluvial,66.7,Red & Yellow,Inceptisols,Typic Haplustepts,Loamy,Very deep,Well drained,Slightly acidic,Alluvium,9
Maharashtra,Gadchiroli,2018-2019,Sugarcane,Whole Year,15.0,1009.0,67.27,Hectare,Tonnes,Tonne/Hectare,Alluvial,66.7,Red & Yellow,Inceptisols,Typic Haplustepts,Loamy,Very deep,Well drained,Slightly acidic,Alluvium,9
Maharashtra,Gadchiroli,2018-2019,Urad,Kharif,98.0,20.0,0.2,Hectare,Tonnes,Tonne/Hectare,Alluvial,66.7,Red & Yellow,Inceptisols,Typic Haplustepts,Loamy,Very deep,Well drained,Slightly acidic,Alluvium,9
Maharashtra,Gadchiroli,2018-2019,Wheat,Rabi,430.0,500.0,1.16,Hectare,Tonnes,Tonne/Hectare,Alluvial,66.7,Red & Yellow,Inceptisols,Typic Haplustepts,Loamy,Very deep,Well drained,Slightly acidic,Alluvium,9
Maharashtra,Gondia,2018-2019,Arhar/Tur,Kharif,5751.0,5696.0,0.99,Hectare,Tonnes,Tonne/Hectare,Black (Regur),71.4,Alluvial,Vertisols,Chromic Haplusterts,Clayey,Very deep,Moderately well drained,Slightly acidic,Alluvium,7
Maharashtra,Gondia,2018-2019,Gram,Rabi,4160.0,3200.0,0.77,Hectare,Tonnes,Tonne/Hectare,Black (Regur),71.4,Alluvial,Vertisols,Chromic Haplusterts,Clayey,Very deep,Moderately well drained,Slightly acidic,Alluvium,7
Maharashtra,Gondia,2018-2019,Linseed,Rabi,1688.0,400.0,0.24,Hectare,Tonnes,Tonne/Hectare,Black (Regur),71.4,Alluvial,Vertisols,Chromic Haplusterts,Clayey,Very deep,Moderately well drained,Slightly acidic,Alluvium,7
Maharashtra,Gondia,2018-2019,Maize,Rabi,10.0,,0.0,Hectare,Tonnes,Tonne/Hectare,Black (Regur),71.4,Alluvial,Vertisols,Chromic Haplusterts,Clayey,Very deep,Moderately well drained,Slightly acidic,Alluvium,7
Maharashtra,Gondia,2018-2019,Maize,Summer,30.0,20.0,0.67,Hectare,Tonnes,Tonne/Hectare,Black (Regur),71.4,Alluvial,Vertisols,Chromic Haplusterts,Clayey,Very deep,Moderately well drained,Slightly acidic,Alluvium,7
Maharashtra,Gondia,2018-2019,Moong(Green Gram),Kharif,1.0,,0.0,Hectare,Tonnes,Tonne/Hectare,Black (Regur),71.4,Alluvial,Vertisols,Chromic Haplusterts,Clayey,Very deep,Moderately well drained,Slightly acidic,Alluvium,7
Maharashtra,Gondia,2018-2019,Other Rabi pulses,Rabi,11280.0,5400.0,0.48,Hectare,Tonnes,Tonne/Hectare,Black (Regur),71.4,Alluvial,Vertisols,Chromic Haplusterts,Clayey,Very deep,Moderately well drained,Slightly acidic,Alluvium,7
Maharashtra,Gondia,2018-2019,Other Summer Pulses,Summer,10.0,4.0,0.4,Hectare,Tonnes,Tonne/Hectare,Black (Regur),71.4,Alluvial,Vertisols,Chromic Haplusterts,Clayey,Very deep,Moderately well drained,Slightly acidic,Alluvium,7
Maharashtra,Gondia,2018-2019,Rapeseed &Mustard,Rabi,114.0,43.0,0.38,Hectare,Tonnes,Tonne/Hectare,Black (Regur),71.4,Alluvial,Vertisols,Chromic Haplusterts,Clayey,Very deep,Moderately well drained,Slightly acidic,Alluvium,7
Maharashtra,Gondia,2018-2019,Rice,Kharif,128536.0,321010.0,2.5,Hectare,Tonnes,Tonne/Hectare,Black (Regur),71.4,Alluvial,Vertisols,Chromic Haplusterts,Clayey,Very deep,Moderately well drained,Slightly acidic,Alluvium,7
Maharashtra,Gondia,2018-2019,Rice,Summer,23510.0,69800.0,2.97,Hectare,Tonnes,Tonne/Hectare,Black (Regur),71.4,Alluvial,Vertisols,Chromic Haplusterts,Clayey,Very deep,Moderately well drained,Slightly acidic,Alluvium,7
Maharashtra,Gondia,2018-2019,Sesamum,Kharif,1300.0,338.0,0.26,Hectare,Tonnes,Tonne/Hectare,Black (Regur),71.4,Alluvial,Vertisols,Chromic Haplusterts,Clayey,Very deep,Moderately well drained,Slightly acidic,Alluvium,7
Maharashtra,Gondia,2018-2019,Sesamum,Rabi,32.0,,0.0,Hectare,Tonnes,Tonne/Hectare,Black (Regur),71.4,Alluvial,Vertisols,Chromic Haplusterts,Clayey,Very deep,Moderately well drained,Slightly acidic,Alluvium,7
Maharashtra,Gondia,2018-2019,Sesamum,Summer,3.0,1.0,0.33,Hectare,Tonnes,Tonne/Hectare,Black (Regur),71.4,Alluvial,Vertisols,Chromic Haplusterts,Clayey,Very deep,Moderately well drained,Slightly acidic,Alluvium,7
Maharashtra,Gondia,2018-2019,Sugarcane,Whole Year,1528.0,102812.0,67.29,Hectare,Tonnes,Tonne/Hectare,Black (Regur),71.4,Alluvial,Vertisols,Chromic Haplusterts,Clayey,Very deep,Moderately well drained,Slightly acidic,Alluvium,7
Maharashtra,Gondia,2018-2019,Wheat,Rabi,2540.0,3100.0,1.22,Hectare,Tonnes,Tonne/Hectare,Black (Regur),71.4,Alluvial,Vertisols,Chromic Haplusterts,Clayey,Very deep,Moderately well drained,Slightly acidic,Alluvium,7
Maharashtra,Hingoli,2018-2019,Arhar/Tur,Kharif,47044.0,18150.0,0.39,Hectare,Tonnes,Tonne/Hectare,Saline / Alkaline,77.8,Black (Regur),Vertisols,Chromic Haplusterts,Clayey,Deep,Imperfectly drained,Others,,9
Maharashtra,Hingoli,2018-2019,Castor seed,Kharif,266.0,88.0,0.33,Hectare,Tonnes,Tonne/Hectare,Saline / Alkaline,77.8,Black (Regur),Vertisols,Chromic Haplusterts,Clayey,Deep,Imperfectly drained,Others,,9
Maharashtra,Hingoli,2018-2019,Cotton(lint),Kharif,83681.0,163749.0,1.96,Hectare,Bales,Bales/Hectare,Saline / Alkaline,77.8,Black (Regur),Vertisols,Chromic Haplusterts,Clayey,Deep,Imperfectly drained,Others,,9
Maharashtra,Hingoli,2018-2019,Gram,Rabi,60650.0,43000.0,0.71,Hectare,Tonnes,Tonne/Hectare,Saline / Alkaline,77.8,Black (Regur),Vertisols,Chromic Haplusterts,Clayey,Deep,Imperfectly drained,Others,,9
Maharashtra,Hingoli,2018-2019,Groundnut,Kharif,538.0,259.2,0.48,Hectare,Tonnes,Tonne/Hectare,Saline / Alkaline,77.8,Black (Regur),Vertisols,Chromic Haplusterts,Clayey,Deep,Imperfectly drained,Others,,9
Maharashtra,Hingoli,2018-2019,Groundnut,Summer,225.0,190.0,0.84,Hectare,Tonnes,Tonne/Hectare,Saline / Alkaline,77.8,Black (Regur),Vertisols,Chromic Haplusterts,Clayey,Deep,Imperfectly drained,Others,,9
Maharashtra,Hingoli,2018-2019,Jowar,Kharif,56244.0,15813.0,0.28,Hectare,Tonnes,Tonne/Hectare,Saline / Alkaline,77.8,Black (Regur),Vertisols,Chromic Haplusterts,Clayey,Deep,Imperfectly drained,Others,,9
Maharashtra,Hingoli,2018-2019,Jowar,Rabi,6740.0,4700.0,0.7,Hectare,Tonnes,Tonne/Hectare,Saline / Alkaline,77.8,Black (Regur),Vertisols,Chromic Haplusterts,Clayey,Deep,Imperfectly drained,Others,,9
Maharashtra,Hingoli,2018-2019,Maize,Kharif,997.0,493.0,0.49,Hectare,Tonnes,Tonne/Hectare,Saline / Alkaline,77.8,Black (Regur),Vertisols,Chromic Haplusterts,Clayey,Deep,Imperfectly drained,Others,,9
Maharashtra,Hingoli,2018-2019,Maize,Rabi,97.0,100.0,1.03,Hectare,Tonnes,Tonne/Hectare,Saline / Alkaline,77.8,Black (Regur),Vertisols,Chromic Haplusterts,Clayey,Deep,Imperfectly drained,Others,,9
Maharashtra,Hingoli,2018-2019,Moong(Green Gram),Kharif,62967.0,41026.0,0.65,Hectare,Tonnes,Tonne/Hectare,Saline / Alkaline,77.8,Black (Regur),Vertisols,Chromic Haplusterts,Clayey,Deep,Imperfectly drained,Others,,9
Maharashtra,Hingoli,2018-2019,Other Cereals,Kharif,127.0,58.0,0.46,Hectare,Tonnes,Tonne/Hectare,Saline / Alkaline,77.8,Black (Regur),Vertisols,Chromic Haplusterts,Clayey,Deep,Imperfectly drained,Others,,9
Maharashtra,Hingoli,2018-2019,Other Cereals,Rabi,1390.0,610.0,0.44,Hectare,Tonnes,Tonne/Hectare,Saline / Alkaline,77.8,Black (Regur),Vertisols,Chromic Haplusterts,Clayey,Deep,Imperfectly drained,Others,,9
Maharashtra,Hingoli,2018-2019,Other Kharif pulses,Kharif,105.0,33.0,0.31,Hectare,Tonnes,Tonne/Hectare,Saline / Alkaline,77.8,Black (Regur),Vertisols,Chromic Haplusterts,Clayey,Deep,Imperfectly drained,Others,,9
Maharashtra,Hingoli,2018-2019,Other Rabi pulses,Rabi,60.0,20.0,0.33,Hectare,Tonnes,Tonne/Hectare,Saline / Alkaline,77.8,Black (Regur),Vertisols,Chromic Haplusterts,Clayey,Deep,Imperfectly drained,Others,,9
Maharashtra,Hingoli,2018-2019,Safflower,Rabi,5442.0,3530.0,0.65,Hectare,Tonnes,Tonne/Hectare,Saline / Alkaline,77.8,Black (Regur),Vertisols,Chromic Haplusterts,Clayey,Deep,Imperfectly drained,Others,,9
Maharashtra,Hingoli,2018-2019,Sesamum,Kharif,8.0,1.0,0.13,Hectare,Tonnes,Tonne/Hectare,Saline / Alkaline,77.8,Black (Regur),Vertisols,Chromic Haplusterts,Clayey,Deep,Imperfectly drained,Others,,9
Maharashtra,Hingoli,2018-2019,Sesamum,Rabi,52.0,6.0,0.12,Hectare,Tonnes,Tonne/Hectare,Saline / Alkaline,77.8,Black (Regur),Vertisols,Chromic Haplusterts,Clayey,Deep,Imperfectly drained,Others,,9
Maharashtra,Hingoli,2018-2019,Soyabean,Kharif,215800.0,300739.0,1.39,Hectare,Tonnes,Tonne/Hectare,Saline / Alkaline,77.8,Black (Regur),Vertisols,Chromic Haplusterts,Clayey,Deep,Imperfectly drained,Others,,9
Maharashtra,Hingoli,2018-2019,Sugarcane,Whole Year,11200.0,784000.0,70.0,Hectare,Tonnes,Tonne/Hectare,Saline / Alkaline,77.8,Black (Regur),Vertisols,Chromic Haplusterts,Clayey,Deep,Imperfectly drained,Others,,9
Maharashtra,Hingoli,2018-2019,Urad,Kharif,19804.0,13003.0,0.66,Hectare,Tonnes,Tonne/Hectare,Saline / Alkaline,77.8,Black (Regur),Vertisols,Chromic Haplusterts,Clayey,Deep,Imperfectly drained,Others,,9
Maharashtra,Hingoli,2018-2019,Wheat,Rabi,27100.0,35300.0,1.3,Hectare,Tonnes,Tonne/Hectare,Saline / Alkaline,77.8,Black (Regur),Vertisols,Chromic Haplusterts,Clayey,Deep,Imperfectly drained,Others,,9
Maharashtra,Jalgaon,2018-2019,Arhar/Tur,Kharif,20891.0,10516.0,0.5,Hectare,Tonnes,Tonne/Hectare,Black (Regur),100.0,,Vertisols,Chromic Haplusterts,Clayey,Very deep,Well drained,Slightly alkaline,Alluvium,9
Maharashtra,Jalgaon,2018-2019,Bajra,Kharif,20019.0,15573.0,0.78,Hectare,Tonnes,Tonne/Hectare,Black (Regur),100.0,,Vertisols,Chromic Haplusterts,Clayey,Very deep,Well drained,Slightly alkaline,Alluvium,9
Maharashtra,Jalgaon,2018-2019,Castor seed,Kharif,939.0,282.0,0.3,Hectare,Tonnes,Tonne/Hectare,Black (Regur),100.0,,Vertisols,Chromic Haplusterts,Clayey,Very deep,Well drained,Slightly alkaline,Alluvium,9
Maharashtra,Jalgaon,2018-2019,Cotton(lint),Kharif,503476.0,905203.0,1.8,Hectare,Bales,Bales/Hectare,Black (Regur),100.0,,Vertisols,Chromic Haplusterts,Clayey,Very deep,Well drained,Slightly alkaline,Alluvium,9
Maharashtra,Jalgaon,2018-2019,Gram,Rabi,65870.0,71000.0,1.08,Hectare,Tonnes,Tonne/Hectare,Black (Regur),100.0,,Vertisols,Chromic Haplusterts,Clayey,Very deep,Well drained,Slightly alkaline,Alluvium,9
Maharashtra,Jalgaon,2018-2019,Groundnut,Kharif,3395.0,2413.0,0.71,Hectare,Tonnes,Tonne/Hectare,Black (Regur),100.0,,Vertisols,Chromic Haplusterts,Clayey,Very deep,Well drained,Slightly alkaline,Alluvium,9
Maharashtra,Jalgaon,2018-2019,Groundnut,Summer,410.0,510.0,1.24,Hectare,Tonnes,Tonne/Hectare,Black (Regur),100.0,,Vertisols,Chromic Haplusterts,Clayey,Very deep,Well drained,Slightly alkaline,Alluvium,9
Maharashtra,Jalgaon,2018-2019,Jowar,Kharif,59327.0,87350.0,1.47,Hectare,Tonnes,Tonne/Hectare,Black (Regur),100.0,,Vertisols,Chromic Haplusterts,Clayey,Very deep,Well drained,Slightly alkaline,Alluvium,9
Maharashtra,Jalgaon,2018-2019,Jowar,Rabi,30704.0,44700.0,1.46,Hectare,Tonnes,Tonne/Hectare,Black (Regur),100.0,,Vertisols,Chromic Haplusterts,Clayey,Very deep,Well drained,Slightly alkaline,Alluvium,9
Maharashtra,Jalgaon,2018-2019,Maize,Kharif,125887.0,217339.0,1.73,Hectare,Tonnes,Tonne/Hectare,Black (Regur),100.0,,Vertisols,Chromic Haplusterts,Clayey,Very deep,Well drained,Slightly alkaline,Alluvium,9
Maharashtra,Jalgaon,2018-2019,Maize,Rabi,49060.0,129700.0,2.64,Hectare,Tonnes,Tonne/Hectare,Black (Regur),100.0,,Vertisols,Chromic Haplusterts,Clayey,Very deep,Well drained,Slightly alkaline,Alluvium,9
Maharashtra,Jalgaon,2018-2019,Maize,Summer,3100.0,4810.0,1.55,Hectare,Tonnes,Tonne/Hectare,Black (Regur),100.0,,Vertisols,Chromic Haplusterts,Clayey,Very deep,Well drained,Slightly alkaline,Alluvium,9
Maharashtra,Jalgaon,2018-2019,Moong(Green Gram),Kharif,31097.0,16852.0,0.54,Hectare,Tonnes,Tonne/Hectare,Black (Regur),100.0,,Vertisols,Chromic Haplusterts,Clayey,Very deep,Well drained,Slightly alkaline,Alluvium,9
Maharashtra,Jalgaon,2018-2019,Other Cereals,Kharif,1909.0,1359.0,0.71,Hectare,Tonnes,Tonne/Hectare,Black (Regur),100.0,,Vertisols,Chromic Haplusterts,Clayey,Very deep,Well drained,Slightly alkaline,Alluvium,9
Maharashtra,Jalgaon,2018-2019,Other Cereals,Rabi,690.0,400.0,0.58,Hectare,Tonnes,Tonne/Hectare,Black (Regur),100.0,,Vertisols,Chromic Haplusterts,Clayey,Very deep,Well drained,Slightly alkaline,Alluvium,9
Maharashtra,Jalgaon,2018-2019,Other Cereals,Summer,920.0,540.0,0.59,Hectare,Tonnes,Tonne/Hectare,Black (Regur),100.0,,Vertisols,Chromic Haplusterts,Clayey,Very deep,Well drained,Slightly alkaline,Alluvium,9
Maharashtra,Jalgaon,2018-2019,Other Kharif pulses,Kharif,1598.0,671.0,0.42,Hectare,Tonnes,Tonne/Hectare,Black (Regur),100.0,,Vertisols,Chromic Haplusterts,Clayey,Very deep,Well drained,Slightly alkaline,Alluvium,9
Maharashtra,Jalgaon,2018-2019,Sesamum,Kharif,3913.0,1165.0,0.3,Hectare,Tonnes,Tonne/Hectare,Black (Regur),100.0,,Vertisols,Chromic Haplusterts,Clayey,Very deep,Well drained,Slightly alkaline,Alluvium,9
Maharashtra,Jalgaon,2018-2019,Soyabean,Kharif,32232.0,46823.0,1.45,Hectare,Tonnes,Tonne/Hectare,Black (Regur),100.0,,Vertisols,Chromic Haplusterts,Clayey,Very deep,Well drained,Slightly alkaline,Alluvium,9
Maharashtra,Jalgaon,2018-2019,Sugarcane,Whole Year,10006.0,689413.0,68.9,Hectare,Tonnes,Tonne/Hectare,Black (Regur),100.0,,Vertisols,Chromic Haplusterts,Clayey,Very deep,Well drained,Slightly alkaline,Alluvium,9
Maharashtra,Jalgaon,2018-2019,Urad,Kharif,30722.0,10486.0,0.34,Hectare,Tonnes,Tonne/Hectare,Black (Regur),100.0,,Vertisols,Chromic Haplusterts,Clayey,Very deep,Well drained,Slightly alkaline,Alluvium,9
Maharashtra,Jalgaon,2018-2019,Wheat,Rabi,41540.0,55500.0,1.34,Hectare,Tonnes,Tonne/Hectare,Black (Regur),100.0,,Vertisols,Chromic Haplusterts,Clayey,Very deep,Well drained,Slightly alkaline,Alluvium,9
Maharashtra,Jalna,2018-2019,Arhar/Tur,Kharif,54333.0,19263.0,0.35,Hectare,Tonnes,Tonne/Hectare,Black (Regur),100.0,,Entisols,Lithic Ustorthents,Loamy,Shallow,Well drained,Neutral,Basalt,9
Maharashtra,Jalna,2018-2019,Bajra,Kharif,12362.0,4268.0,0.35,Hectare,Tonnes,Tonne/Hectare,Black (Regur),100.0,,Entisols,Lithic Ustorthents,Loamy,Shallow,Well drained,Neutral,Basalt,9
Maharashtra,Jalna,2018-2019,Castor seed,Kharif,136.0,19.0,0.14,Hectare,Tonnes,Tonne/Hectare,Black (Regur),100.0,,Entisols,Lithic Ustorthents,Loamy,Shallow,Well drained,Neutral,Basalt,9
Maharashtra,Jalna,2018-2019,Cotton(lint),Kharif,302725.0,347347.0,1.15,Hectare,Bales,Bales/Hectare,Black (Regur),100.0,,Entisols,Lithic Ustorthents,Loamy,Shallow,Well drained,Neutral,Basalt,9
Maharashtra,Jalna,2018-2019,Gram,Rabi,23880.0,11200.0,0.47,Hectare,Tonnes,Tonne/Hectare,Black (Regur),100.0,,Entisols,Lithic Ustorthents,Loamy,Shallow,Well drained,Neutral,Basalt,9
Maharashtra,Jalna,2018-2019,Groundnut,Kharif,910.0,1199.0,1.32,Hectare,Tonnes,Tonne/Hectare,Black (Regur),100.0,,Entisols,Lithic Ustorthents,Loamy,Shallow,Well drained,Neutral,Basalt,9
Maharashtra,Jalna,2018-2019,Groundnut,Summer,255.0,210.0,0.82,Hectare,Tonnes,Tonne/Hectare,Black (Regur),100.0,,Entisols,Lithic Ustorthents,Loamy,Shallow,Well drained,Neutral,Basalt,9
Maharashtra,Jalna,2018-2019,Jowar,Kharif,161.0,35.0,0.22,Hectare,Tonnes,Tonne/Hectare,Black (Regur),100.0,,Entisols,Lithic Ustorthents,Loamy,Shallow,Well drained,Neutral,Basalt,9
Maharashtra,Jalna,2018-2019,Jowar,Rabi,51070.0,23800.0,0.47,Hectare,Tonnes,Tonne/Hectare,Black (Regur),100.0,,Entisols,Lithic Ustorthents,Loamy,Shallow,Well drained,Neutral,Basalt,9
Maharashtra,Jalna,2018-2019,Maize,Kharif,42838.0,57227.0,1.34,Hectare,Tonnes,Tonne/Hectare,Black (Regur),100.0,,Entisols,Lithic Ustorthents,Loamy,Shallow,Well drained,Neutral,Basalt,9
Maharashtra,Jalna,2018-2019,Maize,Rabi,1830.0,2500.0,1.37,Hectare,Tonnes,Tonne/Hectare,Black (Regur),100.0,,Entisols,Lithic Ustorthents,Loamy,Shallow,Well drained,Neutral,Basalt,9
Maharashtra,Jalna,2018-2019,Maize,Summer,48.0,40.0,0.83,Hectare,Tonnes,Tonne/Hectare,Black (Regur),100.0,,Entisols,Lithic Ustorthents,Loamy,Shallow,Well drained,Neutral,Basalt,9
Maharashtra,Jalna,2018-2019,Moong(Green Gram),Kharif,25657.0,5901.0,0.23,Hectare,Tonnes,Tonne/Hectare,Black (Regur),100.0,,Entisols,Lithic Ustorthents,Loamy,Shallow,Well drained,Neutral,Basalt,9
Maharashtra,Jalna,2018-2019,Other Cereals,Kharif,148.0,25.0,0.17,Hectare,Tonnes,Tonne/Hectare,Black (Regur),100.0,,Entisols,Lithic Ustorthents,Loamy,Shallow,Well drained,Neutral,Basalt,9
Maharashtra,Jalna,2018-2019,Other Cereals,Rabi,4.0,2.0,0.5,Hectare,Tonnes,Tonne/Hectare,Black (Regur),100.0,,Entisols,Lithic Ustorthents,Loamy,Shallow,Well drained,Neutral,Basalt,9
Maharashtra,Jalna,2018-2019,Other Kharif pulses,Kharif,1094.0,209.0,0.19,Hectare,Tonnes,Tonne/Hectare,Black (Regur),100.0,,Entisols,Lithic Ustorthents,Loamy,Shallow,Well drained,Neutral,Basalt,9
Maharashtra,Jalna,2018-2019,Safflower,Rabi,634.0,200.0,0.32,Hectare,Tonnes,Tonne/Hectare,Black (Regur),100.0,,Entisols,Lithic Ustorthents,Loamy,Shallow,Well drained,Neutral,Basalt,9
Maharashtra,Jalna,2018-2019,Soyabean,Kharif,135760.0,122115.0,0.9,Hectare,Tonnes,Tonne/Hectare,Black (Regur),100.0,,Entisols,Lithic Ustorthents,Loamy,Shallow,Well drained,Neutral,Basalt,9
Maharashtra,Jalna,2018-2019,Sugarcane,Whole Year,37766.0,2001598.0,53.0,Hectare,Tonnes,Tonne/Hectare,Black (Regur),100.0,,Entisols,Lithic Ustorthents,Loamy,Shallow,Well drained,Neutral,Basalt,9
Maharashtra,Jalna,2018-2019,Sunflower,Kharif,120.0,,0.0,Hectare,Tonnes,Tonne/Hectare,Black (Regur),100.0,,Entisols,Lithic Ustorthents,Loamy,Shallow,Well drained,Neutral,Basalt,9
Maharashtra,Jalna,2018-2019,Urad,Kharif,10671.0,3056.0,0.29,Hectare,Tonnes,Tonne/Hectare,Black (Regur),100.0,,Entisols,Lithic Ustorthents,Loamy,Shallow,Well drained,Neutral,Basalt,9
Maharashtra,Jalna,2018-2019,Wheat,Rabi,14730.0,15500.0,1.05,Hectare,Tonnes,Tonne/Hectare,Black (Regur),100.0,,Entisols,Lithic Ustorthents,Loamy,Shallow,Well drained,Neutral,Basalt,9
Maharashtra,Kolhapur,2018-2019,Arhar/Tur,Kharif,1887.0,2504.0,1.33,Hectare,Tonnes,Tonne/Hectare,Red & Yellow,44.4,Mountain / Forest,Entisols,Lithic Ustorthents,Loamy,Shallow,Excessively drained,Others,,9
Maharashtra,Kolhapur,2018-2019,Gram,Rabi,5430.0,6400.0,1.18,Hectare,Tonnes,Tonne/Hectare,Red & Yellow,44.4,Mountain / Forest,Entisols,Lithic Ustorthents,Loamy,Shallow,Excessively drained,Others,,9
Maharashtra,Kolhapur,2018-2019,Groundnut,Kharif,42203.0,60741.0,1.44,Hectare,Tonnes,Tonne/Hectare,Red & Yellow,44.4,Mountain / Forest,Entisols,Lithic Ustorthents,Loamy,Shallow,Excessively drained,Others,,9
Maharashtra,Kolhapur,2018-2019,Groundnut,Summer,700.0,1670.0,2.39,Hectare,Tonnes,Tonne/Hectare,Red & Yellow,44.4,Mountain / Forest,Entisols,Lithic Ustorthents,Loamy,Shallow,Excessively drained,Others,,9
Maharashtra,Kolhapur,2018-2019,Jowar,Kharif,3109.0,4437.0,1.43,Hectare,Tonnes,Tonne/Hectare,Red & Yellow,44.4,Mountain / Forest,Entisols,Lithic Ustorthents,Loamy,Shallow,Excessively drained,Others,,9
Maharashtra,Kolhapur,2018-2019,Jowar,Rabi,12200.0,16600.0,1.36,Hectare,Tonnes,Tonne/Hectare,Red & Yellow,44.4,Mountain / Forest,Entisols,Lithic Ustorthents,Loamy,Shallow,Excessively drained,Others,,9
Maharashtra,Kolhapur,2018-2019,Maize,Kharif,2434.0,7363.0,3.03,Hectare,Tonnes,Tonne/Hectare,Red & Yellow,44.4,Mountain / Forest,Entisols,Lithic Ustorthents,Loamy,Shallow,Excessively drained,Others,,9
Maharashtra,Kolhapur,2018-2019,Maize,Rabi,2320.0,9300.0,4.01,Hectare,Tonnes,Tonne/Hectare,Red & Yellow,44.4,Mountain / Forest,Entisols,Lithic Ustorthents,Loamy,Shallow,Excessively drained,Others,,9
Maharashtra,Kolhapur,2018-2019,Maize,Summer,660.0,1620.0,2.45,Hectare,Tonnes,Tonne/Hectare,Red & Yellow,44.4,Mountain / Forest,Entisols,Lithic Ustorthents,Loamy,Shallow,Excessively drained,Others,,9
Maharashtra,Kolhapur,2018-2019,Moong(Green Gram),Kharif,1381.0,829.0,0.6,Hectare,Tonnes,Tonne/Hectare,Red & Yellow,44.4,Mountain / Forest,Entisols,Lithic Ustorthents,Loamy,Shallow,Excessively drained,Others,,9
Maharashtra,Kolhapur,2018-2019,Other Cereals,Kharif,387.0,194.0,0.5,Hectare,Tonnes,Tonne/Hectare,Red & Yellow,44.4,Mountain / Forest,Entisols,Lithic Ustorthents,Loamy,Shallow,Excessively drained,Others,,9
Maharashtra,Kolhapur,2018-2019,Other Kharif pulses,Kharif,1847.0,1256.0,0.68,Hectare,Tonnes,Tonne/Hectare,Red & Yellow,44.4,Mountain / Forest,Entisols,Lithic Ustorthents,Loamy,Shallow,Excessively drained,Others,,9
Maharashtra,Kolhapur,2018-2019,Other Rabi pulses,Rabi,800.0,300.0,0.38,Hectare,Tonnes,Tonne/Hectare,Red & Yellow,44.4,Mountain / Forest,Entisols,Lithic Ustorthents,Loamy,Shallow,Excessively drained,Others,,9
Maharashtra,Kolhapur,2018-2019,Other Summer Pulses,Summer,30.0,10.0,0.33,Hectare,Tonnes,Tonne/Hectare,Red & Yellow,44.4,Mountain / Forest,Entisols,Lithic Ustorthents,Loamy,Shallow,Excessively drained,Others,,9
Maharashtra,Kolhapur,2018-2019,Ragi,Kharif,19332.0,31077.0,1.61,Hectare,Tonnes,Tonne/Hectare,Red & Yellow,44.4,Mountain / Forest,Entisols,Lithic Ustorthents,Loamy,Shallow,Excessively drained,Others,,9
Maharashtra,Kolhapur,2018-2019,Rice,Kharif,106512.0,327615.0,3.08,Hectare,Tonnes,Tonne/Hectare,Red & Yellow,44.4,Mountain / Forest,Entisols,Lithic Ustorthents,Loamy,Shallow,Excessively drained,Others,,9
Maharashtra,Kolhapur,2018-2019,Rice,Summer,390.0,1330.0,3.41,Hectare,Tonnes,Tonne/Hectare,Red & Yellow,44.4,Mountain / Forest,Entisols,Lithic Ustorthents,Loamy,Shallow,Excessively drained,Others,,9
Maharashtra,Kolhapur,2018-2019,Soyabean,Kharif,47645.0,105099.0,2.21,Hectare,Tonnes,Tonne/Hectare,Red & Yellow,44.4,Mountain / Forest,Entisols,Lithic Ustorthents,Loamy,Shallow,Excessively drained,Others,,9
Maharashtra,Kolhapur,2018-2019,Sugarcane,Whole Year,149280.0,12491750.0,83.68,Hectare,Tonnes,Tonne/Hectare,Red & Yellow,44.4,Mountain / Forest,Entisols,Lithic Ustorthents,Loamy,Shallow,Excessively drained,Others,,9
Maharashtra,Kolhapur,2018-2019,Sunflower,Kharif,220.0,,0.0,Hectare,Tonnes,Tonne/Hectare,Red & Yellow,44.4,Mountain / Forest,Entisols,Lithic Ustorthents,Loamy,Shallow,Excessively drained,Others,,9
Maharashtra,Kolhapur,2018-2019,Sunflower,Summer,178.0,350.0,1.97,Hectare,Tonnes,Tonne/Hectare,Red & Yellow,44.4,Mountain / Forest,Entisols,Lithic Ustorthents,Loamy,Shallow,Excessively drained,Others,,9
Maharashtra,Kolhapur,2018-2019,Tobacco,Whole Year,460.0,803.0,1.75,Hectare,Tonnes,Tonne/Hectare,Red & Yellow,44.4,Mountain / Forest,Entisols,Lithic Ustorthents,Loamy,Shallow,Excessively drained,Others,,9
Maharashtra,Kolhapur,2018-2019,Urad,Kharif,1447.0,647.0,0.45,Hectare,Tonnes,Tonne/Hectare,Red & Yellow,44.4,Mountain / Forest,Entisols,Lithic Ustorthents,Loamy,Shallow,Excessively drained,Others,,9
Maharashtra,Kolhapur,2018-2019,Wheat,Rabi,3340.0,8200.0,2.46,Hectare,Tonnes,Tonne/Hectare,Red & Yellow,44.4,Mountain / Forest,Entisols,Lithic Ustorthents,Loamy,Shallow,Excessively drained,Others,,9
Maharashtra,Latur,2018-2019,Arhar/Tur,Kharif,114087.0,54420.0,0.48,Hectare,Tonnes,Tonne/Hectare,Black (Regur),55.6,Alluvial,Entisols,Lithic Ustorthents,Clayey,Shallow,Well drained,Slightly alkaline,Basalt,9
Maharashtra,Latur,2018-2019,Bajra,Kharif,1549.0,378.0,0.24,Hectare,Tonnes,Tonne/Hectare,Black (Regur),55.6,Alluvial,Entisols,Lithic Ustorthents,Clayey,Shallow,Well drained,Slightly alkaline,Basalt,9
Maharashtra,Latur,2018-2019,Castor seed,Kharif,638.0,134.0,0.21,Hectare,Tonnes,Tonne/Hectare,Black (Regur),55.6,Alluvial,Entisols,Lithic Ustorthents,Clayey,Shallow,Well drained,Slightly alkaline,Basalt,9
Maharashtra,Latur,2018-2019,Cotton(lint),Kharif,5861.0,4963.0,0.85,Hectare,Bales,Bales/Hectare,Black (Regur),55.6,Alluvial,Entisols,Lithic Ustorthents,Clayey,Shallow,Well drained,Slightly alkaline,Basalt,9
Maharashtra,Latur,2018-2019,Gram,Rabi,142580.0,77600.0,0.54,Hectare,Tonnes,Tonne/Hectare,Black (Regur),55.6,Alluvial,Entisols,Lithic Ustorthents,Clayey,Shallow,Well drained,Slightly alkaline,Basalt,9
Maharashtra,Latur,2018-2019,Groundnut,Kharif,1363.0,434.0,0.32,Hectare,Tonnes,Tonne/Hectare,Black (Regur),55.6,Alluvial,Entisols,Lithic Ustorthents,Clayey,Shallow,Well drained,Slightly alkaline,Basalt,9
Maharashtra,Latur,2018-2019,Groundnut,Summer,20.0,20.0,1.0,Hectare,Tonnes,Tonne/Hectare,Black (Regur),55.6,Alluvial,Entisols,Lithic Ustorthents,Clayey,Shallow,Well drained,Slightly alkaline,Basalt,9
Maharashtra,Latur,2018-2019,Jowar,Kharif,79498.0,56006.0,0.7,Hectare,Tonnes,Tonne/Hectare,Black (Regur),55.6,Alluvial,Entisols,Lithic Ustorthents,Clayey,Shallow,Well drained,Slightly alkaline,Basalt,9
Maharashtra,Latur,2018-2019,Jowar,Rabi,23800.0,16200.0,0.68,Hectare,Tonnes,Tonne/Hectare,Black (Regur),55.6,Alluvial,Entisols,Lithic Ustorthents,Clayey,Shallow,Well drained,Slightly alkaline,Basalt,9
Maharashtra,Latur,2018-2019,Linseed,Rabi,174.0,70.0,0.4,Hectare,Tonnes,Tonne/Hectare,Black (Regur),55.6,Alluvial,Entisols,Lithic Ustorthents,Clayey,Shallow,Well drained,Slightly alkaline,Basalt,9
Maharashtra,Latur,2018-2019,Maize,Kharif,7339.0,4957.0,0.68,Hectare,Tonnes,Tonne/Hectare,Black (Regur),55.6,Alluvial,Entisols,Lithic Ustorthents,Clayey,Shallow,Well drained,Slightly alkaline,Basalt,9
Maharashtra,Latur,2018-2019,Maize,Rabi,3560.0,1000.0,0.28,Hectare,Tonnes,Tonne/Hectare,Black (Regur),55.6,Alluvial,Entisols,Lithic Ustorthents,Clayey,Shallow,Well drained,Slightly alkaline,Basalt,9
Maharashtra,Latur,2018-2019,Moong(Green Gram),Kharif,16227.0,7117.0,0.44,Hectare,Tonnes,Tonne/Hectare,Black (Regur),55.6,Alluvial,Entisols,Lithic Ustorthents,Clayey,Shallow,Well drained,Slightly alkaline,Basalt,9
Maharashtra,Latur,2018-2019,Niger seed,Kharif,769.0,75.0,0.1,Hectare,Tonnes,Tonne/Hectare,Black (Regur),55.6,Alluvial,Entisols,Lithic Ustorthents,Clayey,Shallow,Well drained,Slightly alkaline,Basalt,9
Maharashtra,Latur,2018-2019,Other Cereals,Kharif,1643.0,493.0,0.3,Hectare,Tonnes,Tonne/Hectare,Black (Regur),55.6,Alluvial,Entisols,Lithic Ustorthents,Clayey,Shallow,Well drained,Slightly alkaline,Basalt,9
Maharashtra,Latur,2018-2019,Other Cereals,Rabi,10.0,,0.0,Hectare,Tonnes,Tonne/Hectare,Black (Regur),55.6,Alluvial,Entisols,Lithic Ustorthents,Clayey,Shallow,Well drained,Slightly alkaline,Basalt,9
Maharashtra,Latur,2018-2019,Other Kharif pulses,Kharif,1303.0,404.0,0.31,Hectare,Tonnes,Tonne/Hectare,Black (Regur),55.6,Alluvial,Entisols,Lithic Ustorthents,Clayey,Shallow,Well drained,Slightly alkaline,Basalt,9
Maharashtra,Latur,2018-2019,Rapeseed &Mustard,Rabi,60.0,19.0,0.32,Hectare,Tonnes,Tonne/Hectare,Black (Regur),55.6,Alluvial,Entisols,Lithic Ustorthents,Clayey,Shallow,Well drained,Slightly alkaline,Basalt,9
Maharashtra,Latur,2018-2019,Rice,Kharif,1945.0,404.0,0.21,Hectare,Tonnes,Tonne/Hectare,Black (Regur),55.6,Alluvial,Entisols,Lithic Ustorthents,Clayey,Shallow,Well drained,Slightly alkaline,Basalt,9
Maharashtra,Latur,2018-2019,Safflower,Rabi,5770.0,1700.0,0.29,Hectare,Tonnes,Tonne/Hectare,Black (Regur),55.6,Alluvial,Entisols,Lithic Ustorthents,Clayey,Shallow,Well drained,Slightly alkaline,Basalt,9
Maharashtra,Latur,2018-2019,Sesamum,Kharif,2821.0,286.0,0.1,Hectare,Tonnes,Tonne/Hectare,Black (Regur),55.6,Alluvial,Entisols,Lithic Ustorthents,Clayey,Shallow,Well drained,Slightly alkaline,Basalt,9
Maharashtra,Latur,2018-2019,Soyabean,Kharif,435969.0,445480.0,1.02,Hectare,Tonnes,Tonne/Hectare,Black (Regur),55.6,Alluvial,Entisols,Lithic Ustorthents,Clayey,Shallow,Well drained,Slightly alkaline,Basalt,9
Maharashtra,Latur,2018-2019,Sugarcane,Whole Year,62300.0,3774134.0,60.58,Hectare,Tonnes,Tonne/Hectare,Black (Regur),55.6,Alluvial,Entisols,Lithic Ustorthents,Clayey,Shallow,Well drained,Slightly alkaline,Basalt,9
Maharashtra,Latur,2018-2019,Sunflower,Kharif,410.0,50.0,0.12,Hectare,Tonnes,Tonne/Hectare,Black (Regur),55.6,Alluvial,Entisols,Lithic Ustorthents,Clayey,Shallow,Well drained,Slightly alkaline,Basalt,9
Maharashtra,Latur,2018-2019,Urad,Kharif,10632.0,5326.0,0.5,Hectare,Tonnes,Tonne/Hectare,Black (Regur),55.6,Alluvial,Entisols,Lithic Ustorthents,Clayey,Shallow,Well drained,Slightly alkaline,Basalt,9
Maharashtra,Latur,2018-2019,Wheat,Rabi,8720.0,3300.0,0.38,Hectare,Tonnes,Tonne/Hectare,Black (Regur),55.6,Alluvial,Entisols,Lithic Ustorthents,Clayey,Shallow,Well drained,Slightly alkaline,Basalt,9
Maharashtra,Nagpur,2018-2019,Arhar/Tur,Kharif,63334.0,49192.0,0.78,Hectare,Tonnes,Tonne/Hectare,Black (Regur),100.0,,Vertisols,Chromic Haplusterts,Clayey,Very deep,Moderately well drained,Neutral,Alluvium,9
Maharashtra,Nagpur,2018-2019,Castor seed,Kharif,98.0,25.0,0.26,Hectare,Tonnes,Tonne/Hectare,Black (Regur),100.0,,Vertisols,Chromic Haplusterts,Clayey,Very deep,Moderately well drained,Neutral,Alluvium,9
Maharashtra,Nagpur,2018-2019,Cotton(lint),Kharif,142626.0,324685.0,2.28,Hectare,Bales,Bales/Hectare,Black (Regur),100.0,,Vertisols,Chromic Haplusterts,Clayey,Very deep,Moderately well drained,Neutral,Alluvium,9
Maharashtra,Nagpur,2018-2019,Gram,Rabi,58670.0,65100.0,1.11,Hectare,Tonnes,Tonne/Hectare,Black (Regur),100.0,,Vertisols,Chromic Haplusterts,Clayey,Very deep,Moderately well drained,Neutral,Alluvium,9
Maharashtra,Nagpur,2018-2019,Groundnut,Kharif,2117.0,1078.0,0.51,Hectare,Tonnes,Tonne/Hectare,Black (Regur),100.0,,Vertisols,Chromic Haplusterts,Clayey,Very deep,Moderately well drained,Neutral,Alluvium,9
Maharashtra,Nagpur,2018-2019,Groundnut,Summer,170.0,230.0,1.35,Hectare,Tonnes,Tonne/Hectare,Black (Regur),100.0,,Vertisols,Chromic Haplusterts,Clayey,Very deep,Moderately well drained,Neutral,Alluvium,9
Maharashtra,Nagpur,2018-2019,Jowar,Kharif,2238.0,982.0,0.44,Hectare,Tonnes,Tonne/Hectare,Black (Regur),100.0,,Vertisols,Chromic Haplusterts,Clayey,Very deep,Moderately well drained,Neutral,Alluvium,9
Maharashtra,Nagpur,2018-2019,Jowar,Rabi,6.0,,0.0,Hectare,Tonnes,Tonne/Hectare,Black (Regur),100.0,,Vertisols,Chromic Haplusterts,Clayey,Very deep,Moderately well drained,Neutral,Alluvium,9
Maharashtra,Nagpur,2018-2019,Linseed,Rabi,2.0,,0.0,Hectare,Tonnes,Tonne/Hectare,Black (Regur),100.0,,Vertisols,Chromic Haplusterts,Clayey,Very deep,Moderately well drained,Neutral,Alluvium,9
Maharashtra,Nagpur,2018-2019,Maize,Rabi,10.0,,0.0,Hectare,Tonnes,Tonne/Hectare,Black (Regur),100.0,,Vertisols,Chromic Haplusterts,Clayey,Very deep,Moderately well drained,Neutral,Alluvium,9
Maharashtra,Nagpur,2018-2019,Maize,Summer,1080.0,390.0,0.36,Hectare,Tonnes,Tonne/Hectare,Black (Regur),100.0,,Vertisols,Chromic Haplusterts,Clayey,Very deep,Moderately well drained,Neutral,Alluvium,9
Maharashtra,Nagpur,2018-2019,Moong(Green Gram),Kharif,719.0,65.0,0.09,Hectare,Tonnes,Tonne/Hectare,Black (Regur),100.0,,Vertisols,Chromic Haplusterts,Clayey,Very deep,Moderately well drained,Neutral,Alluvium,9
Maharashtra,Nagpur,2018-2019,Other Cereals,Kharif,71.0,21.0,0.3,Hectare,Tonnes,Tonne/Hectare,Black (Regur),100.0,,Vertisols,Chromic Haplusterts,Clayey,Very deep,Moderately well drained,Neutral,Alluvium,9
Maharashtra,Nagpur,2018-2019,Other Cereals,Rabi,10.0,2.0,0.2,Hectare,Tonnes,Tonne/Hectare,Black (Regur),100.0,,Vertisols,Chromic Haplusterts,Clayey,Very deep,Moderately well drained,Neutral,Alluvium,9
Maharashtra,Nagpur,2018-2019,Other Kharif pulses,Kharif,484.0,218.0,0.45,Hectare,Tonnes,Tonne/Hectare,Black (Regur),100.0,,Vertisols,Chromic Haplusterts,Clayey,Very deep,Moderately well drained,Neutral,Alluvium,9
Maharashtra,Nagpur,2018-2019,Other Rabi pulses,Rabi,740.0,300.0,0.41,Hectare,Tonnes,Tonne/Hectare,Black (Regur),100.0,,Vertisols,Chromic Haplusterts,Clayey,Very deep,Moderately well drained,Neutral,Alluvium,9
Maharashtra,Nagpur,2018-2019,Rapeseed &Mustard,Rabi,110.0,41.0,0.37,Hectare,Tonnes,Tonne/Hectare,Black (Regur),100.0,,Vertisols,Chromic Haplusterts,Clayey,Very deep,Moderately well drained,Neutral,Alluvium,9
Maharashtra,Nagpur,2018-2019,Rice,Kharif,98186.0,203262.0,2.07,Hectare,Tonnes,Tonne/Hectare,Black (Regur),100.0,,Vertisols,Chromic Haplusterts,Clayey,Very deep,Moderately well drained,Neutral,Alluvium,9
Maharashtra,Nagpur,2018-2019,Rice,Summer,24.0,70.0,2.92,Hectare,Tonnes,Tonne/Hectare,Black (Regur),100.0,,Vertisols,Chromic Haplusterts,Clayey,Very deep,Moderately well drained,Neutral,Alluvium,9
Maharashtra,Nagpur,2018-2019,Soyabean,Kharif,133267.0,108020.0,0.81,Hectare,Tonnes,Tonne/Hectare,Black (Regur),100.0,,Vertisols,Chromic Haplusterts,Clayey,Very deep,Moderately well drained,Neutral,Alluvium,9
Maharashtra,Nagpur,2018-2019,Sugarcane,Whole Year,4757.0,264394.0,55.58,Hectare,Tonnes,Tonne/Hectare,Black (Regur),100.0,,Vertisols,Chromic Haplusterts,Clayey,Very deep,Moderately well drained,Neutral,Alluvium,9
Maharashtra,Nagpur,2018-2019,Sunflower,Kharif,10.0,,0.0,Hectare,Tonnes,Tonne/Hectare,Black (Regur),100.0,,Vertisols,Chromic Haplusterts,Clayey,Very deep,Moderately well drained,Neutral,Alluvium,9
Maharashtra,Nagpur,2018-2019,Urad,Kharif,745.0,153.0,0.21,Hectare,Tonnes,Tonne/Hectare,Black (Regur),100.0,,Vertisols,Chromic Haplusterts,Clayey,Very deep,Moderately well drained,Neutral,Alluvium,9
Maharashtra,Nagpur,2018-2019,Wheat,Rabi,127830.0,215400.0,1.69,Hectare,Tonnes,Tonne/Hectare,Black (Regur),100.0,,Vertisols,Chromic Haplusterts,Clayey,Very deep,Moderately well drained,Neutral,Alluvium,9
Maharashtra,Nanded,2018-2019,Arhar/Tur,Kharif,74341.0,68706.0,0.92,Hectare,Tonnes,Tonne/Hectare,Black (Regur),88.9,Other,Vertisols,Chromic Haplusterts,Clayey,Very deep,Moderately well drained,Slightly alkaline,Alluvium,9
Maharashtra,Nanded,2018-2019,Castor seed,Kharif,14.0,3.0,0.21,Hectare,Tonnes,Tonne/Hectare,Black (Regur),88.9,Other,Vertisols,Chromic Haplusterts,Clayey,Very deep,Moderately well drained,Slightly alkaline,Alluvium,9
Maharashtra,Nanded,2018-2019,Cotton(lint),Kharif,240876.0,364857.0,1.51,Hectare,Bales,Bales/Hectare,Black (Regur),88.9,Other,Vertisols,Chromic Haplusterts,Clayey,Very deep,Moderately well drained,Slightly alkaline,Alluvium,9
Maharashtra,Nanded,2018-2019,Gram,Rabi,106640.0,133200.0,1.25,Hectare,Tonnes,Tonne/Hectare,Black (Regur),88.9,Other,Vertisols,Chromic Haplusterts,Clayey,Very deep,Moderately well drained,Slightly alkaline,Alluvium,9
Maharashtra,Nanded,2018-2019,Groundnut,Kharif,72.0,35.0,0.49,Hectare,Tonnes,Tonne/Hectare,Black (Regur),88.9,Other,Vertisols,Chromic Haplusterts,Clayey,Very deep,Moderately well drained,Slightly alkaline,Alluvium,9
Maharashtra,Nanded,2018-2019,Groundnut,Summer,2880.0,2400.0,0.83,Hectare,Tonnes,Tonne/Hectare,Black (Regur),88.9,Other,Vertisols,Chromic Haplusterts,Clayey,Very deep,Moderately well drained,Slightly alkaline,Alluvium,9
Maharashtra,Nanded,2018-2019,Jowar,Kharif,88197.0,61106.0,0.69,Hectare,Tonnes,Tonne/Hectare,Black (Regur),88.9,Other,Vertisols,Chromic Haplusterts,Clayey,Very deep,Moderately well drained,Slightly alkaline,Alluvium,9
Maharashtra,Nanded,2018-2019,Jowar,Rabi,20720.0,19400.0,0.94,Hectare,Tonnes,Tonne/Hectare,Black (Regur),88.9,Other,Vertisols,Chromic Haplusterts,Clayey,Very deep,Moderately well drained,Slightly alkaline,Alluvium,9
Maharashtra,Nanded,2018-2019,Linseed,Rabi,12.0,5.0,0.42,Hectare,Tonnes,Tonne/Hectare,Black (Regur),88.9,Other,Vertisols,Chromic Haplusterts,Clayey,Very deep,Moderately well drained,Slightly alkaline,Alluvium,9
Maharashtra,Nanded,2018-2019,Maize,Kharif,398.0,197.0,0.49,Hectare,Tonnes,Tonne/Hectare,Black (Regur),88.9,Other,Vertisols,Chromic Haplusterts,Clayey,Very deep,Moderately well drained,Slightly alkaline,Alluvium,9
Maharashtra,Nanded,2018-2019,Maize,Rabi,2970.0,2100.0,0.71,Hectare,Tonnes,Tonne/Hectare,Black (Regur),88.9,Other,Vertisols,Chromic Haplusterts,Clayey,Very deep,Moderately well drained,Slightly alkaline,Alluvium,9
Maharashtra,Nanded,2018-2019,Maize,Summer,2850.0,2720.0,0.95,Hectare,Tonnes,Tonne/Hectare,Black (Regur),88.9,Other,Vertisols,Chromic Haplusterts,Clayey,Very deep,Moderately well drained,Slightly alkaline,Alluvium,9
Maharashtra,Nanded,2018-2019,Moong(Green Gram),Kharif,43457.0,21280.0,0.49,Hectare,Tonnes,Tonne/Hectare,Black (Regur),88.9,Other,Vertisols,Chromic Haplusterts,Clayey,Very deep,Moderately well drained,Slightly alkaline,Alluvium,9
Maharashtra,Nanded,2018-2019,Niger seed,Kharif,160.0,20.0,0.13,Hectare,Tonnes,Tonne/Hectare,Black (Regur),88.9,Other,Vertisols,Chromic Haplusterts,Clayey,Very deep,Moderately well drained,Slightly alkaline,Alluvium,9
Maharashtra,Nanded,2018-2019,Other Cereals,Rabi,1880.0,400.0,0.21,Hectare,Tonnes,Tonne/Hectare,Black (Regur),88.9,Other,Vertisols,Chromic Haplusterts,Clayey,Very deep,Moderately well drained,Slightly alkaline,Alluvium,9
Maharashtra,Nanded,2018-2019,Other Cereals,Summer,7180.0,3470.0,0.48,Hectare,Tonnes,Tonne/Hectare,Black (Regur),88.9,Other,Vertisols,Chromic Haplusterts,Clayey,Very deep,Moderately well drained,Slightly alkaline,Alluvium,9
Maharashtra,Nanded,2018-2019,Rapeseed &Mustard,Rabi,30.0,6.0,0.2,Hectare,Tonnes,Tonne/Hectare,Black (Regur),88.9,Other,Vertisols,Chromic Haplusterts,Clayey,Very deep,Moderately well drained,Slightly alkaline,Alluvium,9
Maharashtra,Nanded,2018-2019,Rice,Kharif,606.0,535.0,0.88,Hectare,Tonnes,Tonne/Hectare,Black (Regur),88.9,Other,Vertisols,Chromic Haplusterts,Clayey,Very deep,Moderately well drained,Slightly alkaline,Alluvium,9
Maharashtra,Nanded,2018-2019,Rice,Summer,234.0,640.0,2.74,Hectare,Tonnes,Tonne/Hectare,Black (Regur),88.9,Other,Vertisols,Chromic Haplusterts,Clayey,Very deep,Moderately well drained,Slightly alkaline,Alluvium,9
Maharashtra,Nanded,2018-2019,Safflower,Rabi,656.0,200.0,0.3,Hectare,Tonnes,Tonne/Hectare,Black (Regur),88.9,Other,Vertisols,Chromic Haplusterts,Clayey,Very deep,Moderately well drained,Slightly alkaline,Alluvium,9
Maharashtra,Nanded,2018-2019,Sesamum,Kharif,370.0,57.0,0.15,Hectare,Tonnes,Tonne/Hectare,Black (Regur),88.9,Other,Vertisols,Chromic Haplusterts,Clayey,Very deep,Moderately well drained,Slightly alkaline,Alluvium,9
Maharashtra,Nanded,2018-2019,Sesamum,Summer,810.0,162.0,0.2,Hectare,Tonnes,Tonne/Hectare,Black (Regur),88.9,Other,Vertisols,Chromic Haplusterts,Clayey,Very deep,Moderately well drained,Slightly alkaline,Alluvium,9
Maharashtra,Nanded,2018-2019,Soyabean,Kharif,354966.0,493296.0,1.39,Hectare,Tonnes,Tonne/Hectare,Black (Regur),88.9,Other,Vertisols,Chromic Haplusterts,Clayey,Very deep,Moderately well drained,Slightly alkaline,Alluvium,9
Maharashtra,Nanded,2018-2019,Sugarcane,Whole Year,23303.0,745696.0,32.0,Hectare,Tonnes,Tonne/Hectare,Black (Regur),88.9,Other,Vertisols,Chromic Haplusterts,Clayey,Very deep,Moderately well drained,Slightly alkaline,Alluvium,9
Maharashtra,Nanded,2018-2019,Sunflower,Kharif,70.0,9.0,0.13,Hectare,Tonnes,Tonne/Hectare,Black (Regur),88.9,Other,Vertisols,Chromic Haplusterts,Clayey,Very deep,Moderately well drained,Slightly alkaline,Alluvium,9
Maharashtra,Nanded,2018-2019,Sunflower,Summer,31.0,40.0,1.29,Hectare,Tonnes,Tonne/Hectare,Black (Regur),88.9,Other,Vertisols,Chromic Haplusterts,Clayey,Very deep,Moderately well drained,Slightly alkaline,Alluvium,9
Maharashtra,Nanded,2018-2019,Urad,Kharif,57534.0,31030.0,0.54,Hectare,Tonnes,Tonne/Hectare,Black (Regur),88.9,Other,Vertisols,Chromic Haplusterts,Clayey,Very deep,Moderately well drained,Slightly alkaline,Alluvium,9
Maharashtra,Nanded,2018-2019,Wheat,Rabi,20190.0,36900.0,1.83,Hectare,Tonnes,Tonne/Hectare,Black (Regur),88.9,Other,Vertisols,Chromic Haplusterts,Clayey,Very deep,Moderately well drained,Slightly alkaline,Alluvium,9
Maharashtra,Nandurbar,2018-2019,Arhar/Tur,Kharif,20597.0,4788.0,0.23,Hectare,Tonnes,Tonne/Hectare,Black (Regur),100.0,,Entisols,Lithic Ustorthents,Clayey,Shallow,Well drained,Slightly alkaline,Alluvium,8
Maharashtra,Nandurbar,2018-2019,Bajra,Kharif,6691.0,4815.0,0.72,Hectare,Tonnes,Tonne/Hectare,Black (Regur),100.0,,Entisols,Lithic Ustorthents,Clayey,Shallow,Well drained,Slightly alkaline,Alluvium,8
Maharashtra,Nandurbar,2018-2019,Castor seed,Kharif,175.0,44.0,0.25,Hectare,Tonnes,Tonne/Hectare,Black (Regur),100.0,,Entisols,Lithic Ustorthents,Clayey,Shallow,Well drained,Slightly alkaline,Alluvium,8
Maharashtra,Nandurbar,2018-2019,Cotton(lint),Kharif,111064.0,120233.0,1.08,Hectare,Bales,Bales/Hectare,Black (Regur),100.0,,Entisols,Lithic Ustorthents,Clayey,Shallow,Well drained,Slightly alkaline,Alluvium,8
Maharashtra,Nandurbar,2018-2019,Gram,Rabi,27440.0,26200.0,0.95,Hectare,Tonnes,Tonne/Hectare,Black (Regur),100.0,,Entisols,Lithic Ustorthents,Clayey,Shallow,Well drained,Slightly alkaline,Alluvium,8
Maharashtra,Nandurbar,2018-2019,Groundnut,Kharif,2560.0,1352.0,0.53,Hectare,Tonnes,Tonne/Hectare,Black (Regur),100.0,,Entisols,Lithic Ustorthents,Clayey,Shallow,Well drained,Slightly alkaline,Alluvium,8
Maharashtra,Nandurbar,2018-2019,Groundnut,Summer,1420.0,1150.0,0.81,Hectare,Tonnes,Tonne/Hectare,Black (Regur),100.0,,Entisols,Lithic Ustorthents,Clayey,Shallow,Well drained,Slightly alkaline,Alluvium,8
Maharashtra,Nandurbar,2018-2019,Jowar,Kharif,40154.0,48494.0,1.21,Hectare,Tonnes,Tonne/Hectare,Black (Regur),100.0,,Entisols,Lithic Ustorthents,Clayey,Shallow,Well drained,Slightly alkaline,Alluvium,8
Maharashtra,Nandurbar,2018-2019,Jowar,Rabi,9010.0,9200.0,1.02,Hectare,Tonnes,Tonne/Hectare,Black (Regur),100.0,,Entisols,Lithic Ustorthents,Clayey,Shallow,Well drained,Slightly alkaline,Alluvium,8
Maharashtra,Nandurbar,2018-2019,Maize,Kharif,50485.0,69386.0,1.37,Hectare,Tonnes,Tonne/Hectare,Black (Regur),100.0,,Entisols,Lithic Ustorthents,Clayey,Shallow,Well drained,Slightly alkaline,Alluvium,8
Maharashtra,Nandurbar,2018-2019,Maize,Rabi,4490.0,11900.0,2.65,Hectare,Tonnes,Tonne/Hectare,Black (Regur),100.0,,Entisols,Lithic Ustorthents,Clayey,Shallow,Well drained,Slightly alkaline,Alluvium,8
Maharashtra,Nandurbar,2018-2019,Maize,Summer,800.0,1030.0,1.29,Hectare,Tonnes,Tonne/Hectare,Black (Regur),100.0,,Entisols,Lithic Ustorthents,Clayey,Shallow,Well drained,Slightly alkaline,Alluvium,8
Maharashtra,Nandurbar,2018-2019,Moong(Green Gram),Kharif,9415.0,4856.0,0.52,Hectare,Tonnes,Tonne/Hectare,Black (Regur),100.0,,Entisols,Lithic Ustorthents,Clayey,Shallow,Well drained,Slightly alkaline,Alluvium,8
Maharashtra,Nandurbar,2018-2019,Niger seed,Kharif,5.0,1.0,0.2,Hectare,Tonnes,Tonne/Hectare,Black (Regur),100.0,,Entisols,Lithic Ustorthents,Clayey,Shallow,Well drained,Slightly alkaline,Alluvium,8
Maharashtra,Nandurbar,2018-2019,Other Cereals,Kharif,6982.0,3142.0,0.45,Hectare,Tonnes,Tonne/Hectare,Black (Regur),100.0,,Entisols,Lithic Ustorthents,Clayey,Shallow,Well drained,Slightly alkaline,Alluvium,8
Maharashtra,Nandurbar,2018-2019,Other Cereals,Rabi,30.0,20.0,0.67,Hectare,Tonnes,Tonne/Hectare,Black (Regur),100.0,,Entisols,Lithic Ustorthents,Clayey,Shallow,Well drained,Slightly alkaline,Alluvium,8
Maharashtra,Nandurbar,2018-2019,Other Cereals,Summer,190.0,110.0,0.58,Hectare,Tonnes,Tonne/Hectare,Black (Regur),100.0,,Entisols,Lithic Ustorthents,Clayey,Shallow,Well drained,Slightly alkaline,Alluvium,8
Maharashtra,Nandurbar,2018-2019,Other Kharif pulses,Kharif,430.0,110.0,0.26,Hectare,Tonnes,Tonne/Hectare,Black (Regur),100.0,,Entisols,Lithic Ustorthents,Clayey,Shallow,Well drained,Slightly alkaline,Alluvium,8
Maharashtra,Nandurbar,2018-2019,Other Rabi pulses,Rabi,100.0,40.0,0.4,Hectare,Tonnes,Tonne/Hectare,Black (Regur),100.0,,Entisols,Lithic Ustorthents,Clayey,Shallow,Well drained,Slightly alkaline,Alluvium,8
Maharashtra,Nandurbar,2018-2019,Other Summer Pulses,Summer,360.0,150.0,0.42,Hectare,Tonnes,Tonne/Hectare,Black (Regur),100.0,,Entisols,Lithic Ustorthents,Clayey,Shallow,Well drained,Slightly alkaline,Alluvium,8
Maharashtra,Nandurbar,2018-2019,Ragi,Kharif,27.0,23.0,0.85,Hectare,Tonnes,Tonne/Hectare,Black (Regur),100.0,,Entisols,Lithic Ustorthents,Clayey,Shallow,Well drained,Slightly alkaline,Alluvium,8
Maharashtra,Nandurbar,2018-2019,Rapeseed &Mustard,Rabi,710.0,400.0,0.56,Hectare,Tonnes,Tonne/Hectare,Black (Regur),100.0,,Entisols,Lithic Ustorthents,Clayey,Shallow,Well drained,Slightly alkaline,Alluvium,8
Maharashtra,Nandurbar,2018-2019,Rice,Kharif,26116.0,22519.0,0.86,Hectare,Tonnes,Tonne/Hectare,Black (Regur),100.0,,Entisols,Lithic Ustorthents,Clayey,Shallow,Well drained,Slightly alkaline,Alluvium,8
Maharashtra,Nandurbar,2018-2019,Sesamum,Kharif,14.0,3.0,0.21,Hectare,Tonnes,Tonne/Hectare,Black (Regur),100.0,,Entisols,Lithic Ustorthents,Clayey,Shallow,Well drained,Slightly alkaline,Alluvium,8
Maharashtra,Nandurbar,2018-2019,Soyabean,Kharif,26046.0,32808.0,1.26,Hectare,Tonnes,Tonne/Hectare,Black (Regur),100.0,,Entisols,Lithic Ustorthents,Clayey,Shallow,Well drained,Slightly alkaline,Alluvium,8
Maharashtra,Nandurbar,2018-2019,Sugarcane,Whole Year,15477.0,1354857.0,87.54,Hectare,Tonnes,Tonne/Hectare,Black (Regur),100.0,,Entisols,Lithic Ustorthents,Clayey,Shallow,Well drained,Slightly alkaline,Alluvium,8
Maharashtra,Nandurbar,2018-2019,Sunflower,Kharif,83.0,14.0,0.17,Hectare,Tonnes,Tonne/Hectare,Black (Regur),100.0,,Entisols,Lithic Ustorthents,Clayey,Shallow,Well drained,Slightly alkaline,Alluvium,8
Maharashtra,Nandurbar,2018-2019,Sunflower,Summer,70.0,40.0,0.57,Hectare,Tonnes,Tonne/Hectare,Black (Regur),100.0,,Entisols,Lithic Ustorthents,Clayey,Shallow,Well drained,Slightly alkaline,Alluvium,8
Maharashtra,Nandurbar,2018-2019,Urad,Kharif,12133.0,6407.0,0.53,Hectare,Tonnes,Tonne/Hectare,Black (Regur),100.0,,Entisols,Lithic Ustorthents,Clayey,Shallow,Well drained,Slightly alkaline,Alluvium,8
Maharashtra,Nandurbar,2018-2019,Wheat,Rabi,21860.0,37500.0,1.72,Hectare,Tonnes,Tonne/Hectare,Black (Regur),100.0,,Entisols,Lithic Ustorthents,Clayey,Shallow,Well drained,Slightly alkaline,Alluvium,8
Maharashtra,Nashik,2018-2019,Arhar/Tur,Kharif,7579.0,1891.0,0.25,Hectare,Tonnes,Tonne/Hectare,Black (Regur),77.8,Mountain / Forest,Vertisols,Chromic Haplusterts,Clayey,Very deep,Moderately well drained,Slightly alkaline,Alluvium,9
Maharashtra,Nashik,2018-2019,Bajra,Kharif,91002.0,57871.0,0.64,Hectare,Tonnes,Tonne/Hectare,Black (Regur),77.8,Mountain / Forest,Vertisols,Chromic Haplusterts,Clayey,Very deep,Moderately well drained,Slightly alkaline,Alluvium,9
Maharashtra,Nashik,2018-2019,Castor seed,Kharif,1805.0,803.0,0.44,Hectare,Tonnes,Tonne/Hectare,Black (Regur),77.8,Mountain / Forest,Vertisols,Chromic Haplusterts,Clayey,Very deep,Moderately well drained,Slightly alkaline,Alluvium,9
Maharashtra,Nashik,2018-2019,Cotton(lint),Kharif,62430.0,30849.0,0.49,Hectare,Bales,Bales/Hectare,Black (Regur),77.8,Mountain / Forest,Vertisols,Chromic Haplusterts,Clayey,Very deep,Moderately well drained,Slightly alkaline,Alluvium,9
Maharashtra,Nashik,2018-2019,Gram,Rabi,63080.0,47400.0,0.75,Hectare,Tonnes,Tonne/Hectare,Black (Regur),77.8,Mountain / Forest,Vertisols,Chromic Haplusterts,Clayey,Very deep,Moderately well drained,Slightly alkaline,Alluvium,9
Maharashtra,Nashik,2018-2019,Groundnut,Kharif,25095.0,23362.0,0.93,Hectare,Tonnes,Tonne/Hectare,Black (Regur),77.8,Mountain / Forest,Vertisols,Chromic Haplusterts,Clayey,Very deep,Moderately well drained,Slightly alkaline,Alluvium,9
Maharashtra,Nashik,2018-2019,Groundnut,Summer,606.0,900.0,1.49,Hectare,Tonnes,Tonne/Hectare,Black (Regur),77.8,Mountain / Forest,Vertisols,Chromic Haplusterts,Clayey,Very deep,Moderately well drained,Slightly alkaline,Alluvium,9
Maharashtra,Nashik,2018-2019,Jowar,Kharif,647.0,813.0,1.26,Hectare,Tonnes,Tonne/Hectare,Black (Regur),77.8,Mountain / Forest,Vertisols,Chromic Haplusterts,Clayey,Very deep,Moderately well drained,Slightly alkaline,Alluvium,9
Maharashtra,Nashik,2018-2019,Jowar,Rabi,3790.0,1900.0,0.5,Hectare,Tonnes,Tonne/Hectare,Black (Regur),77.8,Mountain / Forest,Vertisols,Chromic Haplusterts,Clayey,Very deep,Moderately well drained,Slightly alkaline,Alluvium,9
Maharashtra,Nashik,2018-2019,Maize,Kharif,171881.0,462044.0,2.69,Hectare,Tonnes,Tonne/Hectare,Black (Regur),77.8,Mountain / Forest,Vertisols,Chromic Haplusterts,Clayey,Very deep,Moderately well drained,Slightly alkaline,Alluvium,9
Maharashtra,Nashik,2018-2019,Maize,Rabi,1830.0,2700.0,1.48,Hectare,Tonnes,Tonne/Hectare,Black (Regur),77.8,Mountain / Forest,Vertisols,Chromic Haplusterts,Clayey,Very deep,Moderately well drained,Slightly alkaline,Alluvium,9
Maharashtra,Nashik,2018-2019,Maize,Summer,169.0,220.0,1.3,Hectare,Tonnes,Tonne/Hectare,Black (Regur),77.8,Mountain / Forest,Vertisols,Chromic Haplusterts,Clayey,Very deep,Moderately well drained,Slightly alkaline,Alluvium,9
Maharashtra,Nashik,2018-2019,Moong(Green Gram),Kharif,9835.0,4772.0,0.49,Hectare,Tonnes,Tonne/Hectare,Black (Regur),77.8,Mountain / Forest,Vertisols,Chromic Haplusterts,Clayey,Very deep,Moderately well drained,Slightly alkaline,Alluvium,9
Maharashtra,Nashik,2018-2019,Niger seed,Kharif,2129.0,307.0,0.14,Hectare,Tonnes,Tonne/Hectare,Black (Regur),77.8,Mountain / Forest,Vertisols,Chromic Haplusterts,Clayey,Very deep,Moderately well drained,Slightly alkaline,Alluvium,9
Maharashtra,Nashik,2018-2019,Other Cereals,Kharif,12958.0,6220.0,0.48,Hectare,Tonnes,Tonne/Hectare,Black (Regur),77.8,Mountain / Forest,Vertisols,Chromic Haplusterts,Clayey,Very deep,Moderately well drained,Slightly alkaline,Alluvium,9
Maharashtra,Nashik,2018-2019,Other Cereals,Rabi,30.0,13.0,0.43,Hectare,Tonnes,Tonne/Hectare,Black (Regur),77.8,Mountain / Forest,Vertisols,Chromic Haplusterts,Clayey,Very deep,Moderately well drained,Slightly alkaline,Alluvium,9
Maharashtra,Nashik,2018-2019,Other Cereals,Summer,147.0,9.0,0.06,Hectare,Tonnes,Tonne/Hectare,Black (Regur),77.8,Mountain / Forest,Vertisols,Chromic Haplusterts,Clayey,Very deep,Moderately well drained,Slightly alkaline,Alluvium,9
Maharashtra,Nashik,2018-2019,Other Kharif pulses,Kharif,5708.0,2226.0,0.39,Hectare,Tonnes,Tonne/Hectare,Black (Regur),77.8,Mountain / Forest,Vertisols,Chromic Haplusterts,Clayey,Very deep,Moderately well drained,Slightly alkaline,Alluvium,9
Maharashtra,Nashik,2018-2019,Other Rabi pulses,Rabi,1450.0,800.0,0.55,Hectare,Tonnes,Tonne/Hectare,Black (Regur),77.8,Mountain / Forest,Vertisols,Chromic Haplusterts,Clayey,Very deep,Moderately well drained,Slightly alkaline,Alluvium,9
Maharashtra,Nashik,2018-2019,Other Summer Pulses,Summer,13.0,10.0,0.77,Hectare,Tonnes,Tonne/Hectare,Black (Regur),77.8,Mountain / Forest,Vertisols,Chromic Haplusterts,Clayey,Very deep,Moderately well drained,Slightly alkaline,Alluvium,9
Maharashtra,Nashik,2018-2019,Ragi,Kharif,20703.0,18010.0,0.87,Hectare,Tonnes,Tonne/Hectare,Black (Regur),77.8,Mountain / Forest,Vertisols,Chromic Haplusterts,Clayey,Very deep,Moderately well drained,Slightly alkaline,Alluvium,9
Maharashtra,Nashik,2018-2019,Rapeseed &Mustard,Rabi,10.0,2.0,0.2,Hectare,Tonnes,Tonne/Hectare,Black (Regur),77.8,Mountain / Forest,Vertisols,Chromic Haplusterts,Clayey,Very deep,Moderately well drained,Slightly alkaline,Alluvium,9
Maharashtra,Nashik,2018-2019,Rice,Kharif,74046.0,126516.0,1.71,Hectare,Tonnes,Tonne/Hectare,Black (Regur),77.8,Mountain / Forest,Vertisols,Chromic Haplusterts,Clayey,Very deep,Moderately well drained,Slightly alkaline,Alluvium,9
Maharashtra,Nashik,2018-2019,Sesamum,Kharif,7.0,1.3,0.19,Hectare,Tonnes,Tonne/Hectare,Black (Regur),77.8,Mountain / Forest,Vertisols,Chromic Haplusterts,Clayey,Very deep,Moderately well drained,Slightly alkaline,Alluvium,9
Maharashtra,Nashik,2018-2019,Soyabean,Kharif,71168.0,65160.0,0.92,Hectare,Tonnes,Tonne/Hectare,Black (Regur),77.8,Mountain / Forest,Vertisols,Chromic Haplusterts,Clayey,Very deep,Moderately well drained,Slightly alkaline,Alluvium,9
Maharashtra,Nashik,2018-2019,Sugarcane,Whole Year,15345.0,1461304.0,95.23,Hectare,Tonnes,Tonne/Hectare,Black (Regur),77.8,Mountain / Forest,Vertisols,Chromic Haplusterts,Clayey,Very deep,Moderately well drained,Slightly alkaline,Alluvium,9
Maharashtra,Nashik,2018-2019,Urad,Kharif,5749.0,2355.0,0.41,Hectare,Tonnes,Tonne/Hectare,Black (Regur),77.8,Mountain / Forest,Vertisols,Chromic Haplusterts,Clayey,Very deep,Moderately well drained,Slightly alkaline,Alluvium,9
Maharashtra,Nashik,2018-2019,Wheat,Rabi,63550.0,111700.0,1.76,Hectare,Tonnes,Tonne/Hectare,Black (Regur),77.8,Mountain / Forest,Vertisols,Chromic Haplusterts,Clayey,Very deep,Moderately well drained,Slightly alkaline,Alluvium,9
Maharashtra,Palghar,2018-2019,Arhar/Tur,Kharif,2310.0,377.0,0.16,Hectare,Tonnes,Tonne/Hectare,Mountain / Forest,66.7,Black (Regur),Entisols,Lithic Ustorthents,Loamy,Shallow,Well drained,Slightly acidic,Basalt,9
Maharashtra,Palghar,2018-2019,Gram,Rabi,1000.0,900.0,0.9,Hectare,Tonnes,Tonne/Hectare,Mountain / Forest,66.7,Black (Regur),Entisols,Lithic Ustorthents,Loamy,Shallow,Well drained,Slightly acidic,Basalt,9
Maharashtra,Palghar,2018-2019,Maize,Rabi,2.0,5.0,2.5,Hectare,Tonnes,Tonne/Hectare,Mountain / Forest,66.7,Black (Regur),Entisols,Lithic Ustorthents,Loamy,Shallow,Well drained,Slightly acidic,Basalt,9
Maharashtra,Palghar,2018-2019,Other Cereals,Kharif,8662.0,5189.0,0.6,Hectare,Tonnes,Tonne/Hectare,Mountain / Forest,66.7,Black (Regur),Entisols,Lithic Ustorthents,Loamy,Shallow,Well drained,Slightly acidic,Basalt,9
Maharashtra,Palghar,2018-2019,Other Cereals,Rabi,2.0,2.0,1.0,Hectare,Tonnes,Tonne/Hectare,Mountain / Forest,66.7,Black (Regur),Entisols,Lithic Ustorthents,Loamy,Shallow,Well drained,Slightly acidic,Basalt,9
Maharashtra,Palghar,2018-2019,Other Kharif pulses,Kharif,987.0,591.0,0.6,Hectare,Tonnes,Tonne/Hectare,Mountain / Forest,66.7,Black (Regur),Entisols,Lithic Ustorthents,Loamy,Shallow,Well drained,Slightly acidic,Basalt,9
Maharashtra,Palghar,2018-2019,Other Rabi pulses,Rabi,2020.0,1400.0,0.69,Hectare,Tonnes,Tonne/Hectare,Mountain / Forest,66.7,Black (Regur),Entisols,Lithic Ustorthents,Loamy,Shallow,Well drained,Slightly acidic,Basalt,9
Maharashtra,Palghar,2018-2019,Ragi,Kharif,6800.0,4813.0,0.71,Hectare,Tonnes,Tonne/Hectare,Mountain / Forest,66.7,Black (Regur),Entisols,Lithic Ustorthents,Loamy,Shallow,Well drained,Slightly acidic,Basalt,9
Maharashtra,Palghar,2018-2019,Rapeseed &Mustard,Rabi,10.0,7.0,0.7,Hectare,Tonnes,Tonne/Hectare,Mountain / Forest,66.7,Black (Regur),Entisols,Lithic Ustorthents,Loamy,Shallow,Well drained,Slightly acidic,Basalt,9
Maharashtra,Palghar,2018-2019,Rice,Kharif,76714.0,134767.0,1.76,Hectare,Tonnes,Tonne/Hectare,Mountain / Forest,66.7,Black (Regur),Entisols,Lithic Ustorthents,Loamy,Shallow,Well drained,Slightly acidic,Basalt,9
Maharashtra,Palghar,2018-2019,Rice,Summer,1325.0,3500.0,2.64,Hectare,Tonnes,Tonne/Hectare,Mountain / Forest,66.7,Black (Regur),Entisols,Lithic Ustorthents,Loamy,Shallow,Well drained,Slightly acidic,Basalt,9
Maharashtra,Palghar,2018-2019,Sesamum,Rabi,119.0,10.0,0.08,Hectare,Tonnes,Tonne/Hectare,Mountain / Forest,66.7,Black (Regur),Entisols,Lithic Ustorthents,Loamy,Shallow,Well drained,Slightly acidic,Basalt,9
Maharashtra,Palghar,2018-2019,Sunflower,Kharif,70.0,12.0,0.17,Hectare,Tonnes,Tonne/Hectare,Mountain / Forest,66.7,Black (Regur),Entisols,Lithic Ustorthents,Loamy,Shallow,Well drained,Slightly acidic,Basalt,9
Maharashtra,Palghar,2018-2019,Urad,Kharif,3152.0,809.0,0.26,Hectare,Tonnes,Tonne/Hectare,Mountain / Forest,66.7,Black (Regur),Entisols,Lithic Ustorthents,Loamy,Shallow,Well drained,Slightly acidic,Basalt,9
Maharashtra,Palghar,2018-2019,Wheat,Rabi,10.0,7.0,0.7,Hectare,Tonnes,Tonne/Hectare,Mountain / Forest,66.7,Black (Regur),Entisols,Lithic Ustorthents,Loamy,Shallow,Well drained,Slightly acidic,Basalt,9
Maharashtra,Parbhani,2018-2019,Arhar/Tur,Kharif,42947.0,19383.0,0.45,Hectare,Tonnes,Tonne/Hectare,Black (Regur),100.0,,Vertisols,Chromic Haplusterts,Clayey,Very deep,Moderately well drained,Slightly alkaline,Alluvium,9
Maharashtra,Parbhani,2018-2019,Bajra,Kharif,456.0,279.0,0.61,Hectare,Tonnes,Tonne/Hectare,Black (Regur),100.0,,Vertisols,Chromic Haplusterts,Clayey,Very deep,Moderately well drained,Slightly alkaline,Alluvium,9
Maharashtra,Parbhani,2018-2019,Castor seed,Kharif,348.0,93.0,0.27,Hectare,Tonnes,Tonne/Hectare,Black (Regur),100.0,,Vertisols,Chromic Haplusterts,Clayey,Very deep,Moderately well drained,Slightly alkaline,Alluvium,9
Maharashtra,Parbhani,2018-2019,Cotton(lint),Kharif,199869.0,327347.0,1.64,Hectare,Bales,Bales/Hectare,Black (Regur),100.0,,Vertisols,Chromic Haplusterts,Clayey,Very deep,Moderately well drained,Slightly alkaline,Alluvium,9
Maharashtra,Parbhani,2018-2019,Gram,Rabi,53830.0,38500.0,0.72,Hectare,Tonnes,Tonne/Hectare,Black (Regur),100.0,,Vertisols,Chromic Haplusterts,Clayey,Very deep,Moderately well drained,Slightly alkaline,Alluvium,9
Maharashtra,Parbhani,2018-2019,Groundnut,Summer,225.0,190.0,0.84,Hectare,Tonnes,Tonne/Hectare,Black (Regur),100.0,,Vertisols,Chromic Haplusterts,Clayey,Very deep,Moderately well drained,Slightly alkaline,Alluvium,9
Maharashtra,Parbhani,2018-2019,Jowar,Kharif,4688.0,4256.0,0.91,Hectare,Tonnes,Tonne/Hectare,Black (Regur),100.0,,Vertisols,Chromic Haplusterts,Clayey,Very deep,Moderately well drained,Slightly alkaline,Alluvium,9
Maharashtra,Parbhani,2018-2019,Jowar,Rabi,83970.0,53800.0,0.64,Hectare,Tonnes,Tonne/Hectare,Black (Regur),100.0,,Vertisols,Chromic Haplusterts,Clayey,Very deep,Moderately well drained,Slightly alkaline,Alluvium,9
Maharashtra,Parbhani,2018-2019,Linseed,Rabi,126.0,50.0,0.4,Hectare,Tonnes,Tonne/Hectare,Black (Regur),100.0,,Vertisols,Chromic Haplusterts,Clayey,Very deep,Moderately well drained,Slightly alkaline,Alluvium,9
Maharashtra,Parbhani,2018-2019,Maize,Kharif,411.0,203.0,0.49,Hectare,Tonnes,Tonne/Hectare,Black (Regur),100.0,,Vertisols,Chromic Haplusterts,Clayey,Very deep,Moderately well drained,Slightly alkaline,Alluvium,9
Maharashtra,Parbhani,2018-2019,Maize,Rabi,2330.0,1700.0,0.73,Hectare,Tonnes,Tonne/Hectare,Black (Regur),100.0,,Vertisols,Chromic Haplusterts,Clayey,Very deep,Moderately well drained,Slightly alkaline,Alluvium,9
Maharashtra,Parbhani,2018-2019,Maize,Summer,450.0,,0.0,Hectare,Tonnes,Tonne/Hectare,Black (Regur),100.0,,Vertisols,Chromic Haplusterts,Clayey,Very deep,Moderately well drained,Slightly alkaline,Alluvium,9
Maharashtra,Parbhani,2018-2019,Moong(Green Gram),Kharif,24339.0,10582.0,0.43,Hectare,Tonnes,Tonne/Hectare,Black (Regur),100.0,,Vertisols,Chromic Haplusterts,Clayey,Very deep,Moderately well drained,Slightly alkaline,Alluvium,9
Maharashtra,Parbhani,2018-2019,Niger seed,Kharif,132.0,9.0,0.07,Hectare,Tonnes,Tonne/Hectare,Black (Regur),100.0,,Vertisols,Chromic Haplusterts,Clayey,Very deep,Moderately well drained,Slightly alkaline,Alluvium,9
Maharashtra,Parbhani,2018-2019,Other Cereals,Kharif,1135.0,165.0,0.15,Hectare,Tonnes,Tonne/Hectare,Black (Regur),100.0,,Vertisols,Chromic Haplusterts,Clayey,Very deep,Moderately well drained,Slightly alkaline,Alluvium,9
Maharashtra,Parbhani,2018-2019,Other Cereals,Rabi,1510.0,190.0,0.13,Hectare,Tonnes,Tonne/Hectare,Black (Regur),100.0,,Vertisols,Chromic Haplusterts,Clayey,Very deep,Moderately well drained,Slightly alkaline,Alluvium,9
Maharashtra,Parbhani,2018-2019,Other Kharif pulses,Kharif,3859.0,617.0,0.16,Hectare,Tonnes,Tonne/Hectare,Black (Regur),100.0,,Vertisols,Chromic Haplusterts,Clayey,Very deep,Moderately well drained,Slightly alkaline,Alluvium,9
Maharashtra,Parbhani,2018-2019,Other Rabi pulses,Rabi,120.0,60.0,0.5,Hectare,Tonnes,Tonne/Hectare,Black (Regur),100.0,,Vertisols,Chromic Haplusterts,Clayey,Very deep,Moderately well drained,Slightly alkaline,Alluvium,9
Maharashtra,Parbhani,2018-2019,Rapeseed &Mustard,Rabi,140.0,30.0,0.21,Hectare,Tonnes,Tonne/Hectare,Black (Regur),100.0,,Vertisols,Chromic Haplusterts,Clayey,Very deep,Moderately well drained,Slightly alkaline,Alluvium,9
Maharashtra,Parbhani,2018-2019,Rice,Kharif,10.0,2.0,0.2,Hectare,Tonnes,Tonne/Hectare,Black (Regur),100.0,,Vertisols,Chromic Haplusterts,Clayey,Very deep,Moderately well drained,Slightly alkaline,Alluvium,9
Maharashtra,Parbhani,2018-2019,Safflower,Rabi,2743.0,1200.0,0.44,Hectare,Tonnes,Tonne/Hectare,Black (Regur),100.0,,Vertisols,Chromic Haplusterts,Clayey,Very deep,Moderately well drained,Slightly alkaline,Alluvium,9
Maharashtra,Parbhani,2018-2019,Sesamum,Kharif,212.0,15.0,0.07,Hectare,Tonnes,Tonne/Hectare,Black (Regur),100.0,,Vertisols,Chromic Haplusterts,Clayey,Very deep,Moderately well drained,Slightly alkaline,Alluvium,9
Maharashtra,Parbhani,2018-2019,Sesamum,Rabi,66.0,10.0,0.15,Hectare,Tonnes,Tonne/Hectare,Black (Regur),100.0,,Vertisols,Chromic Haplusterts,Clayey,Very deep,Moderately well drained,Slightly alkaline,Alluvium,9
Maharashtra,Parbhani,2018-2019,Soyabean,Kharif,245041.0,272191.0,1.11,Hectare,Tonnes,Tonne/Hectare,Black (Regur),100.0,,Vertisols,Chromic Haplusterts,Clayey,Very deep,Moderately well drained,Slightly alkaline,Alluvium,9
Maharashtra,Parbhani,2018-2019,Sugarcane,Whole Year,45700.0,1919400.0,42.0,Hectare,Tonnes,Tonne/Hectare,Black (Regur),100.0,,Vertisols,Chromic Haplusterts,Clayey,Very deep,Moderately well drained,Slightly alkaline,Alluvium,9
Maharashtra,Parbhani,2018-2019,Sunflower,Kharif,20.0,2.0,0.1,Hectare,Tonnes,Tonne/Hectare,Black (Regur),100.0,,Vertisols,Chromic Haplusterts,Clayey,Very deep,Moderately well drained,Slightly alkaline,Alluvium,9
Maharashtra,Parbhani,2018-2019,Urad,Kharif,8149.0,4286.0,0.53,Hectare,Tonnes,Tonne/Hectare,Black (Regur),100.0,,Vertisols,Chromic Haplusterts,Clayey,Very deep,Moderately well drained,Slightly alkaline,Alluvium,9
Maharashtra,Parbhani,2018-2019,Wheat,Rabi,23650.0,30700.0,1.3,Hectare,Tonnes,Tonne/Hectare,Black (Regur),100.0,,Vertisols,Chromic Haplusterts,Clayey,Very deep,Moderately well drained,Slightly alkaline,Alluvium,9
Maharashtra,Pune,2018-2019,Arhar/Tur,Kharif,1103.0,338.0,0.31,Hectare,Tonnes,Tonne/Hectare,Black (Regur),88.9,Mountain / Forest,Entisols,Lithic Ustorthents,Clayey,Shallow,Well drained,Slightly alkaline,Alluvium,9
Maharashtra,Pune,2018-2019,Bajra,Kharif,32320.0,37855.0,1.17,Hectare,Tonnes,Tonne/Hectare,Black (Regur),88.9,Mountain / Forest,Entisols,Lithic Ustorthents,Clayey,Shallow,Well drained,Slightly alkaline,Alluvium,9
Maharashtra,Pune,2018-2019,Castor seed,Kharif,3.0,1.0,0.33,Hectare,Tonnes,Tonne/Hectare,Black (Regur),88.9,Mountain / Forest,Entisols,Lithic Ustorthents,Clayey,Shallow,Well drained,Slightly alkaline,Alluvium,9
Maharashtra,Pune,2018-2019,Gram,Rabi,83400.0,61400.0,0.74,Hectare,Tonnes,Tonne/Hectare,Black (Regur),88.9,Mountain / Forest,Entisols,Lithic Ustorthents,Clayey,Shallow,Well drained,Slightly alkaline,Alluvium,9
Maharashtra,Pune,2018-2019,Groundnut,Kharif,21591.0,17601.0,0.82,Hectare,Tonnes,Tonne/Hectare,Black (Regur),88.9,Mountain / Forest,Entisols,Lithic Ustorthents,Clayey,Shallow,Well drained,Slightly alkaline,Alluvium,9
Maharashtra,Pune,2018-2019,Groundnut,Summer,2850.0,5120.0,1.8,Hectare,Tonnes,Tonne/Hectare,Black (Regur),88.9,Mountain / Forest,Entisols,Lithic Ustorthents,Clayey,Shallow,Well drained,Slightly alkaline,Alluvium,9
Maharashtra,Pune,2018-2019,Jowar,Kharif,1648.0,1158.0,0.7,Hectare,Tonnes,Tonne/Hectare,Black (Regur),88.9,Mountain / Forest,Entisols,Lithic Ustorthents,Clayey,Shallow,Well drained,Slightly alkaline,Alluvium,9
Maharashtra,Pune,2018-2019,Jowar,Rabi,196860.0,59900.0,0.3,Hectare,Tonnes,Tonne/Hectare,Black (Regur),88.9,Mountain / Forest,Entisols,Lithic Ustorthents,Clayey,Shallow,Well drained,Slightly alkaline,Alluvium,9
Maharashtra,Pune,2018-2019,Maize,Kharif,17057.0,46000.0,2.7,Hectare,Tonnes,Tonne/Hectare,Black (Regur),88.9,Mountain / Forest,Entisols,Lithic Ustorthents,Clayey,Shallow,Well drained,Slightly alkaline,Alluvium,9
Maharashtra,Pune,2018-2019,Maize,Rabi,16400.0,42100.0,2.57,Hectare,Tonnes,Tonne/Hectare,Black (Regur),88.9,Mountain / Forest,Entisols,Lithic Ustorthents,Clayey,Shallow,Well drained,Slightly alkaline,Alluvium,9
Maharashtra,Pune,2018-2019,Maize,Summer,1110.0,1220.0,1.1,Hectare,Tonnes,Tonne/Hectare,Black (Regur),88.9,Mountain / Forest,Entisols,Lithic Ustorthents,Clayey,Shallow,Well drained,Slightly alkaline,Alluvium,9
Maharashtra,Pune,2018-2019,Moong(Green Gram),Kharif,11278.0,2675.0,0.24,Hectare,Tonnes,Tonne/Hectare,Black (Regur),88.9,Mountain / Forest,Entisols,Lithic Ustorthents,Clayey,Shallow,Well drained,Slightly alkaline,Alluvium,9
Maharashtra,Pune,2018-2019,Niger seed,Kharif,1729.0,318.0,0.18,Hectare,Tonnes,Tonne/Hectare,Black (Regur),88.9,Mountain / Forest,Entisols,Lithic Ustorthents,Clayey,Shallow,Well drained,Slightly alkaline,Alluvium,9
Maharashtra,Pune,2018-2019,Other Cereals,Kharif,597.0,358.0,0.6,Hectare,Tonnes,Tonne/Hectare,Black (Regur),88.9,Mountain / Forest,Entisols,Lithic Ustorthents,Clayey,Shallow,Well drained,Slightly alkaline,Alluvium,9
Maharashtra,Pune,2018-2019,Other Cereals,Rabi,260.0,70.0,0.27,Hectare,Tonnes,Tonne/Hectare,Black (Regur),88.9,Mountain / Forest,Entisols,Lithic Ustorthents,Clayey,Shallow,Well drained,Slightly alkaline,Alluvium,9
Maharashtra,Pune,2018-2019,Other Cereals,Summer,3700.0,3050.0,0.82,Hectare,Tonnes,Tonne/Hectare,Black (Regur),88.9,Mountain / Forest,Entisols,Lithic Ustorthents,Clayey,Shallow,Well drained,Slightly alkaline,Alluvium,9
Maharashtra,Pune,2018-2019,Other Kharif pulses,Kharif,8768.0,6839.0,0.78,Hectare,Tonnes,Tonne/Hectare,Black (Regur),88.9,Mountain / Forest,Entisols,Lithic Ustorthents,Clayey,Shallow,Well drained,Slightly alkaline,Alluvium,9
Maharashtra,Pune,2018-2019,Other Rabi pulses,Rabi,1370.0,500.0,0.36,Hectare,Tonnes,Tonne/Hectare,Black (Regur),88.9,Mountain / Forest,Entisols,Lithic Ustorthents,Clayey,Shallow,Well drained,Slightly alkaline,Alluvium,9
Maharashtra,Pune,2018-2019,Ragi,Kharif,2479.0,1767.0,0.71,Hectare,Tonnes,Tonne/Hectare,Black (Regur),88.9,Mountain / Forest,Entisols,Lithic Ustorthents,Clayey,Shallow,Well drained,Slightly alkaline,Alluvium,9
Maharashtra,Pune,2018-2019,Rapeseed &Mustard,Rabi,10.0,1.0,0.1,Hectare,Tonnes,Tonne/Hectare,Black (Regur),88.9,Mountain / Forest,Entisols,Lithic Ustorthents,Clayey,Shallow,Well drained,Slightly alkaline,Alluvium,9
Maharashtra,Pune,2018-2019,Rice,Kharif,57969.0,106233.0,1.83,Hectare,Tonnes,Tonne/Hectare,Black (Regur),88.9,Mountain / Forest,Entisols,Lithic Ustorthents,Clayey,Shallow,Well drained,Slightly alkaline,Alluvium,9
Maharashtra,Pune,2018-2019,Sesamum,Kharif,646.0,81.0,0.13,Hectare,Tonnes,Tonne/Hectare,Black (Regur),88.9,Mountain / Forest,Entisols,Lithic Ustorthents,Clayey,Shallow,Well drained,Slightly alkaline,Alluvium,9
Maharashtra,Pune,2018-2019,Sesamum,Rabi,45.0,5.0,0.11,Hectare,Tonnes,Tonne/Hectare,Black (Regur),88.9,Mountain / Forest,Entisols,Lithic Ustorthents,Clayey,Shallow,Well drained,Slightly alkaline,Alluvium,9
Maharashtra,Pune,2018-2019,Soyabean,Kharif,20329.0,32523.0,1.6,Hectare,Tonnes,Tonne/Hectare,Black (Regur),88.9,Mountain / Forest,Entisols,Lithic Ustorthents,Clayey,Shallow,Well drained,Slightly alkaline,Alluvium,9
Maharashtra,Pune,2018-2019,Sugarcane,Whole Year,141730.0,13233330.0,93.37,Hectare,Tonnes,Tonne/Hectare,Black (Regur),88.9,Mountain / Forest,Entisols,Lithic Ustorthents,Clayey,Shallow,Well drained,Slightly alkaline,Alluvium,9
Maharashtra,Pune,2018-2019,Urad,Kharif,1046.0,692.0,0.66,Hectare,Tonnes,Tonne/Hectare,Black (Regur),88.9,Mountain / Forest,Entisols,Lithic Ustorthents,Clayey,Shallow,Well drained,Slightly alkaline,Alluvium,9
Maharashtra,Pune,2018-2019,Wheat,Rabi,55330.0,110800.0,2.0,Hectare,Tonnes,Tonne/Hectare,Black (Regur),88.9,Mountain / Forest,Entisols,Lithic Ustorthents,Clayey,Shallow,Well drained,Slightly alkaline,Alluvium,9
Maharashtra,Raigad,2018-2019,Arhar/Tur,Kharif,193.0,31.0,0.16,Hectare,Tonnes,Tonne/Hectare,Mountain / Forest,77.8,Red & Yellow,Inceptisols,Typic Haplustepts,Loamy,Shallow,Well drained,Slightly acidic,Basalt,9
Maharashtra,Raigad,2018-2019,Groundnut,Summer,240.0,970.0,4.04,Hectare,Tonnes,Tonne/Hectare,Mountain / Forest,77.8,Red & Yellow,Inceptisols,Typic Haplustepts,Loamy,Shallow,Well drained,Slightly acidic,Basalt,9
Maharashtra,Raigad,2018-2019,Moong(Green Gram),Kharif,20.0,4.0,0.2,Hectare,Tonnes,Tonne/Hectare,Mountain / Forest,77.8,Red & Yellow,Inceptisols,Typic Haplustepts,Loamy,Shallow,Well drained,Slightly acidic,Basalt,9
Maharashtra,Raigad,2018-2019,Other Cereals,Kharif,1842.0,871.0,0.47,Hectare,Tonnes,Tonne/Hectare,Mountain / Forest,77.8,Red & Yellow,Inceptisols,Typic Haplustepts,Loamy,Shallow,Well drained,Slightly acidic,Basalt,9
Maharashtra,Raigad,2018-2019,Other Rabi pulses,Rabi,12070.0,3800.0,0.31,Hectare,Tonnes,Tonne/Hectare,Mountain / Forest,77.8,Red & Yellow,Inceptisols,Typic Haplustepts,Loamy,Shallow,Well drained,Slightly acidic,Basalt,9
Maharashtra,Raigad,2018-2019,Ragi,Kharif,4714.0,4360.0,0.92,Hectare,Tonnes,Tonne/Hectare,Mountain / Forest,77.8,Red & Yellow,Inceptisols,Typic Haplustepts,Loamy,Shallow,Well drained,Slightly acidic,Basalt,9
Maharashtra,Raigad,2018-2019,Rice,Kharif,111159.0,314775.0,2.83,Hectare,Tonnes,Tonne/Hectare,Mountain / Forest,77.8,Red & Yellow,Inceptisols,Typic Haplustepts,Loamy,Shallow,Well drained,Slightly acidic,Basalt,9
Maharashtra,Raigad,2018-2019,Rice,Summer,2920.0,9280.0,3.18,Hectare,Tonnes,Tonne/Hectare,Mountain / Forest,77.8,Red & Yellow,Inceptisols,Typic Haplustepts,Loamy,Shallow,Well drained,Slightly acidic,Basalt,9
Maharashtra,Ratnagiri,2018-2019,Castor seed,Kharif,12.0,4.0,0.33,Hectare,Tonnes,Tonne/Hectare,Red & Yellow,66.7,Black (Regur),Inceptisols,Typic Haplustepts,Clayey,Moderately deep,Well drained,Others,Colluvium,9
Maharashtra,Ratnagiri,2018-2019,Groundnut,Summer,60.0,180.0,3.0,Hectare,Tonnes,Tonne/Hectare,Red & Yellow,66.7,Black (Regur),Inceptisols,Typic Haplustepts,Clayey,Moderately deep,Well drained,Others,Colluvium,9
Maharashtra,Ratnagiri,2018-2019,Other Cereals,Kharif,443.0,247.0,0.56,Hectare,Tonnes,Tonne/Hectare,Red & Yellow,66.7,Black (Regur),Inceptisols,Typic Haplustepts,Clayey,Moderately deep,Well drained,Others,Colluvium,9
Maharashtra,Ratnagiri,2018-2019,Other Cereals,Rabi,20.0,20.0,1.0,Hectare,Tonnes,Tonne/Hectare,Red & Yellow,66.7,Black (Regur),Inceptisols,Typic Haplustepts,Clayey,Moderately deep,Well drained,Others,Colluvium,9
Maharashtra,Ratnagiri,2018-2019,Other Kharif pulses,Kharif,12.0,7.0,0.58,Hectare,Tonnes,Tonne/Hectare,Red & Yellow,66.7,Black (Regur),Inceptisols,Typic Haplustepts,Clayey,Moderately deep,Well drained,Others,Colluvium,9
Maharashtra,Ratnagiri,2018-2019,Other Rabi pulses,Rabi,5040.0,3500.0,0.69,Hectare,Tonnes,Tonne/Hectare,Red & Yellow,66.7,Black (Regur),Inceptisols,Typic Haplustepts,Clayey,Moderately deep,Well drained,Others,Colluvium,9
Maharashtra,Ratnagiri,2018-2019,Ragi,Kharif,14676.0,21351.0,1.45,Hectare,Tonnes,Tonne/Hectare,Red & Yellow,66.7,Black (Regur),Inceptisols,Typic Haplustepts,Clayey,Moderately deep,Well drained,Others,Colluvium,9
Maharashtra,Ratnagiri,2018-2019,Rapeseed &Mustard,Rabi,70.0,41.0,0.59,Hectare,Tonnes,Tonne/Hectare,Red & Yellow,66.7,Black (Regur),Inceptisols,Typic Haplustepts,Clayey,Moderately deep,Well drained,Others,Colluvium,9
Maharashtra,Ratnagiri,2018-2019,Rice,Kharif,76106.0,240930.0,3.17,Hectare,Tonnes,Tonne/Hectare,Red & Yellow,66.7,Black (Regur),Inceptisols,Typic Haplustepts,Clayey,Moderately deep,Well drained,Others,Colluvium,9
Maharashtra,Ratnagiri,2018-2019,Rice,Summer,10.0,30.0,3.0,Hectare,Tonnes,Tonne/Hectare,Red & Yellow,66.7,Black (Regur),Inceptisols,Typic Haplustepts,Clayey,Moderately deep,Well drained,Others,Colluvium,9
Maharashtra,Ratnagiri,2018-2019,Sesamum,Kharif,49.0,21.0,0.43,Hectare,Tonnes,Tonne/Hectare,Red & Yellow,66.7,Black (Regur),Inceptisols,Typic Haplustepts,Clayey,Moderately deep,Well drained,Others,Colluvium,9
Maharashtra,Sangli,2018-2019,Arhar/Tur,Kharif,7749.0,1174.0,0.15,Hectare,Tonnes,Tonne/Hectare,Black (Regur),55.6,Red & Yellow,Entisols,Lithic Ustorthents,Clayey,Shallow,Well drained,Neutral,Basalt,9
Maharashtra,Sangli,2018-2019,Bajra,Kharif,33724.0,7946.0,0.24,Hectare,Tonnes,Tonne/Hectare,Black (Regur),55.6,Red & Yellow,Entisols,Lithic Ustorthents,Clayey,Shallow,Well drained,Neutral,Basalt,9
Maharashtra,Sangli,2018-2019,Castor seed,Kharif,43.0,7.0,0.16,Hectare,Tonnes,Tonne/Hectare,Black (Regur),55.6,Red & Yellow,Entisols,Lithic Ustorthents,Clayey,Shallow,Well drained,Neutral,Basalt,9
Maharashtra,Sangli,2018-2019,Cotton(lint),Kharif,178.0,251.0,1.41,Hectare,Bales,Bales/Hectare,Black (Regur),55.6,Red & Yellow,Entisols,Lithic Ustorthents,Clayey,Shallow,Well drained,Neutral,Basalt,9
Maharashtra,Sangli,2018-2019,Gram,Rabi,17310.0,11900.0,0.69,Hectare,Tonnes,Tonne/Hectare,Black (Regur),55.6,Red & Yellow,Entisols,Lithic Ustorthents,Clayey,Shallow,Well drained,Neutral,Basalt,9
Maharashtra,Sangli,2018-2019,Groundnut,Kharif,27467.0,28736.0,1.05,Hectare,Tonnes,Tonne/Hectare,Black (Regur),55.6,Red & Yellow,Entisols,Lithic Ustorthents,Clayey,Shallow,Well drained,Neutral,Basalt,9
Maharashtra,Sangli,2018-2019,Groundnut,Summer,170.0,280.0,1.65,Hectare,Tonnes,Tonne/Hectare,Black (Regur),55.6,Red & Yellow,Entisols,Lithic Ustorthents,Clayey,Shallow,Well drained,Neutral,Basalt,9
Maharashtra,Sangli,2018-2019,Jowar,Kharif,42688.0,34078.0,0.8,Hectare,Tonnes,Tonne/Hectare,Black (Regur),55.6,Red & Yellow,Entisols,Lithic Ustorthents,Clayey,Shallow,Well drained,Neutral,Basalt,9
Maharashtra,Sangli,2018-2019,Jowar,Rabi,108890.0,44400.0,0.41,Hectare,Tonnes,Tonne/Hectare,Black (Regur),55.6,Red & Yellow,Entisols,Lithic Ustorthents,Clayey,Shallow,Well drained,Neutral,Basalt,9
Maharashtra,Sangli,2018-2019,Maize,Kharif,36729.0,66655.0,1.81,Hectare,Tonnes,Tonne/Hectare,Black (Regur),55.6,Red & Yellow,Entisols,Lithic Ustorthents,Clayey,Shallow,Well drained,Neutral,Basalt,9
Maharashtra,Sangli,2018-2019,Maize,Rabi,14340.0,34200.0,2.38,Hectare,Tonnes,Tonne/Hectare,Black (Regur),55.6,Red & Yellow,Entisols,Lithic Ustorthents,Clayey,Shallow,Well drained,Neutral,Basalt,9
Maharashtra,Sangli,2018-2019,Maize,Summer,1220.0,1900.0,1.56,Hectare,Tonnes,Tonne/Hectare,Black (Regur),55.6,Red & Yellow,Entisols,Lithic Ustorthents,Clayey,Shallow,Well drained,Neutral,Basalt,9
Maharashtra,Sangli,2018-2019,Moong(Green Gram),Kharif,6648.0,1601.0,0.24,Hectare,Tonnes,Tonne/Hectare,Black (Regur),55.6,Red & Yellow,Entisols,Lithic Ustorthents,Clayey,Shallow,Well drained,Neutral,Basalt,9
Maharashtra,Sangli,2018-2019,Other Cereals,Kharif,1043.0,99.0,0.09,Hectare,Tonnes,Tonne/Hectare,Black (Regur),55.6,Red & Yellow,Entisols,Lithic Ustorthents,Clayey,Shallow,Well drained,Neutral,Basalt,9
Maharashtra,Sangli,2018-2019,Other Cereals,Rabi,10.0,2.0,0.2,Hectare,Tonnes,Tonne/Hectare,Black (Regur),55.6,Red & Yellow,Entisols,Lithic Ustorthents,Clayey,Shallow,Well drained,Neutral,Basalt,9
Maharashtra,Sangli,2018-2019,Other Kharif pulses,Kharif,5688.0,1194.0,0.21,Hectare,Tonnes,Tonne/Hectare,Black (Regur),55.6,Red & Yellow,Entisols,Lithic Ustorthents,Clayey,Shallow,Well drained,Neutral,Basalt,9
Maharashtra,Sangli,2018-2019,Other Rabi pulses,Rabi,20.0,10.0,0.5,Hectare,Tonnes,Tonne/Hectare,Black (Regur),55.6,Red & Yellow,Entisols,Lithic Ustorthents,Clayey,Shallow,Well drained,Neutral,Basalt,9
Maharashtra,Sangli,2018-2019,Rice,Kharif,15423.0,40619.0,2.63,Hectare,Tonnes,Tonne/Hectare,Black (Regur),55.6,Red & Yellow,Entisols,Lithic Ustorthents,Clayey,Shallow,Well drained,Neutral,Basalt,9
Maharashtra,Sangli,2018-2019,Safflower,Rabi,394.0,100.0,0.25,Hectare,Tonnes,Tonne/Hectare,Black (Regur),55.6,Red & Yellow,Entisols,Lithic Ustorthents,Clayey,Shallow,Well drained,Neutral,Basalt,9
Maharashtra,Sangli,2018-2019,Sesamum,Rabi,4.0,,0.0,Hectare,Tonnes,Tonne/Hectare,Black (Regur),55.6,Red & Yellow,Entisols,Lithic Ustorthents,Clayey,Shallow,Well drained,Neutral,Basalt,9
Maharashtra,Sangli,2018-2019,Soyabean,Kharif,42534.0,92010.0,2.16,Hectare,Tonnes,Tonne/Hectare,Black (Regur),55.6,Red & Yellow,Entisols,Lithic Ustorthents,Clayey,Shallow,Well drained,Neutral,Basalt,9
Maharashtra,Sangli,2018-2019,Sugarcane,Whole Year,89918.0,9178829.0,102.08,Hectare,Tonnes,Tonne/Hectare,Black (Regur),55.6,Red & Yellow,Entisols,Lithic Ustorthents,Clayey,Shallow,Well drained,Neutral,Basalt,9
Maharashtra,Sangli,2018-2019,Sunflower,Kharif,82.0,,0.0,Hectare,Tonnes,Tonne/Hectare,Black (Regur),55.6,Red & Yellow,Entisols,Lithic Ustorthents,Clayey,Shallow,Well drained,Neutral,Basalt,9
Maharashtra,Sangli,2018-2019,Urad,Kharif,16149.0,3442.0,0.21,Hectare,Tonnes,Tonne/Hectare,Black (Regur),55.6,Red & Yellow,Entisols,Lithic Ustorthents,Clayey,Shallow,Well drained,Neutral,Basalt,9
Maharashtra,Sangli,2018-2019,Wheat,Rabi,13550.0,30900.0,2.28,Hectare,Tonnes,Tonne/Hectare,Black (Regur),55.6,Red & Yellow,Entisols,Lithic Ustorthents,Clayey,Shallow,Well drained,Neutral,Basalt,9
Maharashtra,Sangli,2018-2019,other oilseeds,Summer,1.0,,0.0,Hectare,Tonnes,Tonne/Hectare,Black (Regur),55.6,Red & Yellow,Entisols,Lithic Ustorthents,Clayey,Shallow,Well drained,Neutral,Basalt,9
Maharashtra,Satara,2018-2019,Arhar/Tur,Kharif,1635.0,1165.0,0.71,Hectare,Tonnes,Tonne/Hectare,Red & Yellow,77.8,Alluvial,Entisols,Lithic Ustorthents,Loamy,Shallow,Well drained,Others,,9
Maharashtra,Satara,2018-2019,Bajra,Kharif,51475.0,26881.0,0.52,Hectare,Tonnes,Tonne/Hectare,Red & Yellow,77.8,Alluvial,Entisols,Lithic Ustorthents,Loamy,Shallow,Well drained,Others,,9
Maharashtra,Satara,2018-2019,Castor seed,Kharif,102.0,20.0,0.2,Hectare,Tonnes,Tonne/Hectare,Red & Yellow,77.8,Alluvial,Entisols,Lithic Ustorthents,Loamy,Shallow,Well drained,Others,,9
Maharashtra,Satara,2018-2019,Cotton(lint),Kharif,21.0,37.0,1.76,Hectare,Bales,Bales/Hectare,Red & Yellow,77.8,Alluvial,Entisols,Lithic Ustorthents,Loamy,Shallow,Well drained,Others,,9
Maharashtra,Satara,2018-2019,Gram,Rabi,27520.0,24900.0,0.9,Hectare,Tonnes,Tonne/Hectare,Red & Yellow,77.8,Alluvial,Entisols,Lithic Ustorthents,Loamy,Shallow,Well drained,Others,,9
Maharashtra,Satara,2018-2019,Groundnut,Kharif,39158.0,42177.0,1.08,Hectare,Tonnes,Tonne/Hectare,Red & Yellow,77.8,Alluvial,Entisols,Lithic Ustorthents,Loamy,Shallow,Well drained,Others,,9
Maharashtra,Satara,2018-2019,Groundnut,Summer,1960.0,3760.0,1.92,Hectare,Tonnes,Tonne/Hectare,Red & Yellow,77.8,Alluvial,Entisols,Lithic Ustorthents,Loamy,Shallow,Well drained,Others,,9
Maharashtra,Satara,2018-2019,Jowar,Kharif,24312.0,27154.0,1.12,Hectare,Tonnes,Tonne/Hectare,Red & Yellow,77.8,Alluvial,Entisols,Lithic Ustorthents,Loamy,Shallow,Well drained,Others,,9
Maharashtra,Satara,2018-2019,Jowar,Rabi,125460.0,97200.0,0.77,Hectare,Tonnes,Tonne/Hectare,Red & Yellow,77.8,Alluvial,Entisols,Lithic Ustorthents,Loamy,Shallow,Well drained,Others,,9
Maharashtra,Satara,2018-2019,Maize,Kharif,18798.0,41074.0,2.19,Hectare,Tonnes,Tonne/Hectare,Red & Yellow,77.8,Alluvial,Entisols,Lithic Ustorthents,Loamy,Shallow,Well drained,Others,,9
Maharashtra,Satara,2018-2019,Maize,Rabi,10840.0,29300.0,2.7,Hectare,Tonnes,Tonne/Hectare,Red & Yellow,77.8,Alluvial,Entisols,Lithic Ustorthents,Loamy,Shallow,Well drained,Others,,9
Maharashtra,Satara,2018-2019,Maize,Summer,1680.0,2350.0,1.4,Hectare,Tonnes,Tonne/Hectare,Red & Yellow,77.8,Alluvial,Entisols,Lithic Ustorthents,Loamy,Shallow,Well drained,Others,,9
Maharashtra,Satara,2018-2019,Moong(Green Gram),Kharif,11452.0,6760.0,0.59,Hectare,Tonnes,Tonne/Hectare,Red & Yellow,77.8,Alluvial,Entisols,Lithic Ustorthents,Loamy,Shallow,Well drained,Others,,9
Maharashtra,Satara,2018-2019,Niger seed,Kharif,1531.0,276.0,0.18,Hectare,Tonnes,Tonne/Hectare,Red & Yellow,77.8,Alluvial,Entisols,Lithic Ustorthents,Loamy,Shallow,Well drained,Others,,9
Maharashtra,Satara,2018-2019,Other Cereals,Kharif,540.0,243.0,0.45,Hectare,Tonnes,Tonne/Hectare,Red & Yellow,77.8,Alluvial,Entisols,Lithic Ustorthents,Loamy,Shallow,Well drained,Others,,9
Maharashtra,Satara,2018-2019,Other Cereals,Rabi,100.0,30.0,0.3,Hectare,Tonnes,Tonne/Hectare,Red & Yellow,77.8,Alluvial,Entisols,Lithic Ustorthents,Loamy,Shallow,Well drained,Others,,9
Maharashtra,Satara,2018-2019,Other Kharif pulses,Kharif,37342.0,22891.0,0.61,Hectare,Tonnes,Tonne/Hectare,Red & Yellow,77.8,Alluvial,Entisols,Lithic Ustorthents,Loamy,Shallow,Well drained,Others,,9
Maharashtra,Satara,2018-2019,Other Rabi pulses,Rabi,740.0,400.0,0.54,Hectare,Tonnes,Tonne/Hectare,Red & Yellow,77.8,Alluvial,Entisols,Lithic Ustorthents,Loamy,Shallow,Well drained,Others,,9
Maharashtra,Satara,2018-2019,Ragi,Kharif,5361.0,5682.0,1.06,Hectare,Tonnes,Tonne/Hectare,Red & Yellow,77.8,Alluvial,Entisols,Lithic Ustorthents,Loamy,Shallow,Well drained,Others,,9
Maharashtra,Satara,2018-2019,Rapeseed &Mustard,Rabi,30.0,10.0,0.33,Hectare,Tonnes,Tonne/Hectare,Red & Yellow,77.8,Alluvial,Entisols,Lithic Ustorthents,Loamy,Shallow,Well drained,Others,,9
Maharashtra,Satara,2018-2019,Rice,Kharif,47026.0,109002.0,2.32,Hectare,Tonnes,Tonne/Hectare,Red & Yellow,77.8,Alluvial,Entisols,Lithic Ustorthents,Loamy,Shallow,Well drained,Others,,9
Maharashtra,Satara,2018-2019,Safflower,Rabi,90.0,17.0,0.19,Hectare,Tonnes,Tonne/Hectare,Red & Yellow,77.8,Alluvial,Entisols,Lithic Ustorthents,Loamy,Shallow,Well drained,Others,,9
Maharashtra,Satara,2018-2019,Sesamum,Kharif,15.0,2.0,0.13,Hectare,Tonnes,Tonne/Hectare,Red & Yellow,77.8,Alluvial,Entisols,Lithic Ustorthents,Loamy,Shallow,Well drained,Others,,9
Maharashtra,Satara,2018-2019,Soyabean,Kharif,65692.0,112215.0,1.71,Hectare,Tonnes,Tonne/Hectare,Red & Yellow,77.8,Alluvial,Entisols,Lithic Ustorthents,Loamy,Shallow,Well drained,Others,,9
Maharashtra,Satara,2018-2019,Sugarcane,Whole Year,82485.0,8038163.0,97.45,Hectare,Tonnes,Tonne/Hectare,Red & Yellow,77.8,Alluvial,Entisols,Lithic Ustorthents,Loamy,Shallow,Well drained,Others,,9
Maharashtra,Satara,2018-2019,Sunflower,Kharif,40.0,10.0,0.25,Hectare,Tonnes,Tonne/Hectare,Red & Yellow,77.8,Alluvial,Entisols,Lithic Ustorthents,Loamy,Shallow,Well drained,Others,,9
Maharashtra,Satara,2018-2019,Urad,Kharif,3250.0,1816.0,0.56,Hectare,Tonnes,Tonne/Hectare,Red & Yellow,77.8,Alluvial,Entisols,Lithic Ustorthents,Loamy,Shallow,Well drained,Others,,9
Maharashtra,Satara,2018-2019,Wheat,Rabi,34140.0,70500.0,2.07,Hectare,Tonnes,Tonne/Hectare,Red & Yellow,77.8,Alluvial,Entisols,Lithic Ustorthents,Loamy,Shallow,Well drained,Others,,9
Maharashtra,Sindhudurg,2018-2019,Groundnut,Kharif,577.0,402.0,0.7,Hectare,Tonnes,Tonne/Hectare,Red & Yellow,88.9,Mountain / Forest,Inceptisols,Typic Haplustepts,Loamy,Moderately deep,Well drained,Slightly acidic,Colluvium,9
Maharashtra,Sindhudurg,2018-2019,Groundnut,Summer,860.0,3290.0,3.83,Hectare,Tonnes,Tonne/Hectare,Red & Yellow,88.9,Mountain / Forest,Inceptisols,Typic Haplustepts,Loamy,Moderately deep,Well drained,Slightly acidic,Colluvium,9
Maharashtra,Sindhudurg,2018-2019,Other Cereals,Kharif,55.0,31.0,0.56,Hectare,Tonnes,Tonne/Hectare,Red & Yellow,88.9,Mountain / Forest,Inceptisols,Typic Haplustepts,Loamy,Moderately deep,Well drained,Slightly acidic,Colluvium,9
Maharashtra,Sindhudurg,2018-2019,Other Cereals,Rabi,170.0,100.0,0.59,Hectare,Tonnes,Tonne/Hectare,Red & Yellow,88.9,Mountain / Forest,Inceptisols,Typic Haplustepts,Loamy,Moderately deep,Well drained,Slightly acidic,Colluvium,9
Maharashtra,Sindhudurg,2018-2019,Other Kharif pulses,Kharif,239.0,120.0,0.5,Hectare,Tonnes,Tonne/Hectare,Red & Yellow,88.9,Mountain / Forest,Inceptisols,Typic Haplustepts,Loamy,Moderately deep,Well drained,Slightly acidic,Colluvium,9
Maharashtra,Sindhudurg,2018-2019,Other Rabi pulses,Rabi,4410.0,2700.0,0.61,Hectare,Tonnes,Tonne/Hectare,Red & Yellow,88.9,Mountain / Forest,Inceptisols,Typic Haplustepts,Loamy,Moderately deep,Well drained,Slightly acidic,Colluvium,9
Maharashtra,Sindhudurg,2018-2019,Ragi,Kharif,1832.0,2884.0,1.57,Hectare,Tonnes,Tonne/Hectare,Red & Yellow,88.9,Mountain / Forest,Inceptisols,Typic Haplustepts,Loamy,Moderately deep,Well drained,Slightly acidic,Colluvium,9
Maharashtra,Sindhudurg,2018-2019,Rapeseed &Mustard,Rabi,50.0,32.0,0.64,Hectare,Tonnes,Tonne/Hectare,Red & Yellow,88.9,Mountain / Forest,Inceptisols,Typic Haplustepts,Loamy,Moderately deep,Well drained,Slightly acidic,Colluvium,9
Maharashtra,Sindhudurg,2018-2019,Rice,Kharif,62500.0,183733.0,2.94,Hectare,Tonnes,Tonne/Hectare,Red & Yellow,88.9,Mountain / Forest,Inceptisols,Typic Haplustepts,Loamy,Moderately deep,Well drained,Slightly acidic,Colluvium,9
Maharashtra,Sindhudurg,2018-2019,Rice,Summer,1550.0,4660.0,3.01,Hectare,Tonnes,Tonne/Hectare,Red & Yellow,88.9,Mountain / Forest,Inceptisols,Typic Haplustepts,Loamy,Moderately deep,Well drained,Slightly acidic,Colluvium,9
Maharashtra,Sindhudurg,2018-2019,Urad,Kharif,54.0,15.0,0.28,Hectare,Tonnes,Tonne/Hectare,Red & Yellow,88.9,Mountain / Forest,Inceptisols,Typic Haplustepts,Loamy,Moderately deep,Well drained,Slightly acidic,Colluvium,9
Maharashtra,Solapur,2018-2019,Arhar/Tur,Kharif,35316.0,4052.0,0.11,Hectare,Tonnes,Tonne/Hectare,Black (Regur),55.6,Mountain / Forest,Vertisols,Chromic Haplusterts,Clayey,Very deep,Moderately well drained,Slightly alkaline,Alluvium,9
Maharashtra,Solapur,2018-2019,Bajra,Kharif,23793.0,3203.0,0.13,Hectare,Tonnes,Tonne/Hectare,Black (Regur),55.6,Mountain / Forest,Vertisols,Chromic Haplusterts,Clayey,Very deep,Moderately well drained,Slightly alkaline,Alluvium,9
Maharashtra,Solapur,2018-2019,Castor seed,Kharif,3249.0,975.0,0.3,Hectare,Tonnes,Tonne/Hectare,Black (Regur),55.6,Mountain / Forest,Vertisols,Chromic Haplusterts,Clayey,Very deep,Moderately well drained,Slightly alkaline,Alluvium,9
Maharashtra,Solapur,2018-2019,Cotton(lint),Kharif,163.0,88.0,0.54,Hectare,Bales,Bales/Hectare,Black (Regur),55.6,Mountain / Forest,Vertisols,Chromic Haplusterts,Clayey,Very deep,Moderately well drained,Slightly alkaline,Alluvium,9
Maharashtra,Solapur,2018-2019,Gram,Rabi,50690.0,28100.0,0.55,Hectare,Tonnes,Tonne/Hectare,Black (Regur),55.6,Mountain / Forest,Vertisols,Chromic Haplusterts,Clayey,Very deep,Moderately well drained,Slightly alkaline,Alluvium,9
Maharashtra,Solapur,2018-2019,Groundnut,Kharif,2890.0,1280.0,0.44,Hectare,Tonnes,Tonne/Hectare,Black (Regur),55.6,Mountain / Forest,Vertisols,Chromic Haplusterts,Clayey,Very deep,Moderately well drained,Slightly alkaline,Alluvium,9
Maharashtra,Solapur,2018-2019,Groundnut,Summer,660.0,750.0,1.14,Hectare,Tonnes,Tonne/Hectare,Black (Regur),55.6,Mountain / Forest,Vertisols,Chromic Haplusterts,Clayey,Very deep,Moderately well drained,Slightly alkaline,Alluvium,9
Maharashtra,Solapur,2018-2019,Jowar,Kharif,3688.0,1819.0,0.49,Hectare,Tonnes,Tonne/Hectare,Black (Regur),55.6,Mountain / Forest,Vertisols,Chromic Haplusterts,Clayey,Very deep,Moderately well drained,Slightly alkaline,Alluvium,9
Maharashtra,Solapur,2018-2019,Jowar,Rabi,513810.0,182500.0,0.36,Hectare,Tonnes,Tonne/Hectare,Black (Regur),55.6,Mountain / Forest,Vertisols,Chromic Haplusterts,Clayey,Very deep,Moderately well drained,Slightly alkaline,Alluvium,9
Maharashtra,Solapur,2018-2019,Maize,Kharif,21623.0,20185.0,0.93,Hectare,Tonnes,Tonne/Hectare,Black (Regur),55.6,Mountain / Forest,Vertisols,Chromic Haplusterts,Clayey,Very deep,Moderately well drained,Slightly alkaline,Alluvium,9
Maharashtra,Solapur,2018-2019,Maize,Rabi,38290.0,54400.0,1.42,Hectare,Tonnes,Tonne/Hectare,Black (Regur),55.6,Mountain / Forest,Vertisols,Chromic Haplusterts,Clayey,Very deep,Moderately well drained,Slightly alkaline,Alluvium,9
Maharashtra,Solapur,2018-2019,Maize,Summer,1830.0,1520.0,0.83,Hectare,Tonnes,Tonne/Hectare,Black (Regur),55.6,Mountain / Forest,Vertisols,Chromic Haplusterts,Clayey,Very deep,Moderately well drained,Slightly alkaline,Alluvium,9
Maharashtra,Solapur,2018-2019,Moong(Green Gram),Kharif,11614.0,2832.0,0.24,Hectare,Tonnes,Tonne/Hectare,Black (Regur),55.6,Mountain / Forest,Vertisols,Chromic Haplusterts,Clayey,Very deep,Moderately well drained,Slightly alkaline,Alluvium,9
Maharashtra,Solapur,2018-2019,Niger seed,Kharif,102.0,11.0,0.11,Hectare,Tonnes,Tonne/Hectare,Black (Regur),55.6,Mountain / Forest,Vertisols,Chromic Haplusterts,Clayey,Very deep,Moderately well drained,Slightly alkaline,Alluvium,9
Maharashtra,Solapur,2018-2019,Other Cereals,Kharif,508.0,147.0,0.29,Hectare,Tonnes,Tonne/Hectare,Black (Regur),55.6,Mountain / Forest,Vertisols,Chromic Haplusterts,Clayey,Very deep,Moderately well drained,Slightly alkaline,Alluvium,9
Maharashtra,Solapur,2018-2019,Other Cereals,Rabi,30.0,5.0,0.17,Hectare,Tonnes,Tonne/Hectare,Black (Regur),55.6,Mountain / Forest,Vertisols,Chromic Haplusterts,Clayey,Very deep,Moderately well drained,Slightly alkaline,Alluvium,9
Maharashtra,Solapur,2018-2019,Other Cereals,Summer,10.0,10.0,1.0,Hectare,Tonnes,Tonne/Hectare,Black (Regur),55.6,Mountain / Forest,Vertisols,Chromic Haplusterts,Clayey,Very deep,Moderately well drained,Slightly alkaline,Alluvium,9
Maharashtra,Solapur,2018-2019,Other Kharif pulses,Kharif,350.0,71.0,0.2,Hectare,Tonnes,Tonne/Hectare,Black (Regur),55.6,Mountain / Forest,Vertisols,Chromic Haplusterts,Clayey,Very deep,Moderately well drained,Slightly alkaline,Alluvium,9
Maharashtra,Solapur,2018-2019,Rapeseed &Mustard,Rabi,10.0,2.0,0.2,Hectare,Tonnes,Tonne/Hectare,Black (Regur),55.6,Mountain / Forest,Vertisols,Chromic Haplusterts,Clayey,Very deep,Moderately well drained,Slightly alkaline,Alluvium,9
Maharashtra,Solapur,2018-2019,Rice,Kharif,1924.0,173.0,0.09,Hectare,Tonnes,Tonne/Hectare,Black (Regur),55.6,Mountain / Forest,Vertisols,Chromic Haplusterts,Clayey,Very deep,Moderately well drained,Slightly alkaline,Alluvium,9
Maharashtra,Solapur,2018-2019,Safflower,Rabi,1139.0,300.0,0.26,Hectare,Tonnes,Tonne/Hectare,Black (Regur),55.6,Mountain / Forest,Vertisols,Chromic Haplusterts,Clayey,Very deep,Moderately well drained,Slightly alkaline,Alluvium,9
Maharashtra,Solapur,2018-2019,Sesamum,Kharif,45.0,6.0,0.13,Hectare,Tonnes,Tonne/Hectare,Black (Regur),55.6,Mountain / Forest,Vertisols,Chromic Haplusterts,Clayey,Very deep,Moderately well drained,Slightly alkaline,Alluvium,9
Maharashtra,Solapur,2018-2019,Sesamum,Rabi,408.0,50.0,0.12,Hectare,Tonnes,Tonne/Hectare,Black (Regur),55.6,Mountain / Forest,Vertisols,Chromic Haplusterts,Clayey,Very deep,Moderately well drained,Slightly alkaline,Alluvium,9
Maharashtra,Solapur,2018-2019,Soyabean,Kharif,35037.0,11569.0,0.33,Hectare,Tonnes,Tonne/Hectare,Black (Regur),55.6,Mountain / Forest,Vertisols,Chromic Haplusterts,Clayey,Very deep,Moderately well drained,Slightly alkaline,Alluvium,9
Maharashtra,Solapur,2018-2019,Sugarcane,Whole Year,190018.0,14093635.0,74.17,Hectare,Tonnes,Tonne/Hectare,Black (Regur),55.6,Mountain / Forest,Vertisols,Chromic Haplusterts,Clayey,Very deep,Moderately well drained,Slightly alkaline,Alluvium,9
Maharashtra,Solapur,2018-2019,Sunflower,Kharif,13610.0,2300.0,0.17,Hectare,Tonnes,Tonne/Hectare,Black (Regur),55.6,Mountain / Forest,Vertisols,Chromic Haplusterts,Clayey,Very deep,Moderately well drained,Slightly alkaline,Alluvium,9
Maharashtra,Solapur,2018-2019,Urad,Kharif,23717.0,6350.0,0.27,Hectare,Tonnes,Tonne/Hectare,Black (Regur),55.6,Mountain / Forest,Vertisols,Chromic Haplusterts,Clayey,Very deep,Moderately well drained,Slightly alkaline,Alluvium,9
Maharashtra,Solapur,2018-2019,Wheat,Rabi,64300.0,56900.0,0.88,Hectare,Tonnes,Tonne/Hectare,Black (Regur),55.6,Mountain / Forest,Vertisols,Chromic Haplusterts,Clayey,Very deep,Moderately well drained,Slightly alkaline,Alluvium,9
Maharashtra,Thane,2018-2019,Gram,Rabi,1110.0,1000.0,0.9,Hectare,Tonnes,Tonne/Hectare,Mountain / Forest,66.7,Red & Yellow,Inceptisols,Typic Haplustepts,Loamy,Shallow,Well drained,Slightly acidic,Basalt,9
Maharashtra,Thane,2018-2019,Other Cereals,Kharif,833.0,482.0,0.58,Hectare,Tonnes,Tonne/Hectare,Mountain / Forest,66.7,Red & Yellow,Inceptisols,Typic Haplustepts,Loamy,Shallow,Well drained,Slightly acidic,Basalt,9
Maharashtra,Thane,2018-2019,Other Kharif pulses,Kharif,16.0,9.0,0.56,Hectare,Tonnes,Tonne/Hectare,Mountain / Forest,66.7,Red & Yellow,Inceptisols,Typic Haplustepts,Loamy,Shallow,Well drained,Slightly acidic,Basalt,9
Maharashtra,Thane,2018-2019,Other Rabi pulses,Rabi,3000.0,2000.0,0.67,Hectare,Tonnes,Tonne/Hectare,Mountain / Forest,66.7,Red & Yellow,Inceptisols,Typic Haplustepts,Loamy,Shallow,Well drained,Slightly acidic,Basalt,9
Maharashtra,Thane,2018-2019,Ragi,Kharif,2685.0,2379.0,0.89,Hectare,Tonnes,Tonne/Hectare,Mountain / Forest,66.7,Red & Yellow,Inceptisols,Typic Haplustepts,Loamy,Shallow,Well drained,Slightly acidic,Basalt,9
Maharashtra,Thane,2018-2019,Rice,Kharif,54885.0,139368.0,2.54,Hectare,Tonnes,Tonne/Hectare,Mountain / Forest,66.7,Red & Yellow,Inceptisols,Typic Haplustepts,Loamy,Shallow,Well drained,Slightly acidic,Basalt,9
Maharashtra,Thane,2018-2019,Rice,Summer,38.0,110.0,2.89,Hectare,Tonnes,Tonne/Hectare,Mountain / Forest,66.7,Red & Yellow,Inceptisols,Typic Haplustepts,Loamy,Shallow,Well drained,Slightly acidic,Basalt,9
Maharashtra,Thane,2018-2019,Urad,Kharif,212.0,128.0,0.6,Hectare,Tonnes,Tonne/Hectare,Mountain / Forest,66.7,Red & Yellow,Inceptisols,Typic Haplustepts,Loamy,Shallow,Well drained,Slightly acidic,Basalt,9
Maharashtra,Wardha,2018-2019,Arhar/Tur,Kharif,74812.0,83244.0,1.11,Hectare,Tonnes,Tonne/Hectare,Black (Regur),100.0,,Vertisols,Chromic Haplusterts,Clayey,Very deep,Moderately well drained,Neutral,Alluvium,9
Maharashtra,Wardha,2018-2019,Cotton(lint),Kharif,243002.0,655247.0,2.7,Hectare,Bales,Bales/Hectare,Black (Regur),100.0,,Vertisols,Chromic Haplusterts,Clayey,Very deep,Moderately well drained,Neutral,Alluvium,9
Maharashtra,Wardha,2018-2019,Gram,Rabi,32550.0,44200.0,1.36,Hectare,Tonnes,Tonne/Hectare,Black (Regur),100.0,,Vertisols,Chromic Haplusterts,Clayey,Very deep,Moderately well drained,Neutral,Alluvium,9
Maharashtra,Wardha,2018-2019,Groundnut,Kharif,311.0,268.0,0.86,Hectare,Tonnes,Tonne/Hectare,Black (Regur),100.0,,Vertisols,Chromic Haplusterts,Clayey,Very deep,Moderately well drained,Neutral,Alluvium,9
Maharashtra,Wardha,2018-2019,Groundnut,Summer,680.0,1040.0,1.53,Hectare,Tonnes,Tonne/Hectare,Black (Regur),100.0,,Vertisols,Chromic Haplusterts,Clayey,Very deep,Moderately well drained,Neutral,Alluvium,9
Maharashtra,Wardha,2018-2019,Jowar,Kharif,2269.0,553.0,0.24,Hectare,Tonnes,Tonne/Hectare,Black (Regur),100.0,,Vertisols,Chromic Haplusterts,Clayey,Very deep,Moderately well drained,Neutral,Alluvium,9
Maharashtra,Wardha,2018-2019,Jowar,Rabi,5090.0,2600.0,0.51,Hectare,Tonnes,Tonne/Hectare,Black (Regur),100.0,,Vertisols,Chromic Haplusterts,Clayey,Very deep,Moderately well drained,Neutral,Alluvium,9
Maharashtra,Wardha,2018-2019,Maize,Rabi,30.0,,0.0,Hectare,Tonnes,Tonne/Hectare,Black (Regur),100.0,,Vertisols,Chromic Haplusterts,Clayey,Very deep,Moderately well drained,Neutral,Alluvium,9
Maharashtra,Wardha,2018-2019,Maize,Summer,490.0,180.0,0.37,Hectare,Tonnes,Tonne/Hectare,Black (Regur),100.0,,Vertisols,Chromic Haplusterts,Clayey,Very deep,Moderately well drained,Neutral,Alluvium,9
Maharashtra,Wardha,2018-2019,Moong(Green Gram),Kharif,97.0,41.0,0.42,Hectare,Tonnes,Tonne/Hectare,Black (Regur),100.0,,Vertisols,Chromic Haplusterts,Clayey,Very deep,Moderately well drained,Neutral,Alluvium,9
Maharashtra,Wardha,2018-2019,Sesamum,Summer,10.0,2.0,0.2,Hectare,Tonnes,Tonne/Hectare,Black (Regur),100.0,,Vertisols,Chromic Haplusterts,Clayey,Very deep,Moderately well drained,Neutral,Alluvium,9
Maharashtra,Wardha,2018-2019,Soyabean,Kharif,118508.0,155169.0,1.31,Hectare,Tonnes,Tonne/Hectare,Black (Regur),100.0,,Vertisols,Chromic Haplusterts,Clayey,Very deep,Moderately well drained,Neutral,Alluvium,9
Maharashtra,Wardha,2018-2019,Sugarcane,Whole Year,2505.0,169488.0,67.66,Hectare,Tonnes,Tonne/Hectare,Black (Regur),100.0,,Vertisols,Chromic Haplusterts,Clayey,Very deep,Moderately well drained,Neutral,Alluvium,9
Maharashtra,Wardha,2018-2019,Urad,Kharif,23.0,11.0,0.48,Hectare,Tonnes,Tonne/Hectare,Black (Regur),100.0,,Vertisols,Chromic Haplusterts,Clayey,Very deep,Moderately well drained,Neutral,Alluvium,9
Maharashtra,Wardha,2018-2019,Wheat,Rabi,12750.0,21700.0,1.7,Hectare,Tonnes,Tonne/Hectare,Black (Regur),100.0,,Vertisols,Chromic Haplusterts,Clayey,Very deep,Moderately well drained,Neutral,Alluvium,9
Maharashtra,Washim,2018-2019,Arhar/Tur,Kharif,57063.0,34405.0,0.6,Hectare,Tonnes,Tonne/Hectare,Black (Regur),55.6,Saline / Alkaline,Vertisols,Chromic Haplusterts,Clayey,Very deep,Moderately well drained,Neutral,Alluvium,9
Maharashtra,Washim,2018-2019,Bajra,Kharif,325.0,48.0,0.15,Hectare,Tonnes,Tonne/Hectare,Black (Regur),55.6,Saline / Alkaline,Vertisols,Chromic Haplusterts,Clayey,Very deep,Moderately well drained,Neutral,Alluvium,9
Maharashtra,Washim,2018-2019,Castor seed,Kharif,1557.0,467.0,0.3,Hectare,Tonnes,Tonne/Hectare,Black (Regur),55.6,Saline / Alkaline,Vertisols,Chromic Haplusterts,Clayey,Very deep,Moderately well drained,Neutral,Alluvium,9
Maharashtra,Washim,2018-2019,Cotton(lint),Kharif,19679.0,35638.0,1.81,Hectare,Bales,Bales/Hectare,Black (Regur),55.6,Saline / Alkaline,Vertisols,Chromic Haplusterts,Clayey,Very deep,Moderately well drained,Neutral,Alluvium,9
Maharashtra,Washim,2018-2019,Gram,Rabi,64590.0,56400.0,0.87,Hectare,Tonnes,Tonne/Hectare,Black (Regur),55.6,Saline / Alkaline,Vertisols,Chromic Haplusterts,Clayey,Very deep,Moderately well drained,Neutral,Alluvium,9
Maharashtra,Washim,2018-2019,Groundnut,Summer,1750.0,1530.0,0.87,Hectare,Tonnes,Tonne/Hectare,Black (Regur),55.6,Saline / Alkaline,Vertisols,Chromic Haplusterts,Clayey,Very deep,Moderately well drained,Neutral,Alluvium,9
Maharashtra,Washim,2018-2019,Jowar,Kharif,9660.0,4850.0,0.5,Hectare,Tonnes,Tonne/Hectare,Black (Regur),55.6,Saline / Alkaline,Vertisols,Chromic Haplusterts,Clayey,Very deep,Moderately well drained,Neutral,Alluvium,9
Maharashtra,Washim,2018-2019,Jowar,Rabi,370.0,200.0,0.54,Hectare,Tonnes,Tonne/Hectare,Black (Regur),55.6,Saline / Alkaline,Vertisols,Chromic Haplusterts,Clayey,Very deep,Moderately well drained,Neutral,Alluvium,9
Maharashtra,Washim,2018-2019,Maize,Kharif,911.0,1306.0,1.43,Hectare,Tonnes,Tonne/Hectare,Black (Regur),55.6,Saline / Alkaline,Vertisols,Chromic Haplusterts,Clayey,Very deep,Moderately well drained,Neutral,Alluvium,9
Maharashtra,Washim,2018-2019,Moong(Green Gram),Kharif,9288.0,5231.0,0.56,Hectare,Tonnes,Tonne/Hectare,Black (Regur),55.6,Saline / Alkaline,Vertisols,Chromic Haplusterts,Clayey,Very deep,Moderately well drained,Neutral,Alluvium,9
Maharashtra,Washim,2018-2019,Other Cereals,Kharif,777.0,233.0,0.3,Hectare,Tonnes,Tonne/Hectare,Black (Regur),55.6,Saline / Alkaline,Vertisols,Chromic Haplusterts,Clayey,Very deep,Moderately well drained,Neutral,Alluvium,9
Maharashtra,Washim,2018-2019,Other Cereals,Rabi,100.0,,0.0,Hectare,Tonnes,Tonne/Hectare,Black (Regur),55.6,Saline / Alkaline,Vertisols,Chromic Haplusterts,Clayey,Very deep,Moderately well drained,Neutral,Alluvium,9
Maharashtra,Washim,2018-2019,Other Kharif pulses,Kharif,2266.0,906.0,0.4,Hectare,Tonnes,Tonne/Hectare,Black (Regur),55.6,Saline / Alkaline,Vertisols,Chromic Haplusterts,Clayey,Very deep,Moderately well drained,Neutral,Alluvium,9
Maharashtra,Washim,2018-2019,Other Rabi pulses,Rabi,680.0,300.0,0.44,Hectare,Tonnes,Tonne/Hectare,Black (Regur),55.6,Saline / Alkaline,Vertisols,Chromic Haplusterts,Clayey,Very deep,Moderately well drained,Neutral,Alluvium,9
Maharashtra,Washim,2018-2019,Other Summer Pulses,Summer,120.0,30.0,0.25,Hectare,Tonnes,Tonne/Hectare,Black (Regur),55.6,Saline / Alkaline,Vertisols,Chromic Haplusterts,Clayey,Very deep,Moderately well drained,Neutral,Alluvium,9
Maharashtra,Washim,2018-2019,Rapeseed &Mustard,Rabi,770.0,200.0,0.26,Hectare,Tonnes,Tonne/Hectare,Black (Regur),55.6,Saline / Alkaline,Vertisols,Chromic Haplusterts,Clayey,Very deep,Moderately well drained,Neutral,Alluvium,9
Maharashtra,Washim,2018-2019,Safflower,Rabi,195.0,150.0,0.77,Hectare,Tonnes,Tonne/Hectare,Black (Regur),55.6,Saline / Alkaline,Vertisols,Chromic Haplusterts,Clayey,Very deep,Moderately well drained,Neutral,Alluvium,9
Maharashtra,Washim,2018-2019,Sesamum,Kharif,208.0,54.0,0.26,Hectare,Tonnes,Tonne/Hectare,Black (Regur),55.6,Saline / Alkaline,Vertisols,Chromic Haplusterts,Clayey,Very deep,Moderately well drained,Neutral,Alluvium,9
Maharashtra,Washim,2018-2019,Sesamum,Summer,10.0,2.0,0.2,Hectare,Tonnes,Tonne/Hectare,Black (Regur),55.6,Saline / Alkaline,Vertisols,Chromic Haplusterts,Clayey,Very deep,Moderately well drained,Neutral,Alluvium,9
Maharashtra,Washim,2018-2019,Soyabean,Kharif,302685.0,414398.0,1.37,Hectare,Tonnes,Tonne/Hectare,Black (Regur),55.6,Saline / Alkaline,Vertisols,Chromic Haplusterts,Clayey,Very deep,Moderately well drained,Neutral,Alluvium,9
Maharashtra,Washim,2018-2019,Sugarcane,Whole Year,183.0,8784.0,48.0,Hectare,Tonnes,Tonne/Hectare,Black (Regur),55.6,Saline / Alkaline,Vertisols,Chromic Haplusterts,Clayey,Very deep,Moderately well drained,Neutral,Alluvium,9
Maharashtra,Washim,2018-2019,Urad,Kharif,12179.0,7245.0,0.59,Hectare,Tonnes,Tonne/Hectare,Black (Regur),55.6,Saline / Alkaline,Vertisols,Chromic Haplusterts,Clayey,Very deep,Moderately well drained,Neutral,Alluvium,9
Maharashtra,Washim,2018-2019,Wheat,Rabi,13620.0,10500.0,0.77,Hectare,Tonnes,Tonne/Hectare,Black (Regur),55.6,Saline / Alkaline,Vertisols,Chromic Haplusterts,Clayey,Very deep,Moderately well drained,Neutral,Alluvium,9
Maharashtra,Yavatmal,2018-2019,Arhar/Tur,Kharif,130308.0,144939.0,1.11,Hectare,Tonnes,Tonne/Hectare,Black (Regur),77.8,Red & Yellow,Vertisols,Chromic Haplusterts,Clayey,Very deep,Moderately well drained,Neutral,Alluvium,9
Maharashtra,Yavatmal,2018-2019,Bajra,Kharif,78.0,11.0,0.14,Hectare,Tonnes,Tonne/Hectare,Black (Regur),77.8,Red & Yellow,Vertisols,Chromic Haplusterts,Clayey,Very deep,Moderately well drained,Neutral,Alluvium,9
Maharashtra,Yavatmal,2018-2019,Cotton(lint),Kharif,459532.0,844084.0,1.84,Hectare,Bales,Bales/Hectare,Black (Regur),77.8,Red & Yellow,Vertisols,Chromic Haplusterts,Clayey,Very deep,Moderately well drained,Neutral,Alluvium,9
Maharashtra,Yavatmal,2018-2019,Gram,Rabi,99180.0,112000.0,1.13,Hectare,Tonnes,Tonne/Hectare,Black (Regur),77.8,Red & Yellow,Vertisols,Chromic Haplusterts,Clayey,Very deep,Moderately well drained,Neutral,Alluvium,9
Maharashtra,Yavatmal,2018-2019,Groundnut,Summer,6010.0,6050.0,1.01,Hectare,Tonnes,Tonne/Hectare,Black (Regur),77.8,Red & Yellow,Vertisols,Chromic Haplusterts,Clayey,Very deep,Moderately well drained,Neutral,Alluvium,9
Maharashtra,Yavatmal,2018-2019,Jowar,Kharif,14471.0,4845.0,0.33,Hectare,Tonnes,Tonne/Hectare,Black (Regur),77.8,Red & Yellow,Vertisols,Chromic Haplusterts,Clayey,Very deep,Moderately well drained,Neutral,Alluvium,9
Maharashtra,Yavatmal,2018-2019,Jowar,Rabi,1600.0,800.0,0.5,Hectare,Tonnes,Tonne/Hectare,Black (Regur),77.8,Red & Yellow,Vertisols,Chromic Haplusterts,Clayey,Very deep,Moderately well drained,Neutral,Alluvium,9
Maharashtra,Yavatmal,2018-2019,Maize,Kharif,840.0,1204.0,1.43,Hectare,Tonnes,Tonne/Hectare,Black (Regur),77.8,Red & Yellow,Vertisols,Chromic Haplusterts,Clayey,Very deep,Moderately well drained,Neutral,Alluvium,9
Maharashtra,Yavatmal,2018-2019,Maize,Rabi,1080.0,800.0,0.74,Hectare,Tonnes,Tonne/Hectare,Black (Regur),77.8,Red & Yellow,Vertisols,Chromic Haplusterts,Clayey,Very deep,Moderately well drained,Neutral,Alluvium,9
Maharashtra,Yavatmal,2018-2019,Moong(Green Gram),Kharif,8633.0,3299.0,0.38,Hectare,Tonnes,Tonne/Hectare,Black (Regur),77.8,Red & Yellow,Vertisols,Chromic Haplusterts,Clayey,Very deep,Moderately well drained,Neutral,Alluvium,9
Maharashtra,Yavatmal,2018-2019,Other Summer Pulses,Summer,105.0,15.8,0.15,Hectare,Tonnes,Tonne/Hectare,Black (Regur),77.8,Red & Yellow,Vertisols,Chromic Haplusterts,Clayey,Very deep,Moderately well drained,Neutral,Alluvium,9
Maharashtra,Yavatmal,2018-2019,Safflower,Rabi,22.0,20.0,0.91,Hectare,Tonnes,Tonne/Hectare,Black (Regur),77.8,Red & Yellow,Vertisols,Chromic Haplusterts,Clayey,Very deep,Moderately well drained,Neutral,Alluvium,9
Maharashtra,Yavatmal,2018-2019,Sesamum,Kharif,789.0,205.0,0.26,Hectare,Tonnes,Tonne/Hectare,Black (Regur),77.8,Red & Yellow,Vertisols,Chromic Haplusterts,Clayey,Very deep,Moderately well drained,Neutral,Alluvium,9
Maharashtra,Yavatmal,2018-2019,Sesamum,Rabi,38.0,4.0,0.11,Hectare,Tonnes,Tonne/Hectare,Black (Regur),77.8,Red & Yellow,Vertisols,Chromic Haplusterts,Clayey,Very deep,Moderately well drained,Neutral,Alluvium,9
Maharashtra,Yavatmal,2018-2019,Sesamum,Summer,541.0,14.0,0.03,Hectare,Tonnes,Tonne/Hectare,Black (Regur),77.8,Red & Yellow,Vertisols,Chromic Haplusterts,Clayey,Very deep,Moderately well drained,Neutral,Alluvium,9
Maharashtra,Yavatmal,2018-2019,Soyabean,Kharif,277504.0,327206.0,1.18,Hectare,Tonnes,Tonne/Hectare,Black (Regur),77.8,Red & Yellow,Vertisols,Chromic Haplusterts,Clayey,Very deep,Moderately well drained,Neutral,Alluvium,9
Maharashtra,Yavatmal,2018-2019,Sugarcane,Whole Year,3826.0,229560.0,60.0,Hectare,Tonnes,Tonne/Hectare,Black (Regur),77.8,Red & Yellow,Vertisols,Chromic Haplusterts,Clayey,Very deep,Moderately well drained,Neutral,Alluvium,9
Maharashtra,Yavatmal,2018-2019,Urad,Kharif,7228.0,2626.0,0.36,Hectare,Tonnes,Tonne/Hectare,Black (Regur),77.8,Red & Yellow,Vertisols,Chromic Haplusterts,Clayey,Very deep,Moderately well drained,Neutral,Alluvium,9
Maharashtra,Yavatmal,2018-2019,Wheat,Rabi,34613.25,32500.0,0.94,Hectare,Tonnes,Tonne/Hectare,Black (Regur),77.8,Red & Yellow,Vertisols,Chromic Haplusterts,Clayey,Very deep,Moderately well drained,Neutral,Alluvium,9
